000000	XEROX
000001	XEROX
000002	XEROX
000003	XEROX
000004	XEROX
000005	XEROX
000006	XEROX
000007	XEROX
000008	XEROX
000009	XEROX
00000A	Omron Tateisi
00000B	Matrix
00000C	Cisco
00000D	Fibronics
00000E	Fujitsu
00000F	NEXT
000010	SYTEK
000011	Normerel Systemes
000012	Information
000013	CAMEX
000014	Netronix
000015	Datapoint
000016	DU Pont Pixel
000017	Oracle
000018	Webster Computer
000019	Applied Dynamics
00001A	Advanced Micro Devices
00001B	Novell
00001C	BELL
00001D	Cabletron
00001E	Telsist Industria Electronica
00001F	Telco
000020	Dataindustrier Diab
000021	Sureman Comp. & Commun
000022	Visual
000023	ABB Industrial
000024	Connect
000025	Ramtek
000026	Sha-ken
000027	Japan Radio
000028	Prodigy
000029	IMC Networks
00002A	TRW - Sedd/inp
00002B	Crisp Automation
00002C	Autotote
00002D	Chromatics
00002E	Societe Evira
00002F	Timeplex
000030	VG Laboratory
000031	Qpsx Communications
000032	Marconi
000033	Egan Machinery
000034	Network Resources
000035	Spectragraphics
000036	ATARI
000037	Oxford Metrics
000038	CSS Labs
000039	Toshiba
00003A	Chyron
00003B	i Controls
00003C	Auspex
00003D	Unisys
00003E	Simpact
00003F	Syntrex
000040	Applicon
000041	ICE
000042	Metier Management
000043	MICRO
000044	Castelle
000045	Ford Aerospace & Comm
000046	Olivetti North America
000047	Nicolet Instruments
000048	Epson
000049	Apricot Computers
00004A	ADC Codenoll
00004B	ICL Data
00004C	NEC
00004D	DCI
00004E	AMPEX
00004F	Logicraft
000050	Radisys
000051	HOB Electronic
000052	Intrusion.com
000053	Compucorp
000054	Schneider Electric
000055	Commissariat A L`energie Atom
000056	DR. B. Struck
000057	Scitex
000058	Racore Computer Products
000059	Hellige
00005A	SysKonnect
00005B	Eltec Elektronik
00005C	Telematics
00005D	CS Telecom
00005E	ICANN, IANA Department
00005F	Sumitomo Electric Industries
000060	Kontron Europe
000061	Gateway Communications
000062	Bull HN Information
000063	Barco Control Rooms
000064	DTS Insight
000065	Network General
000066	Talaris
000067	Soft * Rite
000068	Rosemount Controls
000069	Concord Communications
00006A	Computer Consoles
00006B	Silicon Graphics
00006C	Schneider Electric
00006D	Cray Communications
00006E	Artisoft
00006F	Madge
000070	HCL
000071	ADRA
000072	Miniware
000073	Siecor
000074	RICOH
000075	Nortel Networks
000076	Abekas Video System
000077	Interphase
000078	Labtam
000079	Networth
00007A	Dana Computer
00007B	Research Machines
00007C	Ampere
00007D	Oracle
00007E	Clustrix
00007F	Linotype-hell
000080	Cray Communications
000081	Bay Networks
000082	Lectra Systemes
000083	Tadpole
000084	Supernet
000085	CANON
000086	Megahertz
000087	Hitachi
000088	Brocade Communications
000089	Cayman
00008A	Datahouse Information
00008B	Infotron
00008C	Alloy Computer Products (Australia)
00008D	Cryptek
00008E	Solbourne Computer
00008F	Raytheon
000090	Microcom
000091	Anritsu
000092	Cogent Data
000093	Proteon
000094	Asante
000095	Sony
000096	Marconi
000097	Dell
000098	Crosscomm
000099	MTX
00009A	RC Computer
00009B	Information
00009C	Rolm Mil-spec Computers
00009D	Locus Computing
00009E	MARLI
00009F	Ameristar
0000A0	SANYO Electric
0000A1	Marquette Electric
0000A2	Bay Networks
0000A3	Network Application
0000A4	Acorn Computers
0000A5	Tattile
0000A6	Network General
0000A7	Network Computing Devices
0000A8	Stratus
0000A9	Network
0000AA	XEROX
0000AB	Logic Modeling
0000AC	Conware Computer Consulting
0000AD	Bruker Instruments
0000AE	Dassault Electronique
0000AF	Canberra Industries
0000B0	Rnd-rad Network Devices
0000B1	Alpha Micro
0000B2	Televideo
0000B3	Cimlinc
0000B4	Edimax
0000B5	Datability Software SYS
0000B6	Micro-matic Research
0000B7	Dove Computer
0000B8	Seikosha
0000B9	Mcdonnell Douglas Computer SYS
0000BA	SIIG
0000BB	Tri-data
0000BC	Rockwell Automation
0000BD	Ryosei
0000BE	THE NTI
0000BF	Symmetric Computer
0000C0	Western Digital
0000C1	Madge
0000C2	Information Presentation
0000C3	Harris
0000C4	Waters Div. OF Millipore
0000C5	CommScope
0000C6	EON
0000C7	ARIX
0000C8	Altos Computer
0000C9	Emulex
0000CA	CommScope
0000CB	Compu-shack Electronic
0000CC	Densan
0000CD	Allied Telesis Labs
0000CE	Megadata
0000CF	Hayes Microcomputer Products
0000D0	Develcon
0000D1	Adaptec
0000D2	SBE
0000D3	Wang Laboratories
0000D4	Pure Data
0000D5	Micrognosis
0000D6	Punch Line Holding
0000D7	Dartmouth College
0000D8	Novell
0000D9	Nippon Telegraph & Telephone
0000DA	ATEX
0000DB	British Telecommunications
0000DC	Hayes Microcomputer Products
0000DD	TCL
0000DE	CETIA
0000DF	Bell & Howell PUB SYS DIV
0000E0	Quadram
0000E1	GRID
0000E2	ACER
0000E3	Integrated Micro Products
0000E4	IN2 Groupe Intertechnique
0000E5	Sigmex
0000E6	Aptor Produits DE Comm Indust
0000E7	Star Gate
0000E8	Accton
0000E9	Isicad
0000EA	UPNOD
0000EB	Matsushita Comm. IND
0000EC	Microprocess
0000ED	APRIL
0000EE	Network Designers
0000EF	KTI
0000F0	Samsung
0000F1	Magna Computer
0000F2	Spider Communications
0000F3	Gandalf Data
0000F4	Allied Telesis
0000F5	Diamond Sales
0000F6	Applied Microsystems
0000F7	Youth Keep Enterprise
0000F8	Digital Equipment
0000F9	Quotron
0000FA	Microsage Computer
0000FB	Rechner ZUR Kommunikation
0000FC	MEIKO
0000FD	High Level Hardware
0000FE	Annapolis Micro
0000FF	Camtec
000100	Equip'trans
000101	Private
000102	3COM
000103	3COM
000104	DVICO
000105	Beckhoff Automation
000106	Tews Datentechnik
000107	Leiser
000108	AVLAB
000109	Nagano Japan Radio
00010A	CIS
00010B	Space CyberLink
00010C	System Talks
00010D	Teledyne DALSA
00010E	Bri-Link
00010F	Brocade Communications
000110	Gotham Networks
000111	iDigm
000112	Shark Multimedia
000113	Olympus
000114	Kanda Tsushin Kogyo
000115	Extratech
000116	Netspect
000117	Canal +
000118	EZ Digital
000119	RTUnet (Australia)
00011A	Hoffmann und Burmeister GbR
00011B	Unizone
00011C	Universal Talkware
00011D	Centillium Communications
00011E	Precidia
00011F	RC Networks
000120	Oscilloquartz
000121	WatchGuard
000122	Trend Communications
000123	Schneider Electric Japan
000124	Acer
000125	Yaesu Musen
000126	PAC Labs
000127	OPEN Networks
000128	EnjoyWeb
000129	DFI
00012A	Telematica Sistems Inteligente
00012B	Telenet
00012C	Aravox
00012D	Komodo
00012E	PC Partner
00012F	Twinhead
000130	Extreme Networks
000131	Bosch Security
000132	Dranetz - BMI
000133	KYOWA Electronic Instruments C
000134	Selectron
000135	KDC
000136	CyberTAN
000137	IT Farm
000138	XAVi
000139	Point Multimedia
00013A	Shelcad Communications
00013B	BNA
00013C	TIW
00013D	RiscStation
00013E	Ascom Tateco
00013F	Neighbor World
000140	Sendtek
000141	Cable Print
000142	Cisco
000143	Cisco
000144	Dell
000145	Winsystems
000146	Tesco Controls
000147	Zhone
000148	X-traWeb
000149	TDT
00014A	Sony
00014B	Ennovate Networks
00014C	Berkeley Process Control
00014D	Shin Kin Enterprises
00014E	WIN Enterprises
00014F	Adtran
000150	Gilat Communications
000151	Ensemble Communications
000152	Chromatek
000153	Archtek Telecom
000154	G3M
000155	Promise
000156	Firewiredirect.com
000157	Syswave
000158	Electro Industries/Gauge
000159	S1
00015A	Digital Video Broadcasting
00015B	ITALTEL S.p.A/RF-UP-I
00015C	Cadant
00015D	Oracle
00015E	BEST
00015F	Digital Design
000160	ELMEX
000161	Meta Machine
000162	Cygnet
000163	Cisco
000164	Cisco
000165	AirSwitch
000166	TC
000167	Hioki E.E
000168	Vitana
000169	Celestix Networks Pte
00016A	Alitec
00016B	LightChip
00016C	Foxconn
00016D	CarrierComm
00016E	Conklin
00016F	Inkel
000170	ESE Embedded System Engineer'g
000171	Allied Data
000172	TechnoLand
000173	AMCC
000174	CyberOptics
000175	Radiant Communications
000176	Orient Silver Enterprises
000177	EDSL
000178	MARGI
000179	Wireless
00017A	Chengdu Maipu Electric Industrial
00017B	Heidelberger Druckmaschinen
00017C	AG-E
00017D	ThermoQuest
00017E	ADTEK System Science
00017F	Experience Music Project
000180	AOpen
000181	Nortel Networks
000182	DICA
000183	Anite Telecoms
000184	Sieb & Meyer
000185	Hitachi Aloka Medical
000186	Uwe Disch
000187	I2SE
000188	LXCO
000189	Refraction
00018A	ROI Computer
00018B	NetLinks
00018C	Mega Vision
00018D	AudeSi
00018E	Logitec
00018F	Kenetec
000190	SMK-M
000191	SYRED Data
000192	Texas Digital
000193	Hanbyul Telecom
000194	Capital Equipment
000195	Sena
000196	Cisco
000197	Cisco
000198	Darim Vision
000199	HeiSei
00019A	Leunig
00019B	Kyoto Microcomputer
00019C	Lumentum
00019D	E-Control
00019E	ESS
00019F	ReadyNet
0001A0	Infinilink
0001A1	Mag-Tek
0001A2	Logical
0001A3	Genesys Logic
0001A4	Microlink
0001A5	Nextcomm
0001A6	Scientific-Atlanta Arcodan
0001A7	UNEX
0001A8	Welltech Computer
0001A9	BMW
0001AA	Airspan Communications
0001AB	Main Street Networks
0001AC	Sitara Networks
0001AD	Coach Master International d.b.a. CMI Worldwide
0001AE	Trex Enterprises
0001AF	Artesyn Embedded
0001B0	Fulltek
0001B1	General Bandwidth
0001B2	Digital Processing
0001B3	Precision Electronic Manufacturing
0001B4	Wayport
0001B5	Turin Networks
0001B6	Saejin T&M
0001B7	Centos
0001B8	Netsensity
0001B9	SKF (u.k.)
0001BA	IC-Net
0001BB	Frequentis
0001BC	Brains
0001BD	Peterson Electro-Musical Products
0001BE	Gigalink
0001BF	Teleforce
0001C0	CompuLab
0001C1	Vitesse Semiconductor
0001C2	ARK Research
0001C3	Acromag
0001C4	NeoWave
0001C5	Simpler Networks
0001C6	Quarry
0001C7	Cisco
0001C8	Conrad
0001C9	Cisco
0001CA	Geocast Network
0001CB	EVR
0001CC	Brand Maker Enabler
0001CD	ARtem
0001CE	Custom Micro Products
0001CF	Alpha Data Parallel
0001D0	VitalPoint
0001D1	CoNet Communications
0001D2	inXtron
0001D3	Paxcomm
0001D4	Leisure Time
0001D5	Haedong Info & Comm
0001D6	manroland
0001D7	F5
0001D8	Teltronics
0001D9	Sigma
0001DA	Wincomm
0001DB	Freecom
0001DC	Activetelco
0001DD	Avail Networks
0001DE	Trango
0001DF	ISDN Communications
0001E0	Fast
0001E1	Kinpo
0001E2	Ando Electric
0001E3	Siemens
0001E4	Sitera
0001E5	Supernet
0001E6	HP
0001E7	HP
0001E8	Force10 Networks
0001E9	Litton Marine
0001EA	Cirilium
0001EB	C-COM
0001EC	Ericsson
0001ED	SETA
0001EE	Comtrol Europe
0001EF	Camtel
0001F0	Tridium
0001F1	Innovative Concepts
0001F2	Mark of the Unicorn
0001F3	QPS
0001F4	Enterasys
0001F5	ERIM
0001F6	Association of Musical Electronics Industry
0001F7	Image Display
0001F8	TEXIO
0001F9	TeraGlobal Communications
0001FA	Horoscas
0001FB	DoTop
0001FC	Keyence
0001FD	Digital Voice
0001FE	Digital Equipment
0001FF	Data Direct Networks
000200	Net & Sys
000201	IFM Electronic
000202	Amino Communications
000203	Woonsang Telecom
000204	Bodmann Industries Elektronik
000205	Hitachi Denshi
000206	Telital R&D Denmark
000207	VisionGlobal Network
000208	Unify Networks
000209	Shenzhen SED Information
00020A	Gefran
00020B	Native Networks
00020C	Metro-Optix
00020D	Micronpc.com
00020E	ECI Telecom
00020F	AATR
000210	Fenecom
000211	Nature Worldwide
000212	SierraCom
000213	S.d.e.l
000214	DTVRO
000215	Cotas Computer Technology A/B
000216	Cisco
000217	Cisco
000218	Advanced Scientific
000219	Paralon
00021A	Zuma Networks
00021B	Kollmorgen-Servotronix
00021C	Network Elements
00021D	Data General Communication
00021E	Simtel
00021F	Aculab
000220	Canon Finetech
000221	DSP Application
000222	Chromisys
000223	ClickTV
000224	C-COR
000225	One Stop
000226	XESystems
000227	ESD Electronic System Design
000228	Necsom
000229	Adtec
00022A	Asound Electronic
00022B	SAXA
00022C	ABB Bomem
00022D	Agere
00022E	TEAC Corp. R& D
00022F	P-Cube
000230	Intersoft
000231	Ingersoll-Rand
000232	Avision
000233	Mantra Communications
000234	Imperial
000235	Paragon Networks
000236	INIT
000237	Cosmo Research
000238	Serome
000239	Visicom
00023A	ZSK Stickmaschinen
00023B	Ericsson
00023C	Creative
00023D	Cisco
00023E	Selta Telematica
00023F	Compal
000240	Seedek
000241	Amer.com
000242	Videoframe
000243	Raysis
000244	Surecom
000245	Lampus
000246	All-Win
000247	Great Dragon Information Technology (Group)
000248	Pilz
000249	Aviv Infocom
00024A	Cisco
00024B	Cisco
00024C	SiByte
00024D	Mannesman Dematic Colby
00024E	Datacard
00024F	IPM Datacom
000250	Geyser Networks
000251	Soma Networks
000252	Carrier
000253	Televideo
000254	WorldGate
000255	IBM
000256	Alpha Processor
000257	Microcom
000258	Flying Packets Communications
000259	Tsann Kuen China (Shanghai)Enterprise Co., Ltd. IT
00025A	Catena Networks
00025B	Cambridge Silicon Radio
00025C	SCI Systems (Kunshan)
00025D	Calix Networks
00025E	High
00025F	Nortel Networks
000260	Accordion Networks
000261	Tilgin
000262	Soyo Group Soyo Com
000263	RPS
000264	AudioRamp.com
000265	Virditech
000266	Thermalogic
000267	Node Runner
000268	Harris Government Communications
000269	Nadatel
00026A	Cocess Telecom
00026B	BCM Computers
00026C	Philips CFT
00026D	Adept Telecom
00026E	NeGeN Access
00026F	Senao
000270	Crewave
000271	Zhone
000272	CC&C
000273	Coriolis Networks
000274	Tommy
000275	SMART
000276	Primax
000277	Cash Systemes Industrie
000278	Samsung
000279	Control Applications
00027A	IOI
00027B	Amplify Net
00027C	Trilithic
00027D	Cisco
00027E	Cisco
00027F	ask-technologies.com
000280	Mu Net
000281	Madge
000282	ViaClix
000283	Spectrum Controls
000284	UK Grid Solutions
000285	Riverstone Networks
000286	Occam Networks
000287	Adapcom
000288	Global Village Communication
000289	DNE
00028A	Ambit Microsystems
00028B	VDSL
00028C	Micrel-Synergy Semiconductor
00028D	Movita
00028E	Rapid 5 Networks
00028F	Globetek
000290	Woorigisool
000291	Open Network
000292	Logic Innovations
000293	Solid Data
000294	Tokyo Sokushin
000295	Mavenir IPA UK
000296	Lectron
000297	C-COR.net
000298	Broadframe
000299	Apex
00029A	Storage Apps
00029B	Kreatel Communications
00029C	3COM
00029D	Merix
00029E	Information Equipment
00029F	L-3 Communication Aviation Recorders
0002A0	Flatstack
0002A1	World Wide Packets
0002A2	Hilscher
0002A3	Hitachi Energy Switzerland
0002A4	AddPac
0002A5	HP
0002A6	Effinet
0002A7	Vivace Networks
0002A8	Air Link
0002A9	RACOM, s.r.o
0002AA	PLcom
0002AB	CTC Union
0002AC	3PAR data
0002AD	HOYA
0002AE	Scannex
0002AF	TeleCruz
0002B0	Hokubu Communication & Industrial
0002B1	Anritsu
0002B2	Cablevision
0002B3	Intel
0002B4	Daphne
0002B5	Avnet
0002B6	Acrosser
0002B7	Watanabe Electric Industry
0002B8	WHI Konsult
0002B9	Cisco
0002BA	Cisco
0002BB	Continuous Computing
0002BC	LVL 7
0002BD	Bionet
0002BE	Totsu Engineering
0002BF	dotRocket
0002C0	Bencent Tzeng Industry
0002C1	Innovative Electronic Designs
0002C2	Net Vision Telecom
0002C3	Arelnet
0002C4	OPT Machine Vision
0002C5	Evertz Microsystems
0002C6	Data Track
0002C7	Alpsalpine
0002C8	Technocom Communications Technology (pte)
0002C9	Mellanox
0002CA	EndPoints
0002CB	TriState
0002CC	M.c.c.i
0002CD	TeleDream
0002CE	FoxJet
0002CF	ZyGate Communications
0002D0	Comdial
0002D1	Vivotek
0002D2	Workstation
0002D3	NetBotz
0002D4	PDA Peripherals
0002D5	ACR
0002D6	NICE
0002D7	EMPEG
0002D8	BRECIS Communications
0002D9	Reliable Controls
0002DA	ExiO Communications
0002DB	Netsec
0002DC	General
0002DD	Bromax Communications
0002DE	Astrodesign
0002DF	Net Com
0002E0	ETAS
0002E1	Integrated Network
0002E2	NDC Infared Engineering
0002E3	LITE-ON Communications
0002E4	JC Hyun
0002E5	Timeware
0002E6	Gould Instrument
0002E7	CAB
0002E8	E.d.&a
0002E9	CS Systemes De Securite - C3S
0002EA	Focus Enhancements
0002EB	Pico Communications
0002EC	Maschoff Design Engineering
0002ED	DXO Telecom
0002EE	Nokia
0002EF	CCC Network
0002F0	AME Optimedia
0002F1	Pinetron
0002F2	eDevice
0002F3	Media Serve
0002F4	PCTEL
0002F5	VIVE Synergies
0002F6	Equipe Communications
0002F7	ARM
0002F8	SEAKR Engineering
0002F9	MIMOS Berhad
0002FA	DX Antenna
0002FB	Baumuller Aulugen-Systemtechnik
0002FC	Cisco
0002FD	Cisco
0002FE	Viditec
0002FF	Handan BroadInfoCom
000300	Barracuda Networks
000301	EXFO
000302	Charles Industries
000303	JAMA
000304	Pacific Broadband Communications
000305	MSC Vertriebs
000306	Fusion In
000307	Secure Works
000308	AM Communications
000309	Texcel
00030A	Argus
00030B	Hunter
00030C	Telesoft
00030D	Uniwill Computer
00030E	Core Communications
00030F	Digital China (Shanghai) Networks
000310	E-Globaledge
000311	Micro
000312	TRsystems
000313	Access Media
000314	Teleware Network
000315	Cidco
000316	Nobell Communications
000317	Merlin
000318	Cyras
000319	Infineon
00031A	Beijing Broad Telecom Ltd., China
00031B	Cellvision
00031C	Svenska Hardvarufabriken
00031D	Taiwan Commate Computer
00031E	Optranet
00031F	Condev
000320	Xpeed
000321	Reco Research
000322	IDIS
000323	Cornet
000324	LIMNO
000325	Arima Computer
000326	Iwasaki Information
000327	HMS Industrial Networks
000328	Mace
000329	F3
00032A	UniData Communication
00032B	GAI Datenfunksysteme
00032C	ABB Switzerland
00032D	IBASE
00032E	Scope Information Management
00032F	Global Sun
000330	Imagenics
000331	Cisco
000332	Cisco
000333	Digitel
000334	Omega Engineering
000335	Mirae
000336	Zetes
000337	Vaone
000338	Oak
000339	Eurologic
00033A	Silicon Wave
00033B	TAMI
00033C	Daiden
00033D	ILSHin Lab
00033E	Tateyama System Laboratory
00033F	BigBand Networks
000340	Floware Wireless
000341	EVS Broadcast Equipment
000342	Nortel Networks
000343	Martin Professional
000344	Tietech
000345	Routrek Networks
000346	KOKUSAI DENKI Electric
000347	Intel
000348	Norscan Instruments
000349	Vidicode Datacommunicatie
00034A	RIAS
00034B	Nortel Networks
00034C	Shanghai DigiVision
00034D	Chiaro Networks
00034E	Pos Data
00034F	Sur-Gard Security
000350	Bticino
000351	Diebold Nixdorf
000352	Colubris Networks
000353	Mitac
000354	Fiber Logic Communications
000355	TeraBeam Internet
000356	Diebold Nixdorf
000357	Intervoice-Brite
000358	Hanyang Digitech
000359	DigitalSis
00035A	Photron
00035B	BridgeWave Communications
00035C	Saint Song
00035D	Bosung Hi-Net
00035E	Metropolitan Area Networks
00035F	Prüftechnik Condition Monitoring
000360	PAC Interactive
000361	Widcomm
000362	Vodtel Communications
000363	Miraesys
000364	Scenix Semiconductor
000365	Kira Information & Communications
000366	ASM Pacific
000367	Jasmine Networks
000368	Embedone
000369	Nippon Antenna
00036A	Mainnet
00036B	Cisco
00036C	Cisco
00036D	Runtop
00036E	Nicon Systems (Pty)
00036F	Telsey
000370	NXTV
000371	Acomz Networks
000372	ULAN
000373	Aselsan A.S
000374	Schneider Electric
000375	NetMedia
000376	Graphtec
000377	Gigabit Wireless
000378	HUMAX
000379	Proscend Communications
00037A	Taiyo Yuden
00037B	Idec Izumi
00037C	Coax Media
00037D	Stellcom
00037E	PORTech Communications
00037F	Qualcomm
000380	SSH Communications Security
000381	Ingenico
000382	A-One
000383	Metera Networks
000384	AETA
000385	Actelis Networks
000386	Ho Net
000387	Blaze Network Products
000388	Fastfame
000389	Plantronics
00038A	America Online
00038B	Plus-one I&T
00038C	Total Impact
00038D	PCS Revenue Control
00038E	Atoga
00038F	Weinschel
000390	Digital Video Communications
000391	Advanced Digital Broadcast
000392	Hyundai Teletek
000393	Apple
000394	Connect One
000395	California Amplifier
000396	EZ Cast
000397	FireBrick
000398	WISI
000399	Dongju Informations & Communications
00039A	SiConnect
00039B	NetChip
00039C	OptiMight Communications
00039D	Qisda
00039E	Tera System
00039F	Cisco
0003A0	Cisco
0003A1	HIPER Information & Communication
0003A2	Catapult Communications
0003A3	MAVIX
0003A4	Imation
0003A5	Medea
0003A6	Traxit
0003A7	Unixtar
0003A8	IDOT Computers
0003A9	AXCENT Media
0003AA	Watlow
0003AB	Bridge Information
0003AC	Fronius Schweissmaschinen
0003AD	Emerson Energy
0003AE	Allied Advanced Manufacturing Pte
0003AF	Paragea Communications
0003B0	Xsense
0003B1	ICU Medical
0003B2	Radware
0003B3	IA Link
0003B4	Macrotek
0003B5	Entra
0003B6	QSI
0003B7	Zaccess
0003B8	NetKit Solutions
0003B9	Hualong Telecom
0003BA	Oracle
0003BB	Signal Communications
0003BC	COT
0003BD	OmniCluster
0003BE	Netility
0003BF	Centerpoint Broadband
0003C0	RFTNC
0003C1	Packet Dynamics
0003C2	Solphone K.K
0003C3	Micronik Multimedia
0003C4	Tomra Systems ASA
0003C5	Mobotix
0003C6	ICUE
0003C7	hopf Elektronik
0003C8	CML Emergency Services
0003C9	TECOM
0003CA	Temposonics
0003CB	SystemGear
0003CC	Momentum Computer
0003CD	Clovertech
0003CE	ETEN
0003CF	Muxcom
0003D0	Koankeiso
0003D1	Takaya
0003D2	Crossbeam
0003D3	Internet Energy
0003D4	Alloptic
0003D5	Advanced Communications
0003D6	RADVision
0003D7	NextNet Wireless
0003D8	iMPath Networks
0003D9	Secheron
0003DA	Takamisawa Cybernetics
0003DB	Apogee
0003DC	Lexar Media
0003DD	Comark Interactive Solutions
0003DE	OTC Wireless
0003DF	Desana
0003E0	CommScope
0003E1	Winmate Communication
0003E2	Comspace
0003E3	Cisco
0003E4	Cisco
0003E5	Hermstedt SG
0003E6	Entone
0003E7	Logostek
0003E8	Wavesight
0003E9	Akara Canada
0003EA	Mega System
0003EB	Atrica
0003EC	ICG Research
0003ED	Shinkawa Electric
0003EE	MKNet
0003EF	Oneline
0003F0	Redfern Broadband Networks
0003F1	Cicada Semiconductor
0003F2	Seneca Networks
0003F3	Dazzle Multimedia
0003F4	NetBurner
0003F5	Chip2Chip
0003F6	Allegro Networks
0003F7	Plast-Control
0003F8	SanCastle
0003F9	Pleiades Communications
0003FA	TiMetra Networks
0003FB	Enegate
0003FC	Intertex Data
0003FD	Cisco
0003FE	Cisco
0003FF	Microsoft
000400	Lexmark
000401	Osaki Electric
000402	Nexsan
000403	Nexsi
000404	Makino Milling Machine
000405	ACN
000406	Fa. Metabox
000407	Topcon Positioning
000408	Sanko
000409	Cratos Networks
00040A	Sage
00040B	3com Europe
00040C	Kanno Works
00040D	Avaya
00040E	AVM (FRITZ!Box)
00040F	ASUS
000410	Spinnaker Networks
000411	Inkra Networks
000412	WaveSmith Networks
000413	snom
000414	Umezawa Musen Denki
000415	Rasteme
000416	Parks S/A Comunicacoes Digitais
000417	Schneider Electric
000418	Teltronic S.A.U
000419	Fibercycle Networks
00041A	Ines Test and Measurement GmbH & CoKG
00041B	Bridgeworks
00041C	ipDialog
00041D	Corega of America
00041E	Shikoku Instrumentation
00041F	Sony
000420	Slim Devices
000421	Ocular Networks
000422	Studio
000423	Intel
000424	TMC
000425	Atmel
000426	Autosys
000427	Cisco
000428	Cisco
000429	Pixord
00042A	Wireless Networks
00042B	IT Access
00042C	Minet
00042D	Sarian
00042E	Netous
00042F	International Communications Products
000430	Netgem
000431	GlobalStreams
000432	Voyetra Turtle Beach
000433	Cyberboard
000434	Accelent
000435	InfiNet
000436	ELANsat
000437	Powin Information
000438	Nortel Networks
000439	Rosco Entertainment
00043A	Intelligent Telecommunications
00043B	Lava Computer Mfg
00043C	Sonos
00043D	INDEL
00043E	Telencomm
00043F	ESTeem Wireless Modems
000440	cyberPIXIE
000441	Half Dome
000442	NACT
000443	Agilent
000444	Western Multiplex
000445	LMS Skalar Instruments
000446	Cyzentech
000447	Acrowave
000448	Polaroid
000449	Mapletree Networks
00044A	iPolicy Networks
00044B	Nvidia
00044C	Jenoptik
00044D	Cisco
00044E	Cisco
00044F	Schubert System Elektronik
000450	DMD Computers
000451	Medrad
000452	RocketLogix
000453	YottaYotta
000454	Quadriga UK
000455	ANTARA.net
000456	Cambium Networks
000457	Universal Access
000458	Fusion X
000459	Veristar
00045A	Linksys
00045B	Techsan
00045C	Mobiwave Pte
00045D	BEKA Elektronik
00045E	PolyTrax Information
00045F	Avalue
000460	Knilink
000461	EPOX Computer
000462	DAKOS Data & Communication
000463	Bosch Security
000464	Pulse-Link
000465	i.s.t isdn-support technik
000466	Armitel
000467	Wuhan Research Institute of MII
000468	Vivity
000469	Innocom
00046A	Navini Networks
00046B	Palm Wireless
00046C	Cyber
00046D	Cisco
00046E	Cisco
00046F	Digitel S/A Industria Eletronica
000470	ipUnplugged
000471	IPrad
000472	Telelynx
000473	Photonex
000474	Legrand
000475	3COM
000476	3COM
000477	Scalant
000478	G. Star
000479	Radius
00047A	Axxessit ASA
00047B	Schlumberger
00047C	Skidata
00047D	Motorola
00047E	TKH Security
00047F	Chr. Mayr
000480	Brocade Communications
000481	Econolite Control Products
000482	Medialogic
000483	Deltron
000484	Amann
000485	PicoLight
000486	ITTC, University of Kansas
000487	Cogency Semiconductor
000488	Eurotherm Controls
000489	YAFO Networks
00048A	Temia Vertriebs
00048B	Poscon
00048C	Nayna Networks
00048D	Teo
00048E	Ohm Tech Labs
00048F	TD
000490	Optical Access
000491	Technovision
000492	Hive Internet
000493	Tsinghua Unisplendour
000494	Breezecom
000495	Tejas Networks India
000496	Extreme Networks
000497	MacroSystem Digital Video
000498	Mahi Networks
000499	Chino
00049A	Cisco
00049B	Cisco
00049C	Surgient Networks
00049D	Ipanema
00049E	Wirelink
00049F	Freescale Semiconductor
0004A0	Verity Instruments
0004A1	Pathway Connectivity
0004A2	L.S.I. Japan
0004A3	Microchip
0004A4	NetEnabled
0004A5	Barco
0004A6	SAF Tehnika
0004A7	FabiaTech
0004A8	Broadmax
0004A9	SandStream
0004AA	Jetstream Communications
0004AB	Mavenir
0004AC	IBM
0004AD	Malibu Networks
0004AE	Sullair
0004AF	Digital Fountain
0004B0	Elesign
0004B1	Signal
0004B2	Essegi
0004B3	Videotek
0004B4	CIAC
0004B5	Equitrac
0004B6	Stratex Networks
0004B7	AMB i.t. Holding
0004B8	Kumahira
0004B9	S.I. Soubou
0004BA	KDD Media Will
0004BB	Bardac
0004BC	Giantec
0004BD	CommScope
0004BE	OptXCon
0004BF	VersaLogic
0004C0	Cisco
0004C1	Cisco
0004C2	Magnipix
0004C3	CASTOR Informatique
0004C4	Audiotonix
0004C5	ASE Technologies, USA
0004C6	Yamaha Motor
0004C7	NetMount
0004C8	LIBA Maschinenfabrik
0004C9	Micro Electron
0004CA	FreeMs
0004CB	Tdsoft Communication
0004CC	Peek Traffic
0004CD	Extenway Solutions
0004CE	Patria Ailon
0004CF	Seagate
0004D0	Softlink s.r.o
0004D1	Drew
0004D2	Adcon Telemetry
0004D3	Toyokeiki
0004D4	Proview
0004D5	Hitachi Information & Communication Engineering
0004D6	Takagi Industrial
0004D7	Omitec Instrumentation
0004D8	IPWireless
0004D9	Titan
0004DA	Relax
0004DB	Tellus
0004DC	Nortel Networks
0004DD	Cisco
0004DE	Cisco
0004DF	Teracom Telematica
0004E0	Procket Networks
0004E1	Infinior Microsystems
0004E2	SMC Networks
0004E3	Accton
0004E4	Daeryung Ind
0004E5	Glonet
0004E6	Banyan Network Private
0004E7	Lightpointe Communications
0004E8	IER
0004E9	Infiniswitch
0004EA	HP
0004EB	Paxonet Communications
0004EC	Memobox
0004ED	Billion Electric
0004EE	Lincoln Electric
0004EF	Polestar
0004F0	International Computers
0004F1	WhereNet
0004F2	Polycom
0004F3	FS Forth-systeme
0004F4	Infinite
0004F5	SnowShore Networks
0004F6	Amphus
0004F7	Omega Band
0004F8	QUALICABLE TV Industria E Com., Ltda
0004F9	Xtera Communications
0004FA	NBS
0004FB	Commtech
0004FC	Stratus
0004FD	Japan Control Engineering
0004FE	Pelago Networks
0004FF	Acronet
000500	Cisco
000501	Cisco
000502	Apple
000503	Iconag
000504	Naray Information & Communication Enterprise
000505	Systems Integration Solutions
000506	Reddo Networks
000507	Fine Appliance
000508	Inetcam
000509	AVOC Nishimura
00050A	ICS
00050B	SICOM
00050C	Network Photonics
00050D	Midstream
00050E	3ware
00050F	Tanaka S/S
000510	Infinite Shanghai Communication Terminals
000511	Complementary
000512	Zebra
000513	VTLinx Multimedia
000514	KDT
000515	Nuark
000516	SMART Modular
000517	Shellcomm
000518	Jupiters
000519	Siemens Building
00051A	3com Europe
00051B	Magic Control
00051C	Xnet
00051D	Airocon
00051E	Brocade Communications
00051F	Taijin Media
000520	Smartronix
000521	Schneider Electric
000522	LEA*D
000523	AVL List
000524	BTL System (HK)
000525	Puretek Industrial
000526	IPAS
000527	SJ Tek
000528	New Focus
000529	Shanghai Broadan Communication
00052A	Ikegami Tsushinki
00052B	Horiba
00052C	Supreme Magic
00052D	Zoltrix
00052E	Cinta Networks
00052F	Leviton Network Solutions
000530	Andiamo
000531	Cisco
000532	Cisco
000533	Brocade Communications
000534	Northstar Engineering
000535	Chip PC
000536	Danam Communications
000537	Nets
000538	Merilus
000539	A Brand New World in Sweden
00053A	Willowglen Services Pte
00053B	Harbour Networks Ltd., Co. Beijing
00053C	Xircom
00053D	Agere
00053E	KID Systeme
00053F	VisionTek
000540	Tokyo Electron Device
000541	Advanced
000542	Otari
000543	IQ Wireless
000544	Valley
000545	Internet Photonics
000546	KDDI Network & Solultions
000547	Starent Networks
000548	Disco
000549	Salira Optical Network
00054A	Ario Data Networks
00054B	Eaton Automation
00054C	RF Innovations
00054D	Brans
00054E	Philips
00054F	Garmin
000550	Vcomms Connect
000551	F & S Elektronik Systeme
000552	Xycotec Computer
000553	DVC
000554	Rangestar Wireless
000555	Japan Cash Machine
000556	360
000557	Agile TV
000558	Synchronous
000559	Intracom
00055A	Power Dsine
00055B	Charles Industries
00055C	Kowa
00055D	D-Link
00055E	Cisco
00055F	Cisco
000560	Leader Comm
000561	nac Image
000562	Digital View
000563	J-Works
000564	Tsinghua Bitway
000565	Tailyn Communication
000566	Secui.com
000567	Etymonic Design
000568	Piltofish Networks
000569	VMware
00056A	Heuft Systemtechnik
00056B	C.P
00056C	Hung Chang
00056D	Pacific
00056E	National Enhance
00056F	Innomedia Technologies Pvt
000570	Baydel
000571	Seiwa
000572	Deonet
000573	Cisco
000574	Cisco
000575	CDS-Electronics
000576	NSM
000577	SM Information & Communication
000578	Private
000579	Universal Control Solution
00057A	Overture Networks
00057B	Chung Nam Electronic
00057C	RCO Security
00057D	Sun Communications
00057E	Eckelmann
00057F	Acqis
000580	FibroLAN
000581	Snell
000582	ClearCube
000583	ImageCom
000584	AbsoluteValue
000585	Juniper
000586	Lucent
000587	Locus
000588	Sensoria
000589	National Datacomputer
00058A	Netcom
00058B	IPmental
00058C	Opentech
00058D	Lynx Photonic Networks
00058E	Flextronics International GmbH & Co. Nfg
00058F	CLCsoft
000590	Swissvoice
000591	Active Silicon
000592	Pultek
000593	Grammar Engine
000594	HMS Industrial Networks
000595	Alesis
000596	Genotech
000597	Eagle Traffic Control
000598	Cronos
000599	DRS Test and Energy Management or DRS-TEM
00059A	Cisco
00059B	Cisco
00059C	Kleinknecht GmbH, Ing. Büro
00059D	Daniel Computing
00059E	Zinwell
00059F	Yotta Networks
0005A0	MOBILINE Kft
0005A1	Zenocom
0005A2	CELOX Networks
0005A3	QEI
0005A4	Lucid Voice
0005A5	KOTT
0005A6	Extron
0005A7	Hyperchip
0005A8	WYLE
0005A9	Princeton Networks
0005AA	Moore Industries
0005AB	Cyber Fone
0005AC	Northern Digital
0005AD	Topspin Communications
0005AE	Mediaport USA
0005AF	InnoScan Computing
0005B0	Korea Computer
0005B1	ASB
0005B2	Medison
0005B3	Asahi-Engineering
0005B4	Aceex
0005B5	Broadcom
0005B6	INSYS Microelectronics
0005B7	Arbor
0005B8	Electronic Design Associates
0005B9	Airvana
0005BA	XK22 Enterprises
0005BB	Myspace
0005BC	Resource Data Management
0005BD	ROAX
0005BE	Kongsberg Seatex
0005BF	JustEzy
0005C0	Digital Network Alacarte
0005C1	A-Kyung Motion
0005C2	Soronti
0005C3	Pacific Instruments
0005C4	Telect
0005C5	Flaga HF
0005C6	Triz Communications
0005C7	I/f-com
0005C8	Verytech
0005C9	LG
0005CA	Hitron
0005CB	ROIS
0005CC	Sumtel Communications
0005CD	D&M
0005CE	Prolink Microsystems
0005CF	Thunder River
0005D0	Solinet
0005D1	Metavector
0005D2	DAP
0005D3	eProduction Solutions
0005D4	FutureSmart Networks
0005D5	Speedcom Wireless
0005D6	L-3 Linkabit
0005D7	Vista Imaging
0005D8	Arescom
0005D9	Techno Valley
0005DA	Apex Automationstechnik
0005DB	PSI Software SE
0005DC	Cisco
0005DD	Cisco
0005DE	Gi Fone Korea
0005DF	Electronic Innovation
0005E0	Empirix
0005E1	Trellis Photonics
0005E2	Creativ Network
0005E3	LightSand Communications
0005E4	Red Lion Controls
0005E5	Renishaw
0005E6	Egenera
0005E7	Netrake an AudioCodes
0005E8	TurboWave
0005E9	Unicess Network
0005EA	Rednix
0005EB	Blue Ridge Networks
0005EC	Mosaic
0005ED	Technikum Joanneum
0005EE	Vanderbilt International (SWE)
0005EF	ADOIR Digital
0005F0	SATEC
0005F1	Vrcom
0005F2	Power R
0005F3	Webyn
0005F4	System Base
0005F5	Geospace
0005F6	Young Chang
0005F7	Analog Devices
0005F8	Real Time Access
0005F9	TOA
0005FA	IPOptical
0005FB	ShareGate
0005FC	Schenck Pegasus
0005FD	PacketLight Networks
0005FE	Traficon N.V
0005FF	SNS Solutions
000600	Toshiba Teli
000601	Otanikeiki
000602	Cirkitech
000603	Baker Hughes
000604	@Track Communications
000605	Inncom
000606	RapidWAN
000607	Omni Directional Control
000608	At-Sky
000609	Crossport
00060A	Blue2space
00060B	Artesyn Embedded
00060C	Melco Industries
00060D	Wave7 Optics
00060E	IGYS
00060F	Narad Networks
000610	Abeona Networks
000611	Zeus Wireless
000612	Accusys
000613	Kawasaki Microelectronics
000614	Prism
000615	Kimoto Electric
000616	Tel Net
000617	Redswitch
000618	DigiPower Manufacturing
000619	Connection
00061A	Zetari
00061B	Lenovo
00061C	Hoshino Metal Industries
00061D	MIP Telecom
00061E	Maxan
00061F	Vision Components
000620	Serial System
000621	Hinox
000622	Chung Fu Chen Yeh Enterprise
000623	MGE UPS Systems France
000624	Gentner Communications
000625	Linksys
000626	MWE
000627	Uniwide
000628	Cisco
000629	IBM
00062A	Cisco
00062B	Intraserver
00062C	Bivio Networks
00062D	TouchStar
00062E	Aristos Logic
00062F	Pivotech
000630	Adtranz Sweden
000631	Calix
000632	Mesco Engineering
000633	Crossmatch Technologies/HID Global
000634	GTE Airfone
000635	PacketAir Networks
000636	Jedai Broadband Networks
000637	Toptrend-Meta Information (ShenZhen)
000638	Sungjin C&C
000639	Newtec
00063A	Dura Micro
00063B	Arcturus Networks
00063C	Intrinsyc Software
00063D	Microwave Data
00063E	Opthos
00063F	Everex Communications
000640	White Rock Networks
000641	ITCN
000642	Genetel
000643	SONO Computer
000644	NextGen Business Solutions
000645	Meisei Electric
000646	ShenZhen XunBao Network
000647	Etrali
000648	Seedsware
000649	3M Deutschland
00064A	Honeywell Co., Ltd. (KOREA)
00064B	Alexon
00064C	Invicta Networks
00064D	Sencore
00064E	Broad Net
00064F	Pro-nets
000650	Tiburon Networks
000651	Aspen Networks
000652	Cisco
000653	Cisco
000654	Winpresa Building Automation
000655	Yipee
000656	Tactel
000657	Market Central
000658	Helmut Fischer GmbH Institut für Elektronik und Messtechnik
000659	EAL (Apeldoorn)
00065A	Strix
00065B	Dell
00065C	Malachite
00065D	Heidelberg Web
00065E	Photuris
00065F	ECI Telecom
000660	NADEX
000661	NIA Home
000662	MBM
000663	Human
000664	Fostex
000665	Sunny Giken
000666	Roving Networks
000667	Tripp Lite
000668	Vicon Industries
000669	Datasound Laboratories
00066A	InfiniCon
00066B	Sysmex
00066C	Robinson
00066D	Compuprint
00066E	Delta
00066F	Korea Data
000670	Upponetti
000671	Softing
000672	Netezza
000673	TKH Security Solutions USA
000674	Spectrum Control
000675	Banderacom
000676	Novra
000677	SICK
000678	D&M
000679	Konami
00067A	JMP
00067B	Toplink C&C
00067C	Cisco
00067D	Takasago
00067E	WinCom
00067F	Digeo
000680	Card Access
000681	Goepel Electronic
000682	Convedia
000683	Bravara Communications
000684	Biacore
000685	NetNearU
000686	Zardcom
000687	Omnitron
000688	Telways Communication
000689	yLez Technologies Pte
00068A	NeuronNet Co. Ltd. R&D Center
00068B	AirRunner
00068C	3COM
00068D	Sepaton
00068E	HID
00068F	Telemonitor
000690	Euracom Communication
000691	PT Inovacao
000692	Intruvert Networks
000693	Flexus Computer
000694	Mobillian
000695	Ensure
000696	Advent Networks
000697	R & D Center
000698	egnite
000699	Vida Design
00069A	e & Tel
00069B	AVT Audio Video
00069C	Transmode
00069D	Petards
00069E	UNIQA
00069F	Kuokoa Networks
0006A0	Mx Imaging
0006A1	Celsian
0006A2	Microtune
0006A3	Bitran
0006A4	Innowell
0006A5	PINON
0006A6	Artistic Licence Engineering
0006A7	Primarion
0006A8	KC
0006A9	Universal Instruments
0006AA	VT Miltope
0006AB	W-Link
0006AC	Intersoft
0006AD	KB
0006AE	Himachal Futuristic Communications
0006AF	Xalted Networks
0006B0	Comtech EF Data
0006B1	Sonicwall
0006B2	Linxtek
0006B3	Diagraph
0006B4	Vorne Industries
0006B5	Source Photonics
0006B6	Nir-Or Israel
0006B7	TELEM
0006B8	Bandspeed
0006B9	A5TEK
0006BA	Westwave Communications
0006BB	ATI
0006BC	Macrolink
0006BD	Bntechnology
0006BE	Baumer Optronic
0006BF	Accella
0006C0	United Internetworks
0006C1	Cisco
0006C2	Smartmatic
0006C3	Schindler Elevator
0006C4	Piolink
0006C5	Innovi
0006C6	lesswire
0006C7	RFNET Technologies Pte Ltd (S)
0006C8	Sumitomo Metal Micro Devices
0006C9	Technical Marketing Research
0006CA	American Computer & Digital Components, Inc. (ACDC)
0006CB	Jotron
0006CC	JMI
0006CD	Leaf Imaging
0006CE	Dateno
0006CF	Thales Avionics In-Flight
0006D0	Elgar
0006D1	Tahoe Networks
0006D2	Tundra Semiconductor
0006D3	Alpha Telecom, Inc. U
0006D4	Interactive Objects
0006D5	Diamond
0006D6	Cisco
0006D7	Cisco
0006D8	Maple Optical
0006D9	IPM-Net
0006DA	ITRAN Communications
0006DB	Ichips
0006DC	Syabas Technology (Amquest)
0006DD	AT & T Laboratories - Cambridge
0006DE	Flash
0006DF	Aidonic
0006E0	MAT
0006E1	Techno Trade
0006E2	Ceemax
0006E3	Quantitative Imaging
0006E4	Citel
0006E5	Fujian Newland Computer
0006E6	DongYang Telecom
0006E7	Bit Blitz Communications
0006E8	Optical Network Testing
0006E9	Intime
0006EA	ELZET80 Mikrocomputer GmbH&Co
0006EB	Global Data
0006EC	Harris
0006ED	Inara Networks
0006EE	Shenyang Neu-era Information & Technology Stock
0006EF	Maxxan
0006F0	Digeo
0006F1	Optillion
0006F2	Platys Communications
0006F3	AcceLight Networks
0006F4	Prime Electronics & Satellitics
0006F5	Alpsalpine
0006F6	Cisco
0006F7	Alpsalpine
0006F8	The Boeing
0006F9	Mitsui Zosen Systems Research
0006FA	IP Square
0006FB	Hitachi Printing Solutions
0006FC	Fnet
0006FD	Comjet Information
0006FE	Ambrado
0006FF	Sheba
000700	Zettamedia Korea
000701	Racal-datacom
000702	Varex Imaging
000703	CSEE Transport
000704	Alpsalpine
000705	Endress & Hauser
000706	Sanritz
000707	Interalia
000708	Bitrage
000709	Westerstrand Urfabrik
00070A	Unicom Automation
00070B	Novabase SGPS
00070C	SVA-Intrusion.com
00070D	Cisco
00070E	Cisco
00070F	Fujant
000710	Adax
000711	Acterna
000712	JAL Information
000713	IP One
000714	Brightcom
000715	General Research of
000716	J & S Marine
000717	Wieland Electric
000718	iCanTek
000719	Mobiis
00071A	Finedigital
00071B	CDVI Americas
00071C	AT&T
00071D	Satelsa Sistemas Y Aplicaciones De Telecomunicaciones
00071E	Tri-M Engineering / Nupak Dev
00071F	European Systems Integration
000720	Trutzschler
000721	Formac Elektronik
000722	The Nielsen
000723	ELCON Systemtechnik
000724	Telemax
000725	Bematech
000726	Shenzhen Gongjin Electronics Co.,lt
000727	Zi Corporation (HK)
000728	Neo Telecom
000729	Kistler Instrumente
00072A	Innovance Networks
00072B	Jung Myung Telecom
00072C	Fabricom
00072D	CNSystems
00072E	North Node
00072F	Intransa
000730	Hutchison OPTEL Telecom
000731	Ophir-Spiricon
000732	AAEON
000733	DANCONTROL Engineering
000734	ONStor
000735	Flarion
000736	Data Video
000737	Soriya
000738	Young
000739	Scotty Group Austria
00073A	Inventel
00073B	Tenovis
00073C	Telecom Design
00073D	Nanjing Postel Telecommunications
00073E	China Great-Wall Computer Shenzhen
00073F	Woojyun Systec
000740	Buffalo
000741	Sierra Automated
000742	Ormazabal
000743	Chelsio Communications
000744	Unico
000745	Radlan Computer Communications
000746	TURCK
000747	Mecalc
000748	The Imaging Source Europe
000749	CENiX
00074A	Carl Valentin
00074B	Daihen
00074C	Beicom
00074D	Zebra
00074E	Ipfront
00074F	Cisco
000750	Cisco
000751	m-u-t
000752	Rhythm Watch
000753	Beijing Qxcomm
000754	Xyterra Computing
000755	Lafon
000756	Juyoung Telecom
000757	Topcall
000758	DragonWave
000759	Boris Manufacturing
00075A	Air Products and Chemicals
00075B	Gibson Guitars
00075C	Eastman Kodak
00075D	Celleritas
00075E	Ametek Power Instruments
00075F	VCS Video Communication
000760	TOMIS Information & Telecom
000761	29530
000762	Group Sense
000763	Sunniwell Cyber
000764	YoungWoo Telecom
000765	Jade Quantum
000766	Chou Chin Industrial
000767	Yuxing
000768	Danfoss
000769	Italiana Macchi
00076A	Nexteye
00076B	Stralfors
00076C	Daehanet
00076D	Flexlight Networks
00076E	Sinetica
00076F	Synoptics
000770	Ubiquoss
000771	Embedded System
000772	Alcatel-Lucent Shanghai Bell
000773	Ascom Powerline Communications
000774	GuangZhou Thinker
000775	Valence Semiconductor
000776	Federal APD
000777	Motah
000778	Gerstel
000779	Sungil Telecom
00077A	Infoware System
00077B	Millimetrix Broadband Networks
00077C	Westermo Network
00077D	Cisco
00077E	Elrest
00077F	J Communications
000780	Bluegiga
000781	Itron
000782	Oracle
000783	SynCom Network
000784	Cisco
000785	Cisco
000786	Wireless Networks
000787	Idea System
000788	Clipcomm
000789	Allradio
00078A	Mentor Data System
00078B	Wegener Communications
00078C	Elektronikspecialisten i Borlange
00078D	NetEngines
00078E	Garz & Fricke
00078F	Emkay Innovative Products
000790	Tri-M Technologies (s)
000791	International Data Communications
000792	Sütron Electronic
000793	Shin Satellite Public
000794	Simple Devices
000795	Elitegroup Computer
000796	LSI
000797	Netpower
000798	Selea
000799	Tipping Point
00079A	Verint
00079B	Aurora Networks
00079C	Golden
00079D	Musashi
00079E	Ilinx
00079F	Action Digital
0007A0	e-Watch
0007A1	VIASYS Healthcare
0007A2	Opteon
0007A3	Ositis Software
0007A4	GN Netcom
0007A5	Y.D.K
0007A6	Leviton Manufacturing
0007A7	Glory Technical Solutions
0007A8	Haier
0007A9	Novasonics
0007AA	Quantum Data
0007AB	Samsung
0007AC	Eolring
0007AD	Pentacon GmbH Foto-und Feinwerktechnik
0007AE	Britestream Networks
0007AF	Red Lion Controls, LP
0007B0	Office Details
0007B1	Equator
0007B2	Transaccess
0007B3	Cisco
0007B4	Cisco
0007B5	Any One Wireless
0007B6	Telecom
0007B7	Samurai Ind. Prods Eletronicos Ltda
0007B8	Corvalent
0007B9	Ginganet
0007BA	UTStarcom
0007BB	Candera
0007BC	Identix
0007BD	Radionet
0007BE	DataLogic
0007BF	Armillaire
0007C0	NetZerver
0007C1	Overture Networks
0007C2	Netsys Telecom
0007C3	Thomson
0007C4	JEAN
0007C5	Gcom
0007C6	VDS Vosskuhler
0007C7	Synectics
0007C8	Brain21
0007C9	Technol Seven
0007CA	Creatix Polymedia Ges Fur Kommunikaitonssysteme
0007CB	Freebox
0007CC	dormakaba Deutschland
0007CD	Kumoh Electronic
0007CE	Cabletime
0007CF	Anoto
0007D0	Automat Engenharia de Automação Ltda
0007D1	Spectrum Signal Processing
0007D2	Logopak Systeme
0007D3	SPGPrints
0007D4	Zhejiang Yutong Network Communication
0007D5	3e Technologies Int;
0007D6	Commil
0007D7	Caporis Networks
0007D8	Hitron
0007D9	Splicecom
0007DA	Neuro Telecom
0007DB	Kirana Networks
0007DC	Atek
0007DD	Cradle
0007DE	eCopilt
0007DF	Vbrick
0007E0	Palm
0007E1	WIS Communications
0007E2	Bitworks
0007E3	Navcom
0007E4	SoftRadio
0007E5	Coup
0007E6	edgeflow Canada
0007E7	FreeWave
0007E8	EdgeWave
0007E9	Intel
0007EA	Massana
0007EB	Cisco
0007EC	Cisco
0007ED	Altera
0007EE	telco Informationssysteme
0007EF	Lockheed Martin Tactical
0007F0	LogiSync
0007F1	TeraBurst Networks
0007F2	IOA
0007F3	Thinkengine Networks
0007F4	Eletex
0007F5	Bridgeco
0007F6	Qqest Software
0007F7	Galtronics
0007F8	ITDevices
0007F9	Sensaphone
0007FA	ITT
0007FB	Giga Stream UMTS
0007FC	Adept
0007FD	LANergy
0007FE	Rigaku
0007FF	Gluon Networks
000800	Multitech
000801	HighSpeed Surfing
000802	HP
000803	Cos Tron
000804	ICA
000805	Techno-Holon
000806	Raonet
000807	Access Devices
000808	PPT Vision
000809	Systemonic
00080A	Espera-Werke
00080B	Birka BPA Informationssystem
00080C	VDA
00080D	Toshiba
00080E	CommScope
00080F	Proximion Fiber Optics
000810	Key
000811	VOIX
000812	GM-2
000813	Diskbank
000814	TIL
000815	CATS
000816	Bluelon ApS
000817	EmergeCore Networks
000818	Pixelworks
000819	Banksys
00081A	Sanrad Intelligence Storage Communications (2000)
00081B	Windigo
00081C	@pos.com
00081D	Ipsil
00081E	Repeatit
00081F	Pou Yuen
000820	Cisco
000821	Cisco
000822	InPro Comm
000823	Texa
000824	Nuance Document Imaging
000825	Acme Packet
000826	Colorado Med
000827	ADB Broadband Italia
000828	Koei Engineering
000829	Tokyo Electron Device Nagasaki
00082A	Powerwallz Network Security
00082B	Wooksung
00082C	Homag
00082D	Indus Teqsite Private
00082E	Multitone
00082F	Cisco
000830	Cisco
000831	Cisco
000832	Cisco
00084E	DivergeNet
00084F	Qualstar
000850	Arizona Instrument
000851	Canadian Bank Note
000852	Davolink
000853	Schleicher GmbH & Co. Relaiswerke
000854	Netronix
000855	NASA-Goddard Space Flight Center
000856	Gamatronic Electronic Industries
000857	Polaris Networks
000858	Novatechnology
000859	ShenZhen Unitone
00085A	IntiGate
00085B	Hanbit
00085C	Shanghai Dare
00085D	Mitel
00085E	PCO
00085F	Picanol N.V
000860	LodgeNet Entertainment
000861	SoftEnergy
000862	NEC Eluminant
000863	Entrisphere
000864	Fasy
000865	Jascom
000866	DSX Access
000867	Uptime Devices
000868	PurOptix
000869	Command-e
00086A	Securiton
00086B	Mipsys
00086C	Plasmon LMS
00086D	Missouri FreeNet
00086E	Hyglo
00086F	Resources Computer Network
000870	Rasvia
000871	Northdata
000872	Sorenson Communications
000873	DapTechnology
000874	Dell
000875	Acorp
000876	SDSystem
000877	Liebert-Hiross
000878	Benchmark Storage Innovations
000879	CEM
00087A	Wipotec
00087B	RTX Telecom
00087C	Cisco
00087D	Cisco
00087E	Bon Electro-Telecom
00087F	SPAUN electronic
000880	BroadTel Canada Communications
000881	Digital Hands
000882	SIGMA
000883	HP
000884	Index Braille
000885	EMS Dr. Thomas Wünsche
000886	Hansung Teliann
000887	Maschinenfabrik Reinhausen
000888	OULLIM Information
000889	Dish
00088A	Minds@Work
00088B	Tropic Networks
00088C	Quanta Network
00088D	Sigma-Links
00088E	Nihon Computer
00088F	Advanced Digital
000890	Avilinks
000891	Lyan
000892	EM Solutions
000893	LE Information Communication
000894	InnoVISION Multimedia
000895	DIRC Technologie
000896	Printronix
000897	Quake
000898	Gigabit Optics
000899	Netbind
00089A	Alcatel Microelectronics
00089B	ICP
00089C	Elecs Industry
00089D	UHD-Elektronik
00089E	Beijing Enter-Net
00089F	EFM Networks
0008A0	Stotz Feinmesstechnik
0008A1	CNet
0008A2	ADI Engineering
0008A3	Cisco
0008A4	Cisco
0008A5	Peninsula
0008A6	Multiware & Image
0008A7	iLogic
0008A8	Systec
0008A9	SangSang
0008AA	KARAM
0008AB	EnerLinx.com
0008AC	BST
0008AD	Toyo-Linx
0008AE	PacketFront Network Products
0008AF	Novatec
0008B0	HUBER+SUHNER BKtel
0008B1	ProQuent
0008B2	Shenzhen Compass Technology Development
0008B3	Fastwel
0008B4	Syspol
0008B5	TAI Guen Enterprise
0008B6	RouteFree
0008B7	HIT
0008B8	E.F. Johnson
0008B9	Kaon
0008BA	Erskine
0008BB	NetExcell
0008BC	Ilevo
0008BD	Tepg-us
0008BE	Xenpak MSA
0008BF	Aptus Elektronik
0008C0	ASA
0008C1	Avistar Communications
0008C2	Cisco
0008C3	Contex
0008C4	Hikari
0008C5	Liontech
0008C6	Philips Consumer Communications
0008C7	HP
0008C8	Soneticom
0008C9	TechniSat Digital GmbH Daun
0008CA	TwinHan
0008CB	Zeta Broadband
0008CC	Remotec
0008CD	With-Net
0008CE	IPMobileNet
0008CF	Nippon Koei Power
0008D0	Musashi Engineering
0008D1	KAREL
0008D2	ZOOM Networks
0008D3	Hercules Technologies S.A.S
0008D4	IneoQuest
0008D5	Vanguard Networks Solutions
0008D6	Hassnet
0008D7	HOW
0008D8	Dowkey Microwave
0008D9	Mitadenshi
0008DA	SofaWare
0008DB	Corrigent
0008DC	Wiznet
0008DD	Telena Communications
0008DE	3UP
0008DF	Alistel
0008E0	ATO
0008E1	Barix
0008E2	Cisco
0008E3	Cisco
0008E4	Envenergy
0008E5	IDK
0008E6	Littlefeet
0008E7	SHI ControlSystems
0008E8	Excel Master
0008E9	NextGig
0008EA	Motion Control Engineering
0008EB	ROMWin
0008EC	Optical Zonu
0008ED	ST&T Instrument
0008EE	Logic Product Development
0008EF	DIBAL
0008F0	Next Generation
0008F1	Voltaire
0008F2	C&S
0008F3	WANY
0008F4	Bluetake
0008F5	Yestechnology
0008F6	Sumitomo Electric Industries
0008F7	Hitachi Ltd, Semiconductor & Integrated Circuits Gr
0008F8	UTC CCS
0008F9	Artesyn Embedded
0008FA	KEB Automation
0008FB	Sonos
0008FC	Gigaphoton
0008FD	BlueKorea
0008FE	Unik C&C
0008FF	Trilogy Communications
000900	TMT
000901	Shenzhen Shixuntong Information & Technoligy
000902	Redline Communications
000903	Panasas
000904	MONDIAL electronic
000905	iTEC
000906	Esteem Networks
000907	Chrysalis Development
000908	VTech
000909	Telenor Connect
00090A	SnedFar
00090B	MTL Instruments
00090C	Mayekawa Mfg
00090D	Leader
00090E	Helix
00090F	Fortinet
000910	Simple Access
000911	Cisco
000912	Cisco
000913	SystemK
000914	Computrols
000915	CAS
000916	Listman Home
000917	WEM
000918	Samsung
000919	MDS Gateways
00091A	Macat Optics
00091B	Digital Generation
00091C	CacheVision
00091D	Proteam Computer
00091E	Firstech
00091F	A&D
000920	EpoX COMPUTER
000921	Planmeca
000922	TST Biometrics
000923	Heaman System
000924	Telebau
000925	VSN Systemen
000926	Yoda Communications
000927	Toyokeiki
000928	Telecore
000929	Sanyo Industries (UK)
00092A	Mytecs
00092B	iQstor Networks
00092C	Hitpoint
00092D	HTC
00092E	B&Tech System
00092F	Akom
000930	AeroConcierge
000931	Future Internet
000932	Omnilux
000933	Ophit
000934	Dream-Multimedia-Tv
000935	Sandvine
000936	Ipetronik
000937	Inventec Appliance
000938	Allot Communications
000939	ShibaSoku
00093A	Molex CMS
00093B	Hyundai Networks
00093C	Jacques Technologies P/L
00093D	Newisys
00093E	C&I
00093F	Double-Win Enterpirse
000940	AGFEO
000941	Allied Telesis K.K
000942	Wireless
000943	Cisco
000944	Cisco
000945	Palmmicro Communications
000946	Cluster Labs
000947	Aztek
000948	Vista Control
000949	Glyph
00094A	Homenet Communications
00094B	FillFactory
00094C	Communication Weaver
00094D	Braintree Communications
00094E	Bartech
00094F	elmegt
000950	Independent Storage
000951	Apogee Imaging
000952	Auerswald
000953	Linkage System Integration
000954	AMiT spol. s. r. o
000955	Young Generation
000956	Network Systems Group, Ltd. (NSG)
000957	Supercaller
000958	Intelnet
000959	Sitecsoft
00095A	Racewood
00095B	Netgear
00095C	Philips Medical Systems - Cardiac and Monitoring Systems (CM
00095D	Dialogue
00095E	Masstech
00095F	Telebyte
000960	YOZAN
000961	Switchgear and Instrumentation
000962	Sonitor
000963	Dominion Lasercom
000964	Hi-Techniques
000965	HyunJu Computer
000966	Trimble Europe
000967	Tachyon
000968	Technoventure
000969	Meret Optical Communications
00096A	Cloverleaf Communications
00096B	IBM
00096C	Imedia Semiconductor
00096D	Powernet
00096E	GIANT
00096F	Beijing Zhongqing Elegant
000970	Vibration Research
000971	Time Management
000972	Securebase
000973	Lenten
000974	Innopia
000975	fSONA Communications
000976	Datasoft ISDN
000977	Brunner Elektronik
000978	AIJI System
000979	Advanced Television Systems Committee
00097A	Louis Design Labs
00097B	Cisco
00097C	Cisco
00097D	SecWell Networks
00097E	IMI
00097F	Vsecure 2000
000980	Power Zenith
000981	Newport Networks
000982	Loewe Opta
000983	GlobalTop
000984	MyCasa Network
000985	Auto Telecom
000986	Metalink
000987	Nishi Nippon Electric Wire & Cable
000988	Nudian Electron
000989	VividLogic
00098A	EqualLogic
00098B	Entropic Communications
00098C	Option Wireless Sweden
00098D	Velocity Semiconductor
00098E	ipcas
00098F	Cetacean Networks
000990	ACKSYS Communications
000991	Intelligent Platforms
000992	InterEpoch
000993	Visteon
000994	Cronyx Engineering
000995	Castle
000996	RDI
000997	Nortel Networks
000998	Capinfo
000999	CP Georges Renault
00099A	ELMO
00099B	Western Telematic
00099C	Naval Research Laboratory
00099D	Haliplex Communications
00099E	Testech
00099F	VIDEX
0009A0	Microtechno
0009A1	Telewise Communications
0009A2	Interface
0009A3	Leadfly Techologies
0009A4	Hartec
0009A5	Hansung Eletronic Industries Development
0009A6	Ignis Optics
0009A7	Bang & Olufsen
0009A8	Eastmode Pte
0009A9	Ikanos Communications
0009AA	Data Comm for Business
0009AB	Netcontrol
0009AC	Lanvoice
0009AD	Hyundai Syscomm
0009AE	Okano Electric
0009AF	e-generis
0009B0	Onkyo Technology K.K
0009B1	Kanematsu
0009B2	L&F
0009B3	MCM
0009B4	Kisan Telecom
0009B5	3J
0009B6	Cisco
0009B7	Cisco
0009B8	Entise
0009B9	Action Imaging Solutions
0009BA	MAKU Informationstechik
0009BB	MathStar
0009BC	Utility
0009BD	Epygi
0009BE	Mamiya-OP
0009BF	Nintendo
0009C0	6WIND
0009C1	Proces-data
0009C2	Onity
0009C3	NETAS
0009C4	Medicore
0009C5	Kingene
0009C6	Visionics
0009C7	Movistec
0009C8	Sinagawa Tsushin Keisou Service
0009C9	BlueWINC
0009CA	iMaxNetworks(Shenzhen)Limited
0009CB	HBrain
0009CC	Moog
0009CD	Hudson Soft
0009CE	SpaceBridge Semiconductor
0009CF	iAd
0009D0	Solacom
0009D1	Seranoa Networks
0009D2	Mai Logic
0009D3	Western DataCom
0009D4	Transtech Networks
0009D5	Signal Communication
0009D6	KNC One
0009D7	DC Security Products
0009D8	Telia
0009D9	Neoscale
0009DA	Control Module
0009DB	eSpace
0009DC	Galaxis
0009DD	Mavin
0009DE	Samjin Information & Communications
0009DF	Vestel Elektronik San ve Tic. A.S
0009E0	Xemics
0009E1	Gemtek
0009E2	Sinbon
0009E3	Angel Iglesias
0009E4	K Tech Infosystem
0009E5	Hottinger Brüel & Kjaer
0009E6	Cyber Switching
0009E7	ADC Techonology
0009E8	Cisco
0009E9	Cisco
0009EA	YEM
0009EB	HuMANDATA
0009EC	Daktronics
0009ED	CipherOptics
0009EE	Meikyo Electric
0009EF	Vocera Communications
0009F0	Shimizu
0009F1	Yamaki Electric
0009F2	Cohu, Inc., Electronics Division
0009F3	WELL Communication
0009F4	Alcon Laboratories
0009F5	Emerson Network Power
0009F6	Shenzhen Eastern Digital
0009F7	Calian Advanced
0009F8	UNIMO
0009F9	ART Japan
0009FB	Philips Patient Monitoring
0009FC	Ipflex
0009FD	Ubinetics
0009FE	Daisy
0009FF	X.net 2000
000A00	MediaTek
000A01	SOHOware
000A02	ANNSO
000A03	Endesa Servicios, S.L
000A04	3Com
000A05	Widax
000A06	Teledex
000A07	WebWayOne
000A08	Alps Alpine
000A09	TaraCom Integrated Products
000A0A	SUNIX
000A0B	Sealevel
000A0C	Scientific Research
000A0D	Amphenol
000A0E	Invivo Research
000A0F	Ilryung Telesys
000A10	FAST media integrations
000A11	ExPet
000A12	Azylex
000A13	Honeywell Video
000A14	TECO a.s
000A15	Silicon Data
000A16	Lassen Research
000A17	Nestar Communications
000A18	Vichel
000A19	Valere Power
000A1A	Imerge
000A1B	Stream Labs
000A1C	Bridge Information
000A1D	Optical Communications Products
000A1E	Red-M Products
000A1F	ART WARE Telecommunication
000A20	SVA Networks
000A21	Integra Telecom
000A22	Amperion
000A23	Parama Networks
000A24	Octave Communications
000A25	Ceragon Networks
000A26	CEIA
000A27	Apple
000A28	Motorola
000A29	Pan Dacom Networking
000A2A	QSI
000A2B	Etherstuff
000A2C	Active Tchnology
000A2D	Cabot Communications
000A2E	Maple Networks
000A2F	Artnix
000A30	Visteon
000A31	HCV Consulting
000A32	Xsido
000A33	Emulex
000A34	Identicard
000A35	Xilinx
000A36	Synelec Telecom Multimedia
000A37	Procera Networks
000A38	Apani Networks
000A39	LoPA Information
000A3A	J-THREE INTERNATIONAL Holding
000A3B	GCT Semiconductor
000A3C	Enerpoint
000A3D	Elo Sistemas Eletronicos
000A3E	EADS Telecom
000A3F	Data East
000A40	Crown Audio -- Harmanm
000A41	Cisco
000A42	Cisco
000A43	Chunghwa Telecom
000A44	Avery Dennison Deutschland
000A45	Audio-Technica
000A46	ARO Welding
000A47	Allied Vision
000A48	Albatron
000A49	F5
000A4A	Targa
000A4B	DataPower
000A4C	Molecular Devices
000A4D	Noritz
000A4E	Unitek
000A4F	Brain Boxes
000A50	Remotek
000A51	GyroSignal
000A52	AsiaRF
000A53	Intronics
000A54	Laguna Hills
000A55	Markem
000A56	HITACHI Maxell
000A57	HP
000A58	Freyer & Siegel Elektronik
000A59	HW server
000A5A	GreenNET
000A5B	Power-One
000A5C	Carel
000A5D	FingerTec Worldwide Sdn Bhd
000A5E	3COM
000A5F	almedio
000A60	Autostar Technology Pte
000A61	Cellinx
000A62	Crinis Networks
000A63	DHD
000A64	Eracom
000A65	GentechMedia
000A66	Mitsubishi Electric System & Service
000A67	OngCorp
000A68	Solarflare Communications
000A69	SUNNY bell
000A6A	SVM Microwaves s.r.o
000A6B	Tadiran Telecom Business
000A6C	Walchem
000A6D	EKS Elektronikservice
000A6E	Harmonic
000A6F	ZyFLEX
000A70	MPLS Forum
000A71	Avrio
000A72	STEC
000A73	Scientific Atlanta
000A74	Manticom Networks
000A75	Caterpillar
000A76	Beida Jade Bird Huaguang
000A77	Bluewire
000A78	Olitec
000A79	corega K.K
000A7A	Kyoritsu Electric
000A7B	Cornelius Consult
000A7C	Tecton
000A7D	Valo
000A7E	The Advantage
000A7F	Teradon Industries
000A80	Telkonet
000A81	TEIMA Audiotex S.L
000A82	Tatsuta System
000A83	Salto Systems S.L
000A84	Rainsun Enterprise
000A85	Plat'c2
000A86	Lenze
000A87	Integrated Micromachines
000A88	InCypher
000A89	Creval
000A8A	Cisco
000A8B	Cisco
000A8C	Guardware
000A8D	Eurotherm
000A8E	Invacom
000A8F	Aska
000A90	Bayside Interactive
000A91	HemoCue
000A92	Presonus
000A93	W2 Networks
000A94	ShangHai cellink
000A95	Apple
000A96	Mewtel
000A97	SONICblue
000A98	M+F Gwinner
000A99	Calamp Wireless Networks
000A9A	Aiptek
000A9B	TB
000A9C	Server
000A9D	King Young
000A9E	BroadWeb Corportation
000A9F	Pannaway
000AA0	Cedar Point Communications
000AA1	V V S
000AA2	Systek
000AA3	Shimafuji Electric
000AA4	Shanghai Surveillance
000AA5	Maxlink Industries
000AA6	Hochiki
000AA7	FEI Electron Optics
000AA8	ePipe
000AA9	Brooks Automation
000AAA	AltiGen Communications
000AAB	Toyota Technical Development
000AAC	TerraTec Electronic
000AAD	Stargames
000AAE	Rosemount Process Analytical
000AAF	Pipal
000AB0	Loytec
000AB1	Genetec
000AB2	Fresnel Wireless
000AB3	Fa. GIRA
000AB4	ETIC Telecommunications
000AB5	Digital Electronic Network
000AB6	Compunetix
000AB7	Cisco
000AB8	Cisco
000AB9	Astera
000ABA	Arcon
000ABB	Taiwan Secom
000ABC	Seabridge
000ABD	Rupprecht & Patashnick
000ABE	OPNET
000ABF	Hirota SS
000AC0	Fuyoh Video Industry
000AC1	Futuretel
000AC2	Wuhan FiberHome Digital
000AC3	eM Technics
000AC4	Daewoo Teletech
000AC5	Color Kinetics
000AC6	Overture Networks
000AC7	Unication
000AC8	ZPSYS CO.,LTD. (Planning&Management)
000AC9	Zambeel
000ACA	Yokoyama Shokai
000ACB	Xpak MSA
000ACC	Winnow Networks
000ACD	Sunrich
000ACE	Radiantech
000ACF	PROVIDEO Multimedia
000AD0	Niigata Develoment Center, F.I.T
000AD1	MWS
000AD2	Jepico
000AD3	Initech
000AD4	CoreBell
000AD5	Brainchild Electronic
000AD6	BeamReach Networks
000AD7	Origin
000AD8	IPCserv
000AD9	Sony
000ADA	Vindicator
000ADB	Trilliant
000ADC	RuggedCom
000ADD	Allworx
000ADE	Happy Communication
000ADF	Gennum
000AE0	Fujitsu Softek
000AE1	EG
000AE2	Binatone
000AE3	Yang MEI
000AE4	Wistron
000AE5	ScottCare
000AE6	Elitegroup Computer
000AE7	ELIOP
000AE8	Cathay Roxus Information
000AE9	AirVast
000AEA	Adam Elektronik Ltd. ŞTI
000AEB	TP-Link
000AEC	Koatsu Gas Kogyo
000AED	Harting
000AEE	GCD Hard- & Software
000AEF	Otrum ASA
000AF0	Shin-oh Electronics Co., Ltd. R&D
000AF1	Clarity Design
000AF2	NeoAxiom
000AF3	Cisco
000AF4	Cisco
000AF5	Airgo Networks
000AF6	Copeland LP
000AF7	Broadcom
000AF8	American Telecare
000AF9	HiConnect
000AFA	Traverse Technologies Australia
000AFB	Ambri
000AFC	Core Tec Communications
000AFD	Kentec
000AFE	NovaPal
000AFF	Kilchherr Elektronik
000B00	Fujian Start Computer Equipment
000B01	Daiichi
000B02	Dallmeier electronic
000B03	Taekwang Industrial
000B04	Volktek
000B05	Pacific Broadband Networks
000B06	CommScope
000B07	Voxpath Networks
000B08	Pillar Data
000B09	Ifoundry Systems Singapore
000B0A	dBm Optics
000B0B	Corrent
000B0C	Agile
000B0D	Air2U
000B0E	Trapeze Networks
000B0F	Bosch Rexroth
000B10	11wave Technonlogy
000B11	Himeji ABC Trading
000B12	NURI Telecom
000B13	Zetron
000B14	ViewSonic
000B15	Platypus
000B16	Communication Machinery
000B17	MKS Instruments
000B18	Private
000B19	Vernier Networks
000B1A	Industrial Defender
000B1B	Systronix
000B1C	SIBCO
000B1D	LayerZero Power
000B1E	KAPPA opto-electronics
000B1F	I CON Computer
000B20	Hirata
000B21	G-Star Communications
000B22	Environmental Systems and Services
000B23	Siemens Home & Office Comm. Devices
000B24	AirLogic
000B25	Aeluros
000B26	Wetek
000B27	Scion
000B28	Quatech
000B29	LS(LG) Industrial
000B2A	Howtel
000B2B	Hostnet
000B2C	Eiki Industrial
000B2D	Danfoss
000B2E	Cal-Comp Electronics & Communications
000B2F	bplan
000B30	Beijing Gongye Science
000B31	Yantai ZhiYang Scientific and technology industry
000B32	Vormetric
000B33	Vivato
000B34	ShangHai Broadband
000B35	Quad Bit System
000B36	Productivity
000B37	Manufacture DES Montres Rolex
000B38	Knürr
000B39	Keisoku Giken
000B3A	PESA
000B3B	devolo
000B3C	Cygnal Integrated Products
000B3D	Contal OK
000B3E	BittWare
000B3F	Anthology Solutions
000B40	Cambridge Industries Group (CIG)
000B41	Ing. Büro Dr. Beutlhauser
000B42	commax
000B43	Microscan
000B44	Concord Idea
000B45	Cisco
000B46	Cisco
000B47	Advanced Energy
000B48	sofrel
000B49	RF-Link System
000B4A	Visimetrics (UK)
000B4B	Visiowave
000B4C	Clarion (M) Sdn Bhd
000B4D	Emuzed
000B4E	Communications & Power Industries
000B4F	Verifone
000B50	Oxygnet
000B51	Micetek
000B52	Joymax
000B53	Initium
000B54	BiTMICRO Networks
000B55	ADInstruments
000B56	Cybernetics
000B57	Silicon Laboratories
000B58	Astronautics C.A
000B59	ScriptPro
000B5A	HyperEdge
000B5B	Rincon Research
000B5C	Newtech
000B5D	Fujitsu
000B5E	Audio Engineering Society
000B5F	Cisco
000B60	Cisco
000B61	Friedrich Lütze
000B62	ib-mohnen
000B63	Kaleidescape
000B64	Kieback & Peter
000B65	Sy.A.C
000B66	Teralink Communications
000B67	Topview
000B68	Addvalue Communications Pte
000B69	Franke Finland
000B6A	Asiarock
000B6B	WNC
000B6C	Sychip
000B6D	Solectron Japan Nakaniida
000B6E	Neff Instrument
000B6F	Media Streaming Networks
000B70	Load
000B71	Litchfield Communications
000B72	Lawo
000B73	Kodeos Communications
000B74	Kingwave
000B75	Iosoft
000B76	ET&T
000B77	Cogent
000B78	Taifatech
000B79	X-COM
000B7A	L-3 Linkabit
000B7B	Test-Um
000B7C	Electro-Voice Dynacord
000B7D	Solomon Extreme
000B7E	SAGINOMIYA Seisakusho
000B7F	Align Engineering
000B80	Lycium Networks
000B81	Kaparel
000B82	Grandstream Networks
000B83	Datawatt
000B84	BODET
000B85	Cisco
000B86	HPE
000B87	American Reliance
000B88	Vidisco
000B89	Top Global
000B8A	MITEQ
000B8B	Kerajet
000B8C	Flextronics
000B8D	Avvio Networks
000B8E	Ascent
000B8F	AKITA
000B90	ADVA Optical Networking
000B91	Xovis Germany
000B92	Ascom Danmark
000B93	Ritter Elektronik
000B94	Digital Monitoring Products
000B95	eBet Gaming
000B96	Innotrac Diagnostics
000B97	Matsushita Electric Industrial
000B98	NiceTechVision
000B99	SensAble
000B9A	Shanghai Ulink Telecom Equipment
000B9B	Sirius System
000B9C	TriBeam
000B9D	TwinMOS
000B9E	Yasing
000B9F	Neue ELSA
000BA0	T&L Information
000BA1	Fujikura Solutions
000BA2	Sumitomo Electric Industries
000BA3	Siemens
000BA4	Shiron Satellite Communications Ltd. (1996)
000BA5	Quasar Cipta Mandiri, PT
000BA6	Miyakawa Electric Works
000BA7	Maranti Networks
000BA8	Hanback
000BA9	CloudShield
000BAA	Aiphone
000BAB	Advantech Technology (CHINA)
000BAC	3Com
000BAD	PC-PoS
000BAE	Vitals System
000BAF	Wooju Communications
000BB0	Sysnet Telematica
000BB1	Super Star
000BB2	Smallbig
000BB3	RiT
000BB4	RDC Semiconductor
000BB5	nStor
000BB6	Metalligence
000BB7	Micro
000BB8	Kihoku Electronic
000BB9	Imsys
000BBA	Harmonic
000BBB	Etin
000BBC	En Garde
000BBD	Connexionz
000BBE	Cisco
000BBF	Cisco
000BC0	China IWNComm
000BC1	Bay Microsystems
000BC2	Corinex Communication
000BC3	Multiplex
000BC4	Biotronik
000BC5	SMC Networks
000BC6	ISAC
000BC7	ICET
000BC8	AirFlow Networks
000BC9	Electroline Equipment
000BCA	Datavan TC
000BCB	Fagor Automation , S. Coop
000BCC	JUSAN
000BCD	HP
000BCE	Free2move
000BCF	Agfa NDT
000BD0	XiMeta Technology Americas
000BD1	Aeronix
000BD2	Remopro
000BD3	cd3o
000BD4	Beijing Wise Technology & Science Development
000BD5	Nvergence
000BD6	Paxton Access
000BD7	dormakaba Deutschland
000BD8	Industrial Scientific
000BD9	General Hydrogen
000BDA	EyeCross
000BDB	Dell
000BDC	AKCP
000BDD	Tohoku Ricoh
000BDE	Teldix
000BDF	Shenzhen RouterD Networks
000BE0	SercoNet
000BE1	Nokia
000BE2	Lumenera
000BE3	Key Stream
000BE4	Hosiden
000BE5	HIMS
000BE6	Datel
000BE7	Comflux
000BE8	AOIP
000BE9	Actel
000BEA	Zultys
000BEB	Systegra
000BEC	Nippon Electric Instrument
000BED	ELM
000BEE	inc.jet
000BEF	Code
000BF0	MoTEX Products
000BF1	LAP Laser Applikations
000BF2	Chih-Kan
000BF3	BAE
000BF4	Private
000BF5	Shanghai Sibo Telecom
000BF6	Nitgen
000BF7	NIDEK
000BF8	Infinera
000BF9	Gemstone Communications
000BFA	Exemys
000BFB	D-NET
000BFC	Cisco
000BFD	Cisco
000BFE	CASTEL Broadband
000BFF	Berkeley Camera Engineering
000C00	BEB Industrie-Elektronik
000C01	Abatron
000C02	ABB
000C03	HDMI Licensing
000C04	Tecnova
000C05	RPA Reserch
000C06	Nixvue Systems Pte
000C07	Iftest
000C08	HUMEX
000C09	Hitachi IE
000C0A	Guangdong Province Electronic Technology Research Institute
000C0B	Broadbus
000C0C	APPRO
000C0D	Communications & Power Industries / Satcom Division
000C0E	XtremeSpectrum
000C0F	Techno-One
000C10	PNI
000C11	Nippon Dempa
000C12	Micro-Optronic-Messtechnik
000C13	MediaQ
000C14	Diagnostic Instruments
000C15	CyberPower
000C16	Concorde Microsystems
000C17	AJA Video
000C18	Zenisu Keisoku
000C19	Telio Communications
000C1A	Quest Technical Solutions
000C1B	Oracom
000C1C	MicroWeb
000C1D	Mettler & Fuchs
000C1E	Global Cache
000C1F	Glimmerglass Networks
000C20	Fi WIn
000C21	Faculty of Science and Technology, Keio University
000C22	Double D
000C23	Beijing Lanchuan
000C24	Anator
000C25	Allied Telesis Labs
000C26	Weintek Labs
000C27	Sammy
000C28	Rifatron
000C29	VMware
000C2A	OCTTEL Communication
000C2B	ELIAS
000C2C	Enwiser
000C2D	FullWave
000C2E	Openet information technology(shenzhen)
000C2F	SeorimTechnology
000C30	Cisco
000C31	Cisco
000C32	Avionic Design
000C33	Compucase Enterprise
000C34	Vixen
000C35	KaVo Dental
000C36	S-Takaya Electronics Industry
000C37	Geomation
000C38	TelcoBridges
000C39	Sentinel Wireless
000C3A	Oxance
000C3B	Orion Electric
000C3C	MediaChorus
000C3D	Glsystech
000C3E	Crest Audio
000C3F	Cogent Defence & Security Networks
000C40	Altech Controls
000C41	Linksys
000C42	Routerboard.com
000C43	MediaTek
000C44	Automated Interfaces
000C45	Animation
000C46	Allied Telesyn
000C47	SK Teletech(R&D Planning Team)
000C48	QoStek
000C49	Dangaard Telecom Denmark
000C4A	Cygnus Microsystems (P)
000C4B	Cheops Elektronik
000C4C	Arcor AG&Co
000C4D	Curtiss-Wright Controls Avionics
000C4E	Winbest Technology CO,LT
000C4F	UDTech Japan
000C50	Seagate
000C51	Scientific
000C52	Roll
000C53	Private
000C54	Pedestal Networks
000C55	Microlink Communications
000C56	Megatel Computer (1986)
000C57	MACKIE Engineering Services Belgium BVBA
000C58	M&S
000C59	Indyme
000C5A	IBSmm Embedded Electronics Consulting
000C5B	Hanwang
000C5C	GTN
000C5D	Chic Technology (china)
000C5E	Calypso Medical
000C5F	Avtec
000C60	ACM
000C61	AC Tech corporation DBA Advanced Digital
000C62	ABB AB, Cewe-Control
000C63	Zenith
000C64	X2 MSA
000C65	Sunin Telecom
000C66	Pronto Networks
000C67	OYO Electric
000C68	SigmaTel
000C69	National Radio Astronomy Observatory
000C6A	MBARI
000C6B	Kurz Industrie-Elektronik
000C6C	Eve
000C6D	Edwards
000C6E	ASUS
000C6F	Amtek system
000C70	ACC
000C71	Wybron
000C72	Tempearl Industrial
000C73	Telson
000C74	Rivertec
000C75	Oriental integrated
000C76	Micro-star
000C77	Life Racing
000C78	In-Tech
000C79	Extel Communications P/L
000C7A	DaTARIUS
000C7B	Alpha Project
000C7C	Internet Information Image
000C7D	Teikoku Electric MFG
000C7E	Tellium
000C7F	synertronixx
000C80	Opelcomm
000C81	Schneider Electric (Australia)
000C82	Network
000C83	Logical Solutions
000C84	Eazix
000C85	Cisco
000C86	Cisco
000C87	AMD
000C88	Apache Micro Peripherals
000C89	AC Electric Vehicles
000C8A	Bose
000C8B	Connect
000C8C	Kodicom
000C8D	Balluff MV
000C8E	Mentor Engineering
000C8F	Nergal
000C90	Octasic
000C91	Riverhead Networks
000C92	WolfVision
000C93	Xeline
000C94	United Electronic Industries, Inc. (EUI)
000C95	PrimeNet
000C96	OQO
000C97	NV ADB TTV
000C98	LETEK Communications
000C99	Hitel Link
000C9A	Hitech
000C9B	EE Solutions
000C9C	Chongho information & communications
000C9D	UbeeAirWalk
000C9E	MemoryLink
000C9F	NKE
000CA0	StorCase
000CA1	Sigmacom
000CA2	Harmonic Video Network
000CA3	Rancho
000CA4	Prompttec Product Management
000CA5	Naman NZ
000CA6	Mintera
000CA7	Metro (Suzhou)
000CA8	Garuda Networks
000CA9	Ebtron
000CAA	Cubic Transportation
000CAB	Commend
000CAC	Citizen Watch
000CAD	BTU
000CAE	Ailocom
000CAF	TRI Term
000CB0	Star Semiconductor
000CB1	Salland Engineering (Europe)
000CB2	UNION
000CB3	ROUND
000CB4	AutoCell Laboratories
000CB5	Premier Technolgies
000CB6	Nanjing SEU Mobile & Internet
000CB7	Nanjing Huazhuo
000CB8	Medion
000CB9	LEA
000CBA	Jamex
000CBB	Iskraemeco
000CBC	Iscutum
000CBD	Interface Masters
000CBE	Innominate Security
000CBF	Holy Stone Ent
000CC0	Genera
000CC1	Eaton
000CC2	ControlNet (India) Private
000CC3	BeWAN
000CC4	Tiptel
000CC5	Nextlink
000CC6	Ka-Ro
000CC7	Intelligent Computer Solutions
000CC8	Xytronix Research & Design
000CC9	Ilwoo Data
000CCA	HGST a Western Digital
000CCB	Design Combus
000CCC	Aeroscout
000CCD	IEC - Tc57
000CCE	Cisco
000CCF	Cisco
000CD0	Symetrix
000CD1	SFOM
000CD2	Schaffner EMV
000CD3	Prettl Elektronik Radeberg
000CD4	Positron Public Safety
000CD5	Passave
000CD6	Partner
000CD7	Nallatech
000CD8	M. K. Juchheim
000CD9	Itcare
000CDA	FreeHand
000CDB	Brocade Communications
000CDC	BECS
000CDD	AOS
000CDE	ABB
000CDF	JAI Manufacturing
000CE0	Trek Diagnostics
000CE1	The Open
000CE2	Rolls-Royce
000CE3	Option International N.V
000CE4	NeuroCom
000CE5	CommScope
000CE6	Fortinet
000CE7	MediaTek
000CE8	GuangZhou AnJuBao
000CE9	Bloomberg L.P
000CEA	aphona Kommunikationssysteme
000CEB	CNMP Networks
000CEC	Safran Trusted 4D
000CED	Real Digital Media
000CEE	jp-embedded
000CEF	ONE Investment
000CF0	M & N
000CF1	Intel
000CF2	GAMESA Eólica
000CF3	Call Image
000CF4	Akatsuki Electric MFG
000CF5	InfoExpress
000CF6	Sitecom Europe
000CF7	Nortel Networks
000CF8	Nortel Networks
000CF9	Xylem Water Solutions
000CFA	Digital
000CFB	Korea Network
000CFC	S2io
000CFD	Hyundai ImageQuest
000CFE	Grand Electronic
000CFF	MRO-TEK Realty
000D00	Seaway Networks
000D01	P&E Microcomputer
000D02	NEC Platforms
000D03	Matrics
000D04	Foxboro Eckardt Development
000D05	cybernet manufacturing
000D06	Compulogic
000D07	Calrec Audio
000D08	AboveCable
000D09	Yuehua(Zhuhai) Electronic
000D0A	Barco Projection
000D0B	Buffalo
000D0C	MDI Security
000D0D	ITSupported
000D0E	Inqnet
000D0F	Finlux
000D10	Embedtronics
000D11	DENTSPLY - Gendex
000D12	AXELL
000D13	Wilhelm Rutenbeck GmbH&Co
000D14	Vtech Innovation LP dba Advanced American Telephones
000D15	Voipac s.r.o
000D16	UHS
000D17	Turbo Networks
000D18	Mega-Trend
000D19	ROBE Show lighting
000D1A	Mustek System
000D1B	Kyoto Electronics Manufacturing
000D1C	Amesys Defense
000D1D	High-tek Harness ENT
000D1E	Control Techniques
000D1F	AV Digital
000D20	Asahikasei Technosystem
000D21	Wiscore
000D22	Unitronics
000D23	Smart Solution
000D24	Sentec E&E
000D25	Sanden
000D26	Primagraphics
000D27	MICROPLEX Printware
000D28	Cisco
000D29	Cisco
000D2A	Scanmatic
000D2B	Racal Instruments
000D2C	Lantronix
000D2D	NCT Deutschland
000D2E	Matsushita Avionics
000D2F	AIN Comm
000D30	IceFyre Semiconductor
000D31	Compellent
000D32	DispenseSource
000D33	Prediwave
000D34	Shell International Exploration and Production
000D35	PAC
000D36	Wu Han Routon Electronic
000D37	Wiplug
000D38	Nissin
000D39	Nevion
000D3A	Microsoft
000D3B	Microelectronics
000D3C	i.Tech Dynamic
000D3D	Hammerhead
000D3E	APLUX Communications
000D3F	VTI Instruments
000D40	Verint Loronix Video Solutions
000D41	Siemens AG ICM MP UC RD IT KLF1
000D42	Newbest Development
000D43	DRS Tactical
000D44	Audio BU - Logitech
000D45	Tottori SANYO Electric
000D46	Parker SSD Drives
000D47	Collex
000D48	AEWIN
000D49	Triton Systems of Delaware
000D4A	Steag ETA-Optik
000D4B	Roku
000D4C	Outline
000D4D	Ninelanes
000D4E	NDR
000D4F	Kenwood
000D50	Galazar Networks
000D51	DIVR
000D52	Comart system
000D53	Beijing 5w Communication
000D54	3Com
000D55	Sanycom
000D56	Dell
000D57	Fujitsu I-Network
000D58	Private
000D59	Amity
000D5A	Tiesse
000D5B	Smart Empire Investments
000D5C	Robert Bosch GmbH, VT-ATMO
000D5D	Raritan Computer
000D5E	NEC Personal Products
000D5F	Minds
000D60	IBM
000D61	Giga-Byte
000D62	Funkwerk Dabendorf
000D63	DENT Instruments
000D64	COMAG Handels
000D65	Cisco
000D66	Cisco
000D67	Ericsson
000D68	Vinci
000D69	TMT&D
000D6A	Redwood
000D6B	Mita-Teknik
000D6C	M-Audio
000D6D	K-Tech Devices
000D6E	K-Patents
000D6F	Ember
000D70	Datamax
000D71	boca
000D72	2Wire
000D73	Technical Support
000D74	Sand Network
000D75	Kobian Pte Ltd - Taiwan Branch
000D76	Hokuto Denshi
000D77	FalconStor Software
000D78	Engineering & Security
000D79	Dynamic Solutions
000D7A	DiGATTO Asia Pacific Pte
000D7B	Consensys Computers
000D7C	Codian
000D7D	Afco
000D7E	Axiowave Networks
000D7F	MIDAS COMMUNICATION TECHNOLOGIES PTE LTD ( Foreign Branch)
000D80	Online Development
000D81	Pepperl+Fuchs
000D82	Phsnet
000D83	Sanmina-SCI Hungary
000D84	Makus
000D85	Tapwave
000D86	Huber + Suhner
000D87	Elitegroup Computer
000D88	D-Link
000D89	Bils
000D8A	Winners
000D8B	T&D
000D8C	Shanghai Wedone Digital
000D8D	Prosoft
000D8E	Koden
000D8F	King Tsushin Kogyo
000D90	Factum
000D91	Eclipse (HQ Espana) S.L
000D92	ARIMA Communications
000D93	Apple
000D94	AFAR Communications
000D95	Opti-cell
000D96	Vtera
000D97	Hitachi Energy USA
000D98	S.W.A.C. Schmitt-Walter Automation Consult
000D99	Orbital Sciences Corp.; Launch
000D9A	Infotec
000D9B	Heraeus Electro-Nite International N.V
000D9C	K.A. Schmersal
000D9D	HP
000D9E	Tokuden Ohizumi Seisakusyo
000D9F	RF Micro Devices
000DA0	Nedap N.V
000DA1	Mirae ITS
000DA2	Infrant
000DA3	Emerging
000DA4	Dosch & Amand
000DA5	Fabric7
000DA6	Universal Switching
000DA7	Private
000DA8	Teletronics
000DA9	Ingeteam
000DAA	S.A.Tehnology
000DAB	Parker Hannifin GmbH Electromechanical Division Europe
000DAC	Japan CBM
000DAD	Dataprobe
000DAE	Samsung
000DAF	Plexus Corp (UK)
000DB0	Olym-tech
000DB1	Japan Network Service
000DB2	Ammasso
000DB3	SDO Communication Corperation
000DB4	Stormshield
000DB5	Globalsat
000DB6	Broadcom
000DB7	Sanko Electric
000DB8	Schiller
000DB9	PC Engines
000DBA	Océ Document
000DBB	Nippon Dentsu
000DBC	Cisco
000DBD	Cisco
000DBE	Bel Fuse Europe Ltd.,UK
000DBF	TekTone Sound & Signal Mfg
000DC0	Spagat
000DC1	SafeWeb
000DC2	Private
000DC3	First Communication
000DC4	Emcore
000DC5	EchoStar Global
000DC6	DigiRose
000DC7	Cosmic Engineering
000DC8	AirMagnet
000DC9	THALES Elektronik Systeme
000DCA	Tait
000DCB	Petcomkorea
000DCC	Neosmart
000DCD	Groupe Txcom
000DCE	Dynavac Technology Pte
000DCF	Cidra
000DD0	TetraTec Instruments
000DD1	Stryker
000DD2	Simrad Optronics ASA
000DD3	SAMWOO Telecommunication
000DD4	Symantec
000DD5	O'rite
000DD6	ITI
000DD7	Bright
000DD8	BBN
000DD9	Anton Paar
000DDA	Allied Telesis K.K
000DDB	Airwave
000DDC	VAC
000DDD	Profilo Telra Elektronik Sanayi ve Ticaret. A.Ş
000DDE	Joyteck
000DDF	Japan Image & Network
000DE0	Icpdas
000DE1	Control Products
000DE2	CMZ Sistemi Elettronici
000DE3	AT Sweden
000DE4	Diginics
000DE5	Samsung
000DE6	Youngbo Engineering
000DE7	Snap-on OEM
000DE8	Nasaco Electronics Pte
000DE9	Napatech Aps
000DEA	Kingtel Telecommunication
000DEB	CompXs
000DEC	Cisco
000DED	Cisco
000DEE	Andrew RF Power Amplifier
000DEF	Soc. Coop. Bilanciai
000DF0	QCOM
000DF1	IONIX
000DF2	Private
000DF3	Asmax Solutions
000DF4	Watertek
000DF5	Teletronics
000DF6	Technology Thesaurus
000DF7	Space Dynamics Lab
000DF8	ORGA Kartensysteme
000DF9	NDS
000DFA	Micro Control
000DFB	Komax
000DFC	ITFOR
000DFD	Huges Hi-Tech
000DFE	Hauppauge Computer Works
000DFF	Chenming Mold Industry
000E00	Atrie
000E01	ASIP
000E02	Advantech AMT
000E03	Emulex
000E04	CMA/Microdialysis
000E05	Wireless Matrix
000E06	Team Simoco
000E07	Sony
000E08	Linksys
000E09	Shenzhen Coship Software
000E0A	Sakuma Design Office
000E0B	Netac
000E0C	Intel
000E0D	Hesch Schröder
000E0E	ESA elettronica
000E0F	ERMME
000E10	C-guys
000E11	BDT Büro und Datentechnik
000E12	Adaptive Micro
000E13	Accu-Sort
000E14	Visionary Solutions
000E15	Tadlys
000E16	SouthWing S.L
000E17	Private
000E18	MyA
000E19	LogicaCMG
000E1A	JPS Communications
000E1B	IAV
000E1C	Hach
000E1D	ARION
000E1E	QLogic
000E1F	TCL Networks Equipment
000E20	ACCESS Systems Americas
000E21	MTU Friedrichshafen
000E22	Private
000E23	Incipient
000E24	Huwell
000E25	Hannae
000E26	Gincom
000E27	Crere Networks
000E28	Dynamic Ratings P/L
000E29	Shester Communications
000E2A	dormakaba USA
000E2B	Safari
000E2C	Netcodec
000E2D	Hyundai Digital
000E2E	Edimax
000E2F	Roche Diagnostics
000E30	AERAS Networks
000E31	Olympus Soft Imaging Solutions
000E32	Kontron Medical
000E33	Shuko
000E34	NexGen City, LP
000E35	Intel
000E36	Heinesys
000E37	Harms & Wende
000E38	Cisco
000E39	Cisco
000E3A	Cirrus Logic
000E3B	Hawking
000E3C	Transact
000E3D	Televic N.V
000E3E	Sun Optronics
000E3F	Soronti
000E40	Nortel Networks
000E41	Nihon Mechatronics
000E42	Motic Incoporation
000E43	G-Tek Electronics Sdn. Bhd
000E44	Digital 5
000E45	Beijing Newtry Electronic
000E46	Niigata Seimitsu
000E47	NCI System
000E48	Lipman TransAction Solutions
000E49	Forsway Scandinavia
000E4A	Changchun Huayu WEBPAD
000E4B	atrium c and i
000E4C	Bermai
000E4D	Numesa
000E4E	Waveplus
000E4F	Trajet
000E50	Thomson Telecom Belgium
000E51	TECNA
000E52	Optium
000E53	AV
000E54	AlphaCell Wireless
000E55	Auvitran
000E56	4G
000E57	Iworld Networking
000E58	Sonos
000E59	Sagemcom
000E5A	Telefield
000E5B	ParkerVision - Direct2Data
000E5C	CommScope
000E5D	Triple Play
000E5E	Raisecom
000E5F	activ-net
000E60	360SUN Digital Broadband
000E61	Microtrol
000E62	Nortel Networks
000E63	Lemke Diagnostics
000E64	Elphel
000E65	TransCore
000E66	Hitachi Industry & Control Solutions
000E67	Eltis Microelectronics
000E68	E-TOP Network
000E69	China Electric Power Research Institute
000E6A	3Com
000E6B	Janitza
000E6C	Device Drivers
000E6D	Murata
000E6E	MAT S.A. (Mircrelec Advanced Technology)
000E6F	IRIS Corporation Berhad
000E70	in2 Networks
000E71	Gemstar Technology Development
000E72	Sesami
000E73	Tpack
000E74	Solar Telecom
000E75	New York Air Brake
000E76	Gemsoc Innovision
000E77	Decru
000E78	Amtelco
000E79	Ample Communications
000E7A	GemWon Communications
000E7B	Toshiba
000E7C	Televes
000E7D	Electronics Line 3000
000E7E	ionSign
000E7F	HP
000E80	Thomson
000E81	Devicescape Software
000E82	Infinity
000E83	Cisco
000E84	Cisco
000E85	Catalyst Enterprises
000E86	Alcatel North America
000E87	adp Gauselmann
000E88	Videotron
000E89	Clematic
000E8A	Avara
000E8B	Astarte
000E8C	Siemens
000E8D	Systems in Progress Holding
000E8E	SparkLAN Communications
000E8F	Sercomm
000E90	Ponico
000E91	Navico Auckland
000E92	Open Telecom
000E93	Milénio 3 Sistemas Electrónicos, Lda
000E94	Maas
000E95	Fujiya Denki Seisakusho
000E96	Cubic Defense Applications
000E97	Ultracker
000E98	HME Clear-Com
000E99	Spectrum Digital
000E9A	BOE
000E9B	Ambit Microsystems
000E9C	Benchmark
000E9D	Tiscali UK
000E9E	Topfield
000E9F	Temic SDS
000EA0	NetKlass
000EA1	Formosa Teletek
000EA2	McAfee
000EA3	CNCR-IT CO.,LTD,HangZhou P.R.CHINA
000EA4	Quantum
000EA5	BLIP
000EA6	ASUS
000EA7	Endace
000EA8	United Technologists Europe
000EA9	Shanghai Xun Shi Communications Equipment
000EAA	Scalent
000EAB	Cray
000EAC	Mintron Enterprise
000EAD	Metanoia
000EAE	Gawell
000EAF	Castel
000EB0	Solutions Radio
000EB1	Newcotech
000EB2	Micro-Research Finland
000EB3	HP
000EB4	Guangzhou Gaoke Communications
000EB5	Ecastle
000EB6	Riverbed
000EB7	Knovative
000EB8	Iiga
000EB9	HASHIMOTO Electronics Industry
000EBA	Hanmi Semiconductor
000EBB	Everbee Networks
000EBC	Paragon Fidelity
000EBD	Burdick, a Quinton Compny
000EBE	B&B Electronics Manufacturing
000EBF	Remsdaq
000EC0	Nortel Networks
000EC1	MYNAH
000EC2	Lowrance
000EC3	Logic Controls
000EC4	Iskra Transmission d.d
000EC5	Digital Multitools
000EC6	ASIX
000EC7	Motorola
000EC8	Zoran
000EC9	YOKO
000ECA	WTSS
000ECB	VineSys
000ECC	Tableau
000ECD	SKOV
000ECE	S.i.t.t.i
000ECF	PROFIBUS Nutzerorganisation e.V
000ED0	Privaris
000ED1	Osaka Micro Computer
000ED2	Filtronic
000ED3	Epicenter
000ED4	Cresitt Industrie
000ED5	COPAN
000ED6	Cisco
000ED7	Cisco
000ED8	Positron Access Solutions
000ED9	Aksys
000EDA	C-tech United
000EDB	XiNCOM
000EDC	Tellion
000EDD	SHURE
000EDE	REMEC
000EDF	PLX
000EE0	Mcharge
000EE1	ExtremeSpeed
000EE2	Custom Engineering
000EE3	Chiyu
000EE4	BOE
000EE5	bitWallet
000EE6	Adimos
000EE7	AAC
000EE8	Zioncom Electronics (Shenzhen)
000EE9	WayTech Development
000EEA	Shadong Luneng Jicheng
000EEB	Sandmartin(zhong shan)Electronics
000EEC	Orban
000EED	Nokia
000EEE	Muco Industrie
000EEF	Private
000EF0	Festo
000EF1	Ezquest
000EF2	Infinico
000EF3	Smartlabs
000EF4	Kasda Networks
000EF5	iPAC
000EF6	E-TEN Information
000EF7	Vulcan Portals
000EF8	SBC ASI
000EF9	REA Elektronik
000EFA	Optoway Technology Incorporation
000EFB	Macey Enterprises
000EFC	JTAG
000EFD	Fujinon
000EFE	EndRun
000EFF	Megasolution
000F00	Legra
000F01	Digitalks
000F02	Digicube
000F03	COM&C
000F04	cim-usa
000F05	3B System
000F06	Nortel Networks
000F07	Mangrove
000F08	Indagon
000F09	Private
000F0A	Clear Edge Networks
000F0B	Kentima
000F0C	Synchronic Engineering
000F0D	Hunt Electronic
000F0E	WaveSplitter
000F0F	Real ID
000F10	RDM
000F11	Prodrive
000F12	Panasonic Europe
000F13	Nisca
000F14	Mindray
000F15	Icotera
000F16	JAY HOW
000F17	Insta Elektro
000F18	Industrial Control
000F19	Boston Scientific
000F1A	Gaming Support
000F1B	Ego
000F1C	DigitAll World
000F1D	Cosmo Techs
000F1E	Chengdu KT Electric Co.of High & New
000F1F	Dell
000F20	HP
000F21	Scientific Atlanta
000F22	Helius
000F23	Cisco
000F24	Cisco
000F25	AimValley
000F26	WorldAccxx
000F27	TEAL
000F28	Itronix
000F29	Augmentix
000F2A	Cableware
000F2B	Greenbell
000F2C	Lantronix
000F2D	Chung-hsin Electric & Machinery MFG
000F2E	Megapower
000F2F	W-linx
000F30	Raza Microelectronics
000F31	Allied Vision Technologies Canada
000F32	Lootom Telcovideo Network (Wuxi)
000F33	DUALi
000F34	Cisco
000F35	Cisco
000F36	Accurate Techhnologies
000F37	Xambala
000F38	Netstar
000F39	Iris Sensors
000F3A	Hisharp
000F3B	Fuji System Machines
000F3C	Endeleo
000F3D	D-Link
000F3E	CardioNet
000F3F	Big Bear Networks
000F40	Optical Internetworking Forum
000F41	Zipher
000F42	Xalyo
000F43	Wasabi
000F44	Tivella
000F45	Stretch
000F46	SINAR
000F47	ROBOX
000F48	Polypix
000F49	Northover Solutions
000F4A	Kyushu-kyohan
000F4B	Oracle
000F4C	Elextech
000F4D	TalkSwitch
000F4E	Cellink
000F4F	PCS Systemtechnik
000F50	StreamScale
000F51	Azul
000F52	YORK Refrigeration, Marine & Controls
000F53	Solarflare Communications
000F54	Entrelogic
000F55	Datawire Communication Networks
000F56	Continuum Photonics
000F57	Cablelogic
000F58	Adder
000F59	Phonak
000F5A	Peribit Networks
000F5B	Delta Information
000F5C	Day One Digital Media
000F5D	Genexis
000F5E	Veo
000F5F	Nicety Technologies Inc. (NTS)
000F60	Lifetron
000F61	HP
000F62	Alcatel Bell Space N.V
000F63	Obzerv
000F64	D&R Electronica Weesp
000F65	icube
000F66	Linksys
000F67	West Instruments
000F68	Vavic Network
000F69	SEW Eurodrive
000F6A	Nortel Networks
000F6B	GateWare Communications
000F6C	Addi-data
000F6D	Midas Engineering
000F6E	BBox
000F6F	FTA Communication
000F70	Wintec Industries
000F71	Sanmei
000F72	Sandburst
000F73	RS Automation
000F74	Qamcom
000F75	First Silicon Solutions
000F76	Digital Keystone
000F77	Dentum
000F78	Datacap
000F79	Bluetooth Interest
000F7A	BeiJing NuQX
000F7B	Arce Sistemas
000F7C	ACTi
000F7D	Xirrus
000F7E	Ablerex
000F7F	Ubstorage
000F80	Trinity Security
000F81	PAL Pacific
000F82	Mortara Instrument
000F83	Brainium
000F84	Astute Networks
000F85	ADDO-Japan
000F86	BlackBerry RTS
000F87	Maxcess
000F88	Ametek
000F89	Winnertec System
000F8A	WideView
000F8B	Orion MultiSystems
000F8C	Gigawavetech Pte
000F8D	FAST TV-Server
000F8E	Dongyang Telecom
000F8F	Cisco
000F90	Cisco
000F91	Aerotelecom
000F92	Microhard
000F93	Landis+Gyr
000F94	Genexis
000F95	ELECOM Co.,LTD Laneed Division
000F96	Telco
000F97	Avanex
000F98	Avamax
000F99	APAC opto
000F9A	Synchrony
000F9B	Ross Video
000F9C	Panduit
000F9D	DisplayLink (UK)
000F9E	Murrelektronik
000F9F	CommScope
000FA0	Canon Korea
000FA1	Gigabit
000FA2	2xWireless
000FA3	Alpha Networks
000FA4	Sprecher Automation
000FA5	BWA
000FA6	S2 Security
000FA7	Raptor Networks
000FA8	Photometrics
000FA9	PC Fabrik
000FAA	Nexus
000FAB	Kyushu
000FAC	Ieee 802.11
000FAD	FMN communications
000FAE	E2O Communications
000FAF	Dialog
000FB0	Compal
000FB1	Cognio
000FB2	Broadband Pacenet (India) Pvt
000FB3	Actiontec
000FB4	Timespace
000FB5	Netgear
000FB6	Europlex
000FB7	Cavium
000FB8	CallURL
000FB9	Adaptive Instruments
000FBA	Tevebox
000FBB	Nokia
000FBC	Onkey
000FBD	MRV Communications (Networks)
000FBE	e-w/you
000FBF	DGT Sp. z o.o
000FC0	DELCOMp
000FC1	WAVE
000FC2	Uniwell
000FC3	PalmPalm
000FC4	NST
000FC5	KeyMed
000FC6	Eurocom Industries
000FC7	Dionica R&D
000FC8	Chantry Networks
000FC9	Allnet
000FCA	A-jin Techline
000FCB	3Com
000FCC	CommScope
000FCD	Nortel Networks
000FCE	Kikusui
000FCF	DataWind Research
000FD0	ASTRI
000FD1	Applied Wireless Identifications
000FD2	EWA
000FD3	Digium
000FD4	Soundcraft
000FD5	Schwechat - RISE
000FD6	Sarotech
000FD7	Harman Music
000FD8	Force
000FD9	FlexDSL Telecommunications
000FDA	Yazaki
000FDB	Westell
000FDC	Ueda Japan Radio
000FDD	Sordin
000FDE	Sony
000FDF	Solomon
000FE0	NComputing
000FE1	ID Digital
000FE2	Hangzhou H3C
000FE3	Damm Cellular
000FE4	Pantech
000FE5	Mercury Security
000FE6	MBTech
000FE7	Lutron
000FE8	Lobos
000FE9	GW
000FEA	Giga-byte
000FEB	Cylon Controls
000FEC	GopherTec
000FED	Anam
000FEE	XTec
000FEF	Thales e-Transactions
000FF0	Sunray
000FF1	nex-G Systems Pte
000FF2	Loud
000FF3	Jung Myoung Communications&Technology
000FF4	Guntermann & Drunck
000FF5	GN&S
000FF6	Darfon Lighting
000FF7	Cisco
000FF8	Cisco
000FF9	Valcretec
000FFA	Optinel
000FFB	Nippon Denso Industry
000FFC	Merit Li-Lin Ent
000FFD	Glorytek Network
000FFE	G-pro Computer
000FFF	Control4
001000	Cable Television Laboratories
001001	Citel
001002	ACTIA
001003	Imatron
001004	THE Brantley Coile
001005	UEC Commercial
001006	Thales Contact Solutions
001007	Cisco
001008	Vienna
001009	Horanet
00100A	Williams Communications
00100B	Cisco
00100C	ITO
00100D	Cisco
00100E	Micro Linear Coporation
00100F	Industrial CPU
001010	Initio
001011	Cisco
001012	Processor Systems (I) PVT
001013	Kontron America
001014	Cisco
001015	OOmon
001016	T.sqware
001017	Bosch Access
001018	Broadcom
001019	Sirona Dental
00101A	PictureTel
00101B	Cornet
00101C	OHM Technologies Intl
00101D	Winbond
00101E	Matsushita Electronic Instruments
00101F	Cisco
001020	Hand Held Products
001021	Encanto Networks
001022	SatCom Media
001023	Network Equipment
001024	Nagoya Electric Works
001025	Grayhill
001026	Accelerated Networks
001027	L-3 Communications East
001028	Computer Technica
001029	Cisco
00102A	ZF Microsystems
00102B	Umax Data
00102C	Lasat Networks
00102D	Hitachi Software Engineering
00102E	Network Systems & Technologies PVT
00102F	Cisco
001030	EION
001031	Objective Communications
001032	ALTA
001033	Accesslan Communications
001034	GNP Computers
001035	Elitegroup Computer
001036	Inter-tel Integrated
001037	CYQ've
001038	Micro Research
001039	Vectron
00103A	Diamond Network
00103B	Hippi Networking Forum
00103C	IC Ensemble
00103D	Phasecom
00103E	Netschools
00103F	Tollgrade Communications
001040	Intermec
001041	Bristol Babcock
001042	Alacritech
001043	A2
001044	InnoLabs
001045	Nortel Networks
001046	Alcorn Mcbride
001047	Echo Eletric
001048	Htrc Automation
001049	ShoreTel
00104A	The Parvus
00104B	3COM
00104C	Teledyne LeCroy
00104D	Surtec Industries
00104E	Ceologic
00104F	Oracle
001050	RION
001051	Cmicro
001052	Mettler-toledo (albstadt)
001053	Computer
001054	Cisco
001055	Fujitsu Microelectronics
001056	Sodick
001057	Rebel.com
001058	ArrowPoint Communications
001059	Diablo Research
00105A	3COM
00105B	NET Insight
00105C	Quantum Designs (h.k.)
00105D	Draeger Medical
00105E	Spirent plc, Service Assurance Broadband
00105F	Zodiac Data
001060	Billionton
001061	Hostlink
001062	NX Server, Ilnc
001063	Starguide Digital Networks
001064	DNPG
001065	Radyne
001066	Advanced Control
001067	Ericsson
001068	Comos Telecom
001069	Helioss Communications
00106A	Digital Microwave
00106B	Sonus Networks
00106C	EDNT
00106D	Axxcelera Broadband Wireless
00106E	Tadiran COM
00106F	Trenton
001070	Caradon Trend
001071	Advanet
001072	GVN
001073	Technobox
001074	ATEN
001075	Segate
001076	EUREM
001077	SAF Drive
001078	Nuera Communications
001079	Cisco
00107A	AmbiCom
00107B	Cisco
00107C	P-COM
00107D	Aurora Communications
00107E	Bachmann Electronic
00107F	Crestron
001080	Metawave Communications
001081	DPS
001082	JNA Telecommunications
001083	HP
001084	K-bot Communications
001085	Polaris Communications
001086	ATTO
001087	Xstreamis
001088	American Networks
001089	WebSonic
00108A	TeraLogic
00108B	Laseranimation Sollinger
00108C	Fujitsu Services
00108D	Johnson Controls
00108E	Hugh Symons Concept
00108F	Raptor
001090	Cimetrics
001091	NO Wires Needed
001092	Netcore
001093	CMS Computers
001094	Performance Analysis Broadband, Spirent
001095	Thomson
001096	Tracewell
001097	WinNet Metropolitan Communications
001098	Starnet
001099	InnoMedia
00109A	Netline
00109B	Emulex
00109C	MG
00109D	Clarinet
00109E	AWARE
00109F	PAVO
0010A0	Innovex
0010A1	Kendin Semiconductor
0010A2	TNS
0010A3	Omnitronix
0010A4	Xircom
0010A5	Oxford Instruments
0010A6	Cisco
0010A7	UNEX
0010A8	Reliance Computer
0010A9	ADHOC
0010AA	Media4
0010AB	Koito Electric Industries
0010AC	IMCI
0010AD	Softronics USB
0010AE	Shinko Electric Industries
0010AF	TAC
0010B0	Meridian
0010B1	FOR-A
0010B2	Coactive Aesthetics
0010B3	Nokia
0010B4	Atmosphere Networks
0010B5	Accton
0010B6	Entrata Communications
0010B7	Coyote
0010B8	Ishigaki Computer System
0010B9	Maxtor
0010BA	Martinho-davis
0010BB	Data & Information
0010BC	Aastra Telecom
0010BD	THE Telecommunication Technology Committee (ttc)
0010BE	March Networks
0010BF	InterAir Wireless
0010C0	ARMA
0010C1	OI Electric
0010C2	Willnet
0010C3	Csi-control
0010C4	Media Global Links
0010C5	Protocol
0010C6	Universal Global Scientific Industrial
0010C7	Data Transmission Network
0010C8	Communications Electronics Security
0010C9	Mitsubishi Electronics Logistic Support
0010CA	Telco
0010CB	Facit K.K
0010CC	CLP Computer Logistik Planung
0010CD	Interface Concept
0010CE	Volamp
0010CF	Fiberlane Communications
0010D0	Witcom
0010D1	Top Layer Networks
0010D2	Nitto Tsushinki
0010D3	Grips Electronic
0010D4	Storage Computer
0010D5	Imasde Canarias
0010D6	Exelis
0010D7	Argosy Research
0010D8	Calista
0010D9	IBM Japan, Fujisawa Mt+d
0010DA	Kollmorgen
0010DB	Juniper
0010DC	Micro-star
0010DD	Enable Semiconductor
0010DE	International Datacasting
0010DF	Rise Computer
0010E0	Oracle
0010E1	S.I
0010E2	ArrayComm
0010E3	HP
0010E4	NSI
0010E5	Solectron Texas
0010E6	Applied Intelligent
0010E7	Breezecom
0010E8	Telocity
0010E9	Raidtec
0010EA	ADEPT
0010EB	Selsius
0010EC	Embedded Planet
0010ED	Sundance
0010EE	CTI Products
0010EF	DBTEL
0010F0	Rittal-werk Rudolf LOH
0010F1	I-O
0010F2	ANTEC
0010F3	Nexcom
0010F4	Vertical Communications
0010F5	Amherst
0010F6	Cisco
0010F7	Iriichi
0010F8	TEXIO
0010F9	Unique
0010FA	Apple
0010FB	ZIDA
0010FC	Broadband Networks
0010FD	COCOM
0010FE	Digital Equipment
0010FF	Cisco
001100	Schneider Electric
001101	CET Technologies Pte
001102	Aurora Multimedia
001103	kawamura electric
001104	Telexy
001105	Sunplus
001106	Siemens NV (Belgium)
001107	RGB Networks
001108	Orbital Data
001109	Micro-Star
00110A	HP
00110B	Franklin
00110C	Atmark Techno
00110D	SANBlaze
00110E	Tsurusaki Sealand Transportation
00110F	netplat
001110	Maxanna
001111	Intel
001112	Honeywell CMSS
001113	Fraunhofer FOKUS
001114	EverFocus
001115	EPIN
001116	Coteau Vert
001117	Cesnet
001118	BLX IC Design
001119	Solteras
00111A	CommScope
00111B	Targa Systems Div L-3 Communications
00111C	Pleora
00111D	Hectrix
00111E	B&R Industrial Automation
00111F	Doremi Labs
001120	Cisco
001121	Cisco
001122	Cimsys
001123	Appointech
001124	Apple
001125	IBM
001126	Venstar
001127	TASI
001128	Streamit
001129	Paradise Datacom
00112A	Niko
00112B	NetModule
00112C	IZT
00112D	iPulse
00112E	Ceicom
00112F	ASUS
001130	Allied Telesis (Hong Kong)
001131	Unatech
001132	Synology
001133	Siemens AG Austria
001134	MediaCell
001135	Grandeye
001136	Goodrich Sensor
001137	Aichi Electric
001138	Taishin
001139	STOEBER ANTRIEBSTECHNIK GmbH +
00113A	Shinboram
00113B	Micronet Communications
00113C	Micronas
00113D	KN Soltec
00113E	JL
00113F	Alcatel DI
001140	Nanometrics
001141	GoodMan
001142	e-SMARTCOM
001143	Dell
001144	Assurance
001145	ValuePoint Networks
001146	Telecard-Pribor
001147	Secom-Industry
001148	Prolon Control
001149	Proliphix
00114A	Kayaba Industry
00114B	Francotyp-Postalia
00114C	caffeina applied research
00114D	Atsumi Electric
00114E	690885 Ontario
00114F	US Digital Television
001150	Belkin
001151	Mykotronx
001152	Eidsvoll
001153	Trident Tek
001154	Webpro
001155	Sevis
001156	Pharos Systems NZ
001157	Oki Electric Industry
001158	Nortel Networks
001159	Matisse Networks
00115A	Ivoclar Vivadent
00115B	Elitegroup Computer
00115C	Cisco
00115D	Cisco
00115E	ProMinent Dosiertechnik
00115F	ITX Security
001160	Artdio
001161	NetStreams
001162	Star Micronics
001163	System SPA Dept
001164	ACARD
001165	ZNYX Networks
001166	Taelim
001167	Integrated System Solution
001168	HomeLogic
001169	EMS Satcom
00116A	Domo
00116B	Digital Data Communications Asia
00116C	Nanwang Multimedia
00116D	American Time and Signal
00116E	Peplink
00116F	Netforyou
001170	GSC
001171	DEXTER Communications
001172	Cotron
001173	SMART Storage
001174	Mojo Networks
001175	Intel
001176	Intellambda
001177	Coaxial Networks
001178	Chiron
001179	Singular
00117A	Singim
00117B	Büchi Labortechnik
00117C	e-zy.net
00117D	ZMD America
00117E	Midmark
00117F	Neotune Information
001180	CommScope
001181	InterEnergy
001182	IMI Norgren
001183	Datalogic ADC
001184	Humo Laboratory
001185	HP
001186	Prime
001187	Category Solutions
001188	Enterasys
001189	Aerotech
00118A	Viewtran
00118B	Alcatel-Lucent Enterprise
00118C	Missouri Department of Transportation
00118D	Hanchang System
00118E	Halytech Mace
00118F	Eutech Instruments PTE
001190	Digital Design
001191	CTS-Clima Temperatur Systeme
001192	Cisco
001193	Cisco
001194	Chi Mei Communication
001195	D-Link
001196	Actuality
001197	Monitoring
001198	Prism Media Products
001199	2wcom
00119A	Alkeria
00119B	Telesynergy Research
00119C	EP&T Energy
00119D	Diginfo
00119E	Solectron Brazil
00119F	Nokia
0011A0	Vtech Engineering Canada
0011A1	Vision Netware
0011A2	Manufacturing
0011A3	LanReady
0011A4	JStream
0011A5	Fortuna Electronic
0011A6	Sypixx Networks
0011A7	Infilco Degremont
0011A8	Quest
0011A9	Nurivoice
0011AA	Uniclass
0011AB	Trustable
0011AC	Simtec
0011AD	Shanghai Ruijie
0011AE	CommScope
0011AF	Medialink-i
0011B0	Fortelink
0011B1	BlueExpert
0011B2	2001
0011B3	Yoshimiya
0011B4	Westermo Network
0011B5	Shenzhen Powercom
0011B6	Open
0011B7	Octalix
0011B8	Liebherr - Elektronik
0011B9	Inner Range
0011BA	Elexol
0011BB	Cisco
0011BC	Cisco
0011BD	Bombardier Transportation
0011BE	AGP Telecom
0011BF	AESYS
0011C0	Aday
0011C1	4P Mobile Data Processing
0011C2	United Fiber Optic Communication
0011C3	Transceiving System
0011C4	Terminales de Telecomunicacion Terrestre, S.L
0011C5	TEN
0011C6	Seagate
0011C7	Raymarine UK
0011C8	Powercom
0011C9	MTT
0011CA	Long Range
0011CB	Jacobsons
0011CC	Guangzhou Jinpeng
0011CD	Axsun
0011CE	Ubisense
0011CF	Thrane & Thrane
0011D0	Tandberg Data ASA
0011D1	Soft Imaging System
0011D2	Perception Digital
0011D3	NextGenTel Holding ASA
0011D4	NetEnrich
0011D5	Hangzhou Sunyard System Engineering
0011D6	HandEra
0011D7	eWerks
0011D8	ASUS
0011D9	TiVo
0011DA	Vivaas
0011DB	Land-Cellular
0011DC	Glunz & Jensen
0011DD	Fromus TEC
0011DE	Eurilogic
0011DF	Current Energy
0011E0	U-MEDIA Communications
0011E1	Arcelik A.S
0011E2	Hua Jung Components
0011E3	Thomson
0011E4	Danelec
0011E5	KCodes
0011E6	Scientific Atlanta
0011E7	WORLDSAT - Texas de France
0011E8	Tixi.Com
0011E9	Starnex
0011EA	IWICS
0011EB	Innovative Integration
0011EC	AVIX
0011ED	802 Global
0011EE	Estari
0011EF	Conitec Datensysteme
0011F0	Wideful
0011F1	QinetiQ
0011F2	Institute of Network
0011F3	NeoMedia Europe
0011F4	woori-net
0011F5	Askey Computer
0011F6	Asia Pacific Microsystems
0011F7	Shenzhen Forward Industry
0011F8	Airaya
0011F9	Nortel Networks
0011FA	Rane
0011FB	Heidelberg Engineering
0011FC	Harting
0011FD	KORG
0011FE	Keiyo System Research
0011FF	Digitro Tecnologia Ltda
001200	Cisco
001201	Cisco
001202	Decrane Aerospace - Audio
001203	ActivNetworks
001204	u10 Networks
001205	Terrasat Communications
001206	iQuest (NZ)
001207	Head Strong
001208	Gantner Instruments
001209	Fastrax
00120A	Emerson Climate
00120B	Chinasys
00120C	CE-Infosys Pte
00120D	Advanced Telecommunication
00120E	AboCom
00120F	IEEE 802.3 Working
001210	WideRay
001211	Protechna Herbst
001212	PLUS
001213	Metrohm
001214	Koenig & Bauer
001215	iStor Networks
001216	ICP Internet Communication Payment
001217	Linksys
001218	ARUZE
001219	General Datacomm
00121A	Techno Soft Systemnics
00121B	Sound Devices
00121C	Parrot
00121D	Netfabric
00121E	Juniper
00121F	Harding Instruments
001220	Cadco
001221	B.Braun Melsungen
001222	Skardin (UK)
001223	Pixim
001224	NexQL
001225	CommScope
001226	Japan Direx
001227	Franklin Electric
001228	Data
001229	BroadEasy
00122A	VTech Telecommunications
00122B	Virbiage
00122C	Soenen Controls N.V
00122D	SiNett
00122E	Signal Technology - AISD
00122F	Sanei Electric
001230	Picaso Infocommunication
001231	Motion Control
001232	LeWiz Communications
001233	JRC Tokki
001234	Camille Bauer
001235	Andrew
001236	ConSentry Networks
001237	Texas Instruments
001238	SetaBox
001239	S Net
00123A	Posystech
00123B	KeRo Systems ApS
00123C	Second Rule
00123D	GES
00123E	ERUNE
00123F	Dell
001240	AMOI
001241	a2i marketing center
001242	Millennial Net
001243	Cisco
001244	Cisco
001245	Zellweger Analytics
001246	T.O.M
001247	Samsung
001248	Dell
001249	Delta Elettronica
00124A	Dedicated Devices
00124B	Texas Instruments
00124C	BBWM
00124D	Inducon
00124E	XAC Automation
00124F	Chemelex
001250	Tokyo Aircaft Instrument
001251	Silink
001252	Citronix
001253	AudioDev
001254	Spectra
001255	NetEffect
001256	LG Information & Comm
001257	LeapComm Communication
001258	TechVoIP Sp z o.o
001259	Thermo Electron Karlsruhe
00125A	Microsoft
00125B	Kaimei Electroni
00125C	Green Hills Software
00125D	CyberNet
00125E	CAEN
00125F	AWIND
001260	Stanton Magnetics
001261	Adaptix
001262	Nokia
001263	Data Voice
001264	daum electronic
001265	Enerdyne
001266	Swisscom Hospitality Services
001267	Panasonic
001268	IPS d.o.o
001269	Value
00126A	Optoelectronics
00126B	Ascalade Communications
00126C	Visonic Technologies 1993
00126D	University of California, Berkeley
00126E	Seidel Elektronik GmbH Nfg
00126F	Rayson
001270	NGES Denro
001271	Measurement Computing
001272	Redux Communications
001273	Stoke
001274	NIT lab
001275	Sentilla
001276	CG Power Systems Ireland
001277	Beijer
001278	International Bar Code
001279	HP
00127A	Sanyu Industry
00127B	VIA Networking
00127C	Swegon
00127D	MobileAria
00127E	Digital Lifestyles
00127F	Cisco
001280	Cisco
001281	March Networks
001282	Qovia
001283	Nortel Networks
001284	Lab33
001285	Gizmondo Europe
001286	Endevco
001287	Digital Everywhere Unterhaltungselektronik
001288	2Wire
001289	Advance Sterilization Products
00128A	CommScope
00128B	Sensory Networks
00128C	Woodward Governor
00128D	STB Datenservice
00128E	Q-Free ASA
00128F	Montilio
001290	KYOWA Electric & Machinery
001291	KWS Computersysteme
001292	Griffin
001293	ABB Switzerland
001294	Sumitomo Electric Device Innovations
001295	Aiware
001296	Addlogix
001297	O2Micro
001298	Mico Electric(shenzhen)
001299	Ktech Telecommunications
00129A	IRT
00129B	E2S Electronic Engineering Solutions, S.L
00129C	Yulinet
00129D	First International Computer do Brasil
00129E	Surf Communications
00129F	RAE
0012A0	NeoMeridian Sdn Bhd
0012A1	BluePacket Communications
0012A2	VITA
0012A3	Trust
0012A4	ThingMagic
0012A5	Dolphin Interconnect Solutions
0012A6	Dolby Australia
0012A7	ISR
0012A8	intec
0012A9	3Com
0012AA	IEE
0012AB	WiLife
0012AC	Ontimetek
0012AD	Vivavis
0012AE	HLS HARD-LINE Solutions
0012AF	ELPRO
0012B0	Efore Oyj (Plc)
0012B1	Dai Nippon Printing
0012B2	Avolites
0012B3	Advance Wireless
0012B4	Work Microwave
0012B5	Vialta
0012B6	Santa Barbara Infrared
0012B7	PTW Freiburg
0012B8	G2 Microsystems
0012B9	Fusion Digital
0012BA	FSI
0012BB	Telecommunications Industry Association TR-41 Committee
0012BC	Echolab
0012BD	Avantec Manufacturing
0012BE	Astek
0012BF	Arcadyan
0012C0	HotLava
0012C1	Check Point Software
0012C2	Apex Electronics Factory
0012C3	WIT
0012C4	Viseon
0012C5	V-Show Technology (China)
0012C6	TGC America
0012C7	Securay
0012C8	Perfect
0012C9	CommScope
0012CA	Mechatronic Brick Aps
0012CB	CSS
0012CC	Bitatek
0012CD	ASEM
0012CE	Advanced Cybernetics
0012CF	Accton
0012D0	Gossen-Metrawatt-GmbH
0012D1	Texas Instruments
0012D2	Texas Instruments
0012D3	Zetta
0012D4	Princeton
0012D5	Motion Reality
0012D6	Jiangsu Yitong High-Tech
0012D7	Invento Networks
0012D8	International Games System
0012D9	Cisco
0012DA	Cisco
0012DB	ZIEHL industrie-elektronik GmbH +
0012DC	SunCorp Industrial
0012DD	Shengqu Information Technology (Shanghai)
0012DE	Radio Components Sweden
0012DF	Novomatic
0012E0	Codan
0012E1	Alliant Networks
0012E2	ALAXALA Networks
0012E3	Agat Soft
0012E4	ZIEHL industrie-electronik GmbH +
0012E5	Time America
0012E6	Spectec Computer
0012E7	Projectek Networking
0012E8	Fraunhofer IMS
0012E9	Abbey
0012EA	Trane
0012EB	PDH Solutions
0012EC	Movacolor
0012ED	AVG Advanced
0012EE	Sony
0012EF	OneAccess
0012F0	Intel
0012F1	Ifotec
0012F2	Brocade Communications
0012F3	u-blox
0012F4	Belco
0012F5	Imarda New Zealand
0012F6	MDK
0012F7	Xiamen Xinglian
0012F8	WNI Resources
0012F9	Uryu Seisaku
0012FA	THX
0012FB	Samsung
0012FC	PLANET System
0012FD	Optimus IC
0012FE	Lenovo
0012FF	Lely Industries N.V
001300	It-factory
001301	IronGate S.L
001302	Intel
001303	GateConnect
001304	Flaircomm
001305	Epicom
001306	Always On Wireless
001307	Paravirtual
001308	Nuvera Fuel Cells
001309	Ocean Broadband Networks
00130A	Nortel Networks
00130B	Mextal
00130C	HF System
00130D	Galileo Avionica
00130E	Focusrite Audio Engineering
00130F	EGEMEN Bilgisayar Muh San ve Tic LTD STI
001310	Linksys
001311	CommScope
001312	Amedia Networks
001313	GuangZhou Post & Telecom Equipment
001314	Asiamajor
001315	Sony
001316	L-S-B Broadcast
001317	GN Netcom
001318	Dgstation
001319	Cisco
00131A	Cisco
00131B	BeCell Innovations
00131C	LiteTouch
00131D	Scanvaegt
00131E	peiker acustic
00131F	NxtPhase T&D
001320	Intel
001321	HP
001322	DAQ
001323	Cap
001324	Schneider Electric Ultra Terminal
001325	Cortina
001326	ECM
001327	Data Acquisitions
001328	Westech Korea
001329	VSST
00132A	Sitronics Telecom Solutions
00132B	Phoenix Digital
00132C	MAZ Brandenburg
00132D	iWise Communications
00132E	ITian Coporation
00132F	Interactek
001330	Euro Protection Surveillance
001331	CellPoint Connect
001332	Beijing Topsec Network Security
001333	BaudTec
001334	Arkados
001335	VS Industry Berhad
001336	Tianjin 712 Communication Broadcasting
001337	Orient Power Home Network
001338	Fresenius-vial
001339	CCV Deutschland
00133A	VadaTech
00133B	Speed Dragon Multimedia
00133C	Quintron
00133D	Micro Memory Curtiss Wright
00133E	MetaSwitch
00133F	Eppendorf Instrumente
001340	AD.EL
001341	Shandong New Beiyang Information
001342	Vision Research
001343	Matsushita Electronic Components (Europe)
001344	Fargo
001345	Eaton
001346	D-Link
001347	Red Lion Controls, LP
001348	Artila
001349	Zyxel
00134A	Engim
00134B	ToGoldenNet
00134C	YDT
00134D	Inepro
00134E	Valox
00134F	Rapidus Wireless Networks
001350	Silver Spring Networks
001351	Niles Audio
001352	Naztec
001353	HYDAC Filtertechnik
001354	Zcomax
001355	TOMEN Cyber-business Solutions
001356	FLIR Radiation
001357	Soyal
001358	Realm
001359	ProTelevision
00135A	Project T&E
00135B	PanelLink Cinema
00135C	OnSite
00135D	NTTPC Communications
00135E	Eab/rwi/k
00135F	Cisco
001360	Cisco
001361	Biospace
001362	ShinHeung Precision
001363	Verascape
001364	Paradigm
001365	Nortel Networks
001366	Neturity
001367	Narayon
001368	Saab Danmark
001369	Honda Electron Co., LED
00136A	Hach Lange Sarl
00136B	E-TEC
00136C	TomTom
00136D	Tentaculus
00136E	Techmetro
00136F	PacketMotion
001370	Nokia
001371	CommScope
001372	Dell
001373	BLwave
001374	Qualcomm
001375	American Security Products
001376	Tabor
001377	Samsung
001378	Qsan
001379	Ponder Information Industries
00137A	Netvox
00137B	Movon
00137C	Kaicom
00137D	Dynalab
00137E	CorEdge Networks
00137F	Cisco
001380	Cisco
001381	CHIPS
001382	Cetacea Networks
001383	Application Technologies and Engineering Research Laboratory
001384	Advanced Motion Controls
001385	Add-On
001386	ABB Inc/Totalflow
001387	27M
001388	WiMedia Alliance
001389	Redes de Telefonía Móvil
00138A	Qingdao GoerTek
00138B	Phantom
00138C	Kumyoung
00138D	Kinghold
00138E	FOAB Elektronik
00138F	Asiarock
001390	Termtek Computer
001391	OUEN
001392	Ruckus
001393	Panta
001394	Infohand
001395	congatec
001396	Acbel Polytech
001397	Oracle
001398	TrafficSim
001399	STAC
00139A	K-ubique ID
00139B	ioIMAGE
00139C	Exavera
00139D	MaxLinear Hispania S.L.U
00139E	Ciara
00139F	Electronics Design Services
0013A0	Algosystem
0013A1	Crow Electronic Engeneering
0013A2	MaxStream
0013A3	Siemens Home & Office Comm. Devices
0013A4	KeyEye Communications
0013A5	General Solutions
0013A6	Extricom
0013A7	Battelle Memorial Institute
0013A8	Tanisys
0013A9	Sony
0013AA	ALS & TEC
0013AB	Telemotive
0013AC	Sunmyung
0013AD	Sendo
0013AE	Radiance
0013AF	NUMA
0013B0	Jablotron
0013B1	Intelligent Control Systems (Asia) Pte
0013B2	Carallon
0013B3	Ecom Communications
0013B4	Appear
0013B5	Wavesat
0013B6	Sling Media
0013B7	Scantech ID
0013B8	RyCo Electronic
0013B9	BM
0013BA	ReadyLinks
0013BB	Smartvue
0013BC	Artimi
0013BD	Hymatom
0013BE	Virtual Conexions
0013BF	Media System Planning
0013C0	Trix Tecnologia Ltda
0013C1	Asoka USA
0013C2	WACOM
0013C3	Cisco
0013C4	Cisco
0013C5	Lightron Fiber-optic Devices
0013C6	OpenGear
0013C7	IONOS
0013C8	ADB Broadband Italia
0013C9	Beyond Achieve Enterprises
0013CA	ATX
0013CB	Zenitel Norway
0013CC	Tall Maple
0013CD	MTI
0013CE	Intel
0013CF	4Access Communications
0013D0	t+ Medical
0013D1	KIRK telecom
0013D2	Page Iberica
0013D3	Micro-star
0013D4	ASUS
0013D5	RuggedCom
0013D6	TII Network
0013D7	Spidcom
0013D8	Princeton Instruments
0013D9	Matrix Product Development
0013DA	Diskware
0013DB	SHOEI Electric
0013DC	IBTEK
0013DD	Abbott Diagnostics
0013DE	Adapt4
0013DF	Ryvor
0013E0	Murata
0013E1	Iprobe
0013E2	GeoVision
0013E3	CoVi
0013E4	Yangjae
0013E5	Tenosys
0013E6	Technolution
0013E7	Halcro
0013E8	Intel
0013E9	VeriWave
0013EA	Kamstrup
0013EB	Sysmaster
0013EC	Netsnapper Technologies SARL
0013ED	PSIA
0013EE	JBX Designs
0013EF	Kingjon Digital
0013F0	Wavefront Semiconductor
0013F1	AMOD
0013F2	Klas
0013F3	Giga-byte Communications
0013F4	Psitek (Pty)
0013F5	Akimbi
0013F6	Cintech
0013F7	SMC Networks
0013F8	Dex Security Solutions
0013F9	Cavera
0013FA	LifeSize Communications
0013FB	RKC Instrument
0013FC	SiCortex
0013FD	Nokia
0013FE	Grandtec Electronic
0013FF	Dage-MTI of MC
001400	Minerva Korea
001401	Rivertree Networks
001402	kk-electronic
001403	Renasis
001404	CommScope
001405	OpenIB
001406	Go Networks
001407	Sperian Protection Instrumentation
001408	Eka
001409	Magneti Marelli S.E
00140A	WEPIO
00140B	First International Computer
00140C	GKB Cctv
00140D	Nortel Networks
00140E	Nortel Networks
00140F	Federal State Unitary Enterprise Leningrad R&D Institute of
001410	Suzhou Keda
001411	Deutschmann Automation
001412	S-TEC
001413	Trebing & Himstedt Prozeßautomation
001414	Jumpnode
001415	Intec Automation
001416	Scosche Industries
001417	RSE Informations Technologie
001418	C4Line
001419	SIDSA
00141A	DEICY
00141B	Cisco
00141C	Cisco
00141D	KEBA Industrial Automation Germany
00141E	P.A. Semi
00141F	SunKwang
001420	G-Links networking
001421	Total Wireless Technologies Pte
001422	Dell
001423	J-S Co. NEUROCOM
001424	Merry Electrics
001425	Galactic Computing
001426	NL
001427	JazzMutant
001428	Vocollect
001429	V Center
00142A	Elitegroup Computer
00142B	Edata Communication
00142C	Koncept
00142D	Toradex
00142E	77 Elektronika Kft
00142F	Savvius
001430	ViPowER
001431	PDL
001432	Tarallax Wireless
001433	Empower Technologies(Canada)
001434	Keri
001435	CityCom
001436	Qwerty Elektronik
001437	GSTeletech
001438	HPE
001439	Blonder Tongue Laboratories
00143A	Raytalk
00143B	Sensovation
00143C	Rheinmetall Canada
00143D	Aevoe
00143E	AirLink Communications
00143F	Hotway
001440	Atomic
001441	Innovation Sound
001442	ATTO
001443	Consultronics Europe
001444	Grundfos Holding
001445	Telefon-Gradnja d.o.o
001446	SuperVision Solutions
001447	BOAZ
001448	Inventec Multimedia & Telecom
001449	Sichuan Changhong Electric
00144A	Taiwan Thick-Film Ind
00144B	Hifn
00144C	General Meters
00144D	Intelligent
00144E	SRISA
00144F	Oracle
001450	Heim
001451	Apple
001452	Calculex
001453	Advantech
001454	Symwave
001455	Coder
001456	Edge Products
001457	Nevion
001458	HS Automatic ApS
001459	Moram
00145A	Westermo Neratec
00145B	SeekerNet
00145C	Intronics
00145D	WJ Communications
00145E	IBM
00145F	Aditec
001460	Kyocera Wireless
001461	Corona
001462	Digiwell
001463	Idcs N.V
001464	Cryptosoft
001465	Novo Nordisk
001466	Kleinhenz Elektronik
001467	ArrowSpan
001468	CelPlan
001469	Cisco
00146A	Cisco
00146B	Anagran
00146C	Netgear
00146D	RF
00146E	H. Stoll
00146F	Kohler
001470	Prokom Software
001471	Eastern Asia
001472	China Broadband Wireless IP Standard group(ChinaBWIPS)
001473	Bookham
001474	K40
001475	Wiline Networks
001476	MultiCom Industries
001477	Trilliant
001478	TP-Link
001479	NEC Magnus Communications
00147A	Eubus
00147B	Iteris
00147C	3Com
00147D	Aeon Digital
00147E	InnerWireless
00147F	Thomson Telecom Belgium
001480	Hitachi-LG Data Storage Korea
001481	Multilink
001482	Aurora Networks
001483	eXS
001484	Cermate
001485	Giga-Byte
001486	Echo Digital Audio
001487	American Technology Integrators
001488	Akorri
001489	B15402100 - Jandei, S.L
00148A	Elin Ebg Traction
00148B	Globo Electronic
00148C	General Dynamics Mission
00148D	Cubic Defense Simulation
00148E	Tele Power
00148F	Protronic (Far East)
001490	ASP
001491	Daniels Electronics Ltd. dba Codan Radio Communications
001492	Liteon, Mobile Media Solution SBU
001493	Systimax Solutions
001494	ESU
001495	2Wire
001496	Phonic
001497	ZHIYUAN Eletronics
001498	Viking Design
001499	Helicomm
00149A	CommScope
00149B	Nokota Communications
00149C	HF
00149D	Sound ID
00149E	UbONE
00149F	System and Chips
0014A0	Accsense
0014A1	Synchronous Communication
0014A2	Core Micro
0014A3	Vitelec
0014A4	Foxconn
0014A5	Gemtek
0014A6	Teranetics
0014A7	Nokia
0014A8	Cisco
0014A9	Cisco
0014AA	Ashly Audio
0014AB	Senhai Electronic
0014AC	Bountiful WiFi
0014AD	Gassner Wiege- und Meßtechnik
0014AE	Wizlogics
0014AF	Datasym POS
0014B0	Naeil Community
0014B1	Axell Wireless
0014B2	mCubelogics
0014B3	CoreStar
0014B4	General Dynamics United Kingdom
0014B5	Physiometrix
0014B6	Enswer
0014B7	AR Infotek
0014B8	Hill-Rom
0014B9	Mstar Semiconductor
0014BA	Carvers SA de CV
0014BB	Open Interface North America
0014BC	Synectic Telecom Exports PVT
0014BD	incNETWORKS
0014BE	Wink communication
0014BF	Linksys
0014C0	Symstream
0014C1	U.S. Robotics
0014C2	HP
0014C3	Seagate
0014C4	Vitelcom Mobile
0014C5	Alive
0014C6	Quixant
0014C7	Nortel Networks
0014C8	Contemporary Research
0014C9	Brocade Communications
0014CA	Key Radio
0014CB	LifeSync
0014CC	Zetec
0014CD	DigitalZone
0014CE	NF
0014CF	INVISIO Communications
0014D0	BTI
0014D1	TRENDnet
0014D2	Kyuden Technosystems
0014D3	SEPSA
0014D4	K
0014D5	Datang Telecom Technology CO. , LCD,Optical Communication Br
0014D6	Jeongmin
0014D7	Datastore
0014D8	bio-logic
0014D9	IP Fabrics
0014DA	Huntleigh Healthcare
0014DB	Elma Trenew Electronic
0014DC	Communication System Design & Manufacturing (CSDM)
0014DD	Covergence
0014DE	Sage Instruments
0014DF	HI-P
0014E0	LET'S
0014E1	Data Display
0014E2	datacom
0014E3	mm-lab
0014E4	infinias
0014E5	Alticast
0014E6	AIM Infrarotmodule
0014E7	Stolinx
0014E8	CommScope
0014E9	Nortech
0014EA	S Digm Inc. (Safe Paradigm Inc.)
0014EB	AwarePoint
0014EC	Acro Telecom
0014ED	Airak
0014EE	Western Digital
0014EF	TZero
0014F0	Business Security OL
0014F1	Cisco
0014F2	Cisco
0014F3	ViXS
0014F4	DekTec Digital Video
0014F5	OSI Security Devices
0014F6	Juniper
0014F7	Crevis
0014F8	Scientific Atlanta
0014F9	Vantage Controls
0014FA	AsGa
0014FB	Technical Solutions
0014FC	Extandon
0014FD	Thecus
0014FE	Artech
0014FF	Precise Automation
001500	Intel
001501	LexBox
001502	BETA
001503	PROFIcomms s.r.o
001504	Game Plus
001505	Actiontec
001506	Neo Photonics
001507	Renaissance Learning
001508	Global Target Enterprise
001509	Plus
00150A	Sonoa
00150B	Sage Infotech
00150C	AVM (FRITZ!Box)
00150D	Hoana Medical
00150E	Openbrain
00150F	mingjong
001510	Techsphere
001511	Data Center
001512	Zurich University of Applied Sciences
001513	EFS
001514	Hu Zhou NAVA Networks&Electronics
001515	Leipold+Co
001516	URIEL
001517	Intel
001518	Shenzhen 10MOONS Technology Development
001519	StoreAge Networking
00151A	Hunter Engineering
00151B	Isilon
00151C	Leneco
00151D	M2I
00151E	B&R Industrial Automation
00151F	Multivision Intelligent Surveillance (Hong Kong)
001520	Radiocrafts
001521	Horoquartz
001522	Dea Security
001523	Meteor Communications
001524	Numatics
001525	Chamberlain Access Solutions
001526	Remote
001527	Balboa Instruments
001528	Beacon Medical Products LLC d.b.a. BeaconMedaes
001529	N3
00152A	Nokia
00152B	Cisco
00152C	Cisco
00152D	TenX Networks
00152E	PacketHop
00152F	CommScope
001530	Dell
001531	KOCOM
001532	Consumer
001533	NADAM
001534	A Beltrónica-Companhia de Comunicações, Lda
001535	OTE
001536	Powertech
001537	Ventus Networks
001538	RFID
001539	Technodrive
00153A	Shenzhen Syscan
00153B	EMH Metering
00153C	Kprotech
00153D	Elim Product
00153E	Q-Matic Sweden
00153F	Alcatel Alenia Space Italia
001540	Nortel Networks
001541	StrataLight Communications
001542	Microhard
001543	Aberdeen Test Center
001544	coM.s.a.t
001545	Seecode
001546	ITG Worldwide Sdn Bhd
001547	AiZen Solutions
001548	CUBE
001549	Dixtal Biomedica Ind. Com. Ltda
00154A	Wanshih Electronic
00154B	Wonde Proud
00154C	Saunders
00154D	Netronome
00154E	IEC
00154F	one RF
001550	Nits
001551	RadioPulse
001552	Wi-Gear
001553	Cytyc
001554	Atalum Wireless
001555	DFM
001556	Sagemcom
001557	Olivetti
001558	Foxconn
001559	Securaplane
00155A	Dainippon Pharmaceutical
00155B	Sampo
00155C	Dresser Wayne
00155D	Microsoft
00155E	Morgan Stanley
00155F	GreenPeak
001560	HP
001561	JJPlus
001562	Cisco
001563	Cisco
001564	BEHRINGER Spezielle Studiotechnik
001565	Xiamen Yealink Network
001566	A-First
001567	Radwin
001568	Dilithium Networks
001569	Peco II
00156A	DG2L Technologies Pvt
00156B	Perfisans Networks
00156C	Sane System
00156D	Ubiquiti
00156E	A. W. Communication
00156F	Xiranet Communications
001570	Zebra
001571	Nolan
001572	Red-Lemon
001573	NewSoft
001574	Horizon Semiconductors
001575	Nevis Networks
001576	LABiTec - Labor Biomedical
001577	Allied Telesis
001578	Audio / Video Innovations
001579	Lunatone Industrielle Elektronik
00157A	Telefin
00157B	Leuze electronic GmbH +
00157C	Dave Networks
00157D	Posdata
00157E	Weidmüller Interface
00157F	ChuanG International Holding
001580	U-WAY
001581	MAKUS
001582	Pulse Eight
001583	IVT
001584	Schenck Process
001585	Aonvision Technolopy
001586	Xiamen Overseas Chinese Electronic
001587	Takenaka Seisakusho
001588	Salutica Allied Solutions Sdn Bhd
001589	D-MAX
00158A	Surecom
00158B	Park Air
00158C	Liab ApS
00158D	Jennic
00158E	Plustek
00158F	NTT Advanced
001590	Hectronic
001591	RLW
001592	Facom UK Ltd (Melksham)
001593	U4EA
001594	Bixolon
001595	Quester Tangent
001596	CommScope
001597	Aeta Audio
001598	Kolektor
001599	Samsung
00159A	CommScope
00159B	Nortel Networks
00159C	B-kyung System
00159D	Tripp Lite
00159E	Mad Catz Interactive
00159F	Terascala
0015A0	Nokia
0015A1	Eca-sinters
0015A2	CommScope
0015A3	CommScope
0015A4	CommScope
0015A5	DCI
0015A6	Digital Electronics Products
0015A7	Robatech
0015A8	CommScope
0015A9	Kwang WOO I&C
0015AA	Rextechnik
0015AB	PRO CO Sound
0015AC	Capelon
0015AD	Accedian Networks
0015AE	kyung il
0015AF	AzureWave
0015B0	Autotelenet
0015B1	Ambient
0015B2	Advanced Industrial Computer
0015B3	Caretech
0015B4	Polymap Wireless
0015B5	CI Network
0015B6	ShinMaywa Industries
0015B7	Toshiba
0015B8	Tahoe
0015B9	Samsung
0015BA	iba
0015BB	SMA Solar
0015BC	Develco
0015BD	Group 4
0015BE	Iqua
0015BF	technicob
0015C0	Digital Telemedia
0015C1	Sony
0015C2	3M Germany
0015C3	Ruf Telematik
0015C4	Flovel
0015C5	Dell
0015C6	Cisco
0015C7	Cisco
0015C8	FlexiPanel
0015C9	Gumstix
0015CA	TeraRecon
0015CB	Surf Communication Solutions
0015CC	Uquest
0015CD	Exartech
0015CE	CommScope
0015CF	CommScope
0015D0	CommScope
0015D1	CommScope
0015D2	Xantech
0015D3	Pantech&Curitel Communications
0015D4	Emitor
0015D5	Nicevt
0015D6	OSLiNK Sp. z o.o
0015D7	Reti
0015D8	Interlink
0015D9	PKC
0015DA	Iritel A.D
0015DB	Canesta
0015DC	KT&C
0015DD	IP Control
0015DE	Nokia
0015DF	Clivet
0015E0	Ericsson
0015E1	Picochip
0015E2	Dr.Ing. Herbert Knauer
0015E3	Dream
0015E4	Zimmer Elektromedizin
0015E5	Cheertek
0015E6	Mobile Technika
0015E7	Quantec Tontechnik
0015E8	Nortel Networks
0015E9	D-Link
0015EA	Hensoldt South Africa (Pty)
0015EB	ZTE
0015EC	Boca Devices
0015ED	Fulcrum Microsystems
0015EE	Omnex Control
0015EF	NEC Tokin
0015F0	EGO
0015F1	KYLINK Communications
0015F2	ASUS
0015F3	Peltor
0015F4	Eventide
0015F5	Sustainable Energy
0015F6	Science AND Engineering Services
0015F7	Wintecronics
0015F8	Kingtronics Industrial
0015F9	Cisco
0015FA	Cisco
0015FB	setex schermuly textile computer
0015FC	Littelfuse Startco
0015FD	Complete Media
0015FE	Schilling Robotics
0015FF	Inseego Wireless
001600	CelleBrite Mobile Synchronization
001601	Buffalo
001602	CEYON
001603	Coolksky
001604	Sigpro
001605	Yorkville Sound
001606	Ideal Industries
001607	Curves
001608	Sequans Communications
001609	Unitech
00160A	SWEEX Europe
00160B	TVWorks
00160C	LPL Development S.a. DE C.V
00160D	Be Here
00160E	Optica
00160F	Badger Meter
001610	Carina
001611	Altecon
001612	Otsuka
001613	LibreStream
001614	Picosecond Pulse Labs
001615	Nittan
001616	Browan Communications Incorporation
001617	MSI
001618	Hivion
001619	Lancelan Technologies S.L
00161A	Dametric
00161B	Micronet
00161C	e:cue
00161D	Innovative Wireless
00161E	Woojinnet
00161F	Sunwavetec
001620	Sony
001621	Colorado Vnet
001622	BBH
001623	Interval Media
001624	Teneros
001625	Impinj
001626	CommScope
001627	embedded-logic DESIGN AND MORE
001628	Magicard
001629	Nivus
00162A	Antik computers & communications s.r.o
00162B	Togami Electric Mfg
00162C	Xanboo
00162D	STNet
00162E	Space Shuttle Hi-Tech
00162F	Geutebrück
001630	Vativ
001631	Xteam
001632	Samsung
001633	Oxford Diagnostics
001634	Mathtech
001635	HP
001636	Quanta Computer
001637	CITEL
001638	TECOM
001639	Ubiquam
00163A	YVES
00163B	Communications & Power Industries
00163C	Rebox
00163D	Tsinghua Tongfang Legend Silicon
00163E	Xensource
00163F	CReTE
001640	Asmobile Communication
001641	Universal Global Scientific Industrial
001642	Pangolin
001643	Sunhillo
001644	Lite-on
001645	Eaton
001646	Cisco
001647	Cisco
001648	SSD
001649	SetOne
00164A	Vibration
00164B	Quorion Data
00164C	Planet INT
00164D	Alcatel-Lucent IPD
00164E	Nokia
00164F	World Ethnic Broadcastin
001650	Kratos EPD
001651	Exeo
001652	Hoatech
001653	LEGO System A/S IE Electronics Division
001654	Flex-P Industries Sdn. Bhd
001655	FUHO
001656	Nintendo
001657	Aegate
001658	Fusiontech
001659	Z.m.p. Radwag
00165A	Harman Specialty
00165B	Grip Audio
00165C	Trackflow
00165D	AirDefense
00165E	Precision I/O
00165F	Fairmount Automation
001660	Nortel Networks
001661	Novatium Solutions (P)
001662	Liyuh
001663	KBT Mobile
001664	Prod-El
001665	Cellon France
001666	Quantier Communication
001667	A-TEC Subsystem
001668	Eishin
001669	MRV Communication (Networks)
00166A	TPS
00166B	Samsung
00166C	Samsung
00166D	Yulong Computer Telecommunication Scientific (Shenzhen)
00166E	Arbitron
00166F	Intel
001670	SKNET
001671	Symphox Information
001672	Zenway enterprise
001673	Bury
001674	EuroCB (Phils.)
001675	CommScope
001676	Intel
001677	Bihl + Wiedemann
001678	Shenzhen Baoan Gaoke
001679	eOn Communications
00167A	Skyworth Overseas Development
00167B	Haver&Boecker
00167C	iRex
00167D	Sky-Line Information
00167E	Diboss
00167F	Bluebird Soft
001680	Bally Gaming +
001681	Vector Informatik
001682	OMS Motion
001683	WEBIO
001684	Donjin
001685	Elisa Oyj
001686	Karl Storz Imaging
001687	Chubb CSC-Vendor AP
001688	ServerEngines
001689	Pilkor
00168A	id-Confirm
00168B	Paralan
00168C	DSL Partner
00168D	Korwin
00168E	Vimicro
00168F	GN Netcom
001690	J-tek Incorporation
001691	Moser-Baer
001692	Scientific-Atlanta
001693	PowerLink
001694	Sennheiser Communications
001695	AVC Technology (International)
001696	QDI Technology (H.K.)
001697	NEC
001698	T&A Mobile Phones
001699	Tonic DVB Marketing
00169A	Quadrics
00169B	Alstom Transport
00169C	Cisco
00169D	Cisco
00169E	TV One
00169F	Vimtron
0016A0	Auto-Maskin
0016A1	3Leaf Networks
0016A2	CentraLite
0016A3	Ingeteam
0016A4	Ezurio
0016A5	Tandberg Storage ASA
0016A6	Dovado FZ-LLC
0016A7	Aweta G&P
0016A8	CWT
0016A9	2EI
0016AA	Kei Communication
0016AB	Dansensor
0016AC	Toho
0016AD	BT-Links
0016AE	Inventel
0016AF	Shenzhen Union Networks Equipment
0016B0	VK
0016B1	KBS
0016B2	DriveCam
0016B3	Photonicbridges (China)
0016B4	Private
0016B5	CommScope
0016B6	Linksys
0016B7	Seoul Commtech
0016B8	Sony
0016B9	ProCurve Networking by HP
0016BA	Weathernews
0016BB	Law-Chain Computer
0016BC	Nokia
0016BD	ATI Industrial Automation
0016BE	Infranet
0016BF	PaloDEx
0016C0	Semtech
0016C1	Eleksen
0016C2	Avtec
0016C3	BA
0016C4	SiRF
0016C5	Shenzhen Xing Feng Industry
0016C6	North Atlantic Industries
0016C7	Cisco
0016C8	Cisco
0016C9	NAT Seattle
0016CA	Nortel Networks
0016CB	Apple
0016CC	Xcute Mobile
0016CD	Hiji High-tech
0016CE	Foxconn
0016CF	Foxconn
0016D0	ATech elektronika d.o.o
0016D1	ZAT a.s
0016D2	Caspian
0016D3	Wistron
0016D4	Compal Communications
0016D5	Synccom
0016D6	TDA
0016D7	Sunways
0016D8	Senea
0016D9	Ningbo Bird
0016DA	Futronic
0016DB	Samsung
0016DC	Archos
0016DD	Gigabeam
0016DE	FAST
0016DF	Lundinova
0016E0	3Com
0016E1	SiliconStor
0016E2	American Fibertek
0016E3	Askey Computer
0016E4	Vanguard Security Engineering
0016E5	Fordley Development
0016E6	Giga-byte
0016E7	Dynamix Promotions
0016E8	Lumissil Microsystems
0016E9	Tiba Medical
0016EA	Intel
0016EB	Intel
0016EC	Elitegroup Computer
0016ED	Utility
0016EE	Royaldigital
0016EF	Koko Fitness
0016F0	Dell
0016F1	OmniSense
0016F2	Dmobile System
0016F3	CAST Information
0016F4	Eidicom
0016F5	Dalian Golden Hualu Digital
0016F6	Nevion
0016F7	L-3 Communications, Aviation Recorders
0016F8	Aviqtech
0016F9	CETRTA POT, d.o.o., Kranj
0016FA	ECI Telecom
0016FB	Shenzhen MTC
0016FC	Tohken
0016FD	Jaty
0016FE	Alpsalpine
0016FF	Wamin Optocomm Mfg
001700	CommScope
001701	KDE
001702	Osung Midicom
001703	MOSDAN Internation
001704	Shinco
001705	Methode
001706	Techfaithwireless Communication
001707	InGrid
001708	HP
001709	Exalt Communications
00170A	Inew Digital
00170B	Contela
00170C	Twig Com
00170D	Dust Networks
00170E	Cisco
00170F	Cisco
001710	AxyomCore
001711	Cytiva Sweden
001712	ISCO
001713	Tiger NetCom
001714	BR Controls Nederland
001715	Qstik
001716	Qno
001717	Leica Geosystems
001718	Vansco
001719	Audiocodes USA
00171A	Winegard
00171B	Innovation Lab
00171C	NT MicroSystems
00171D	DIGIT
00171E	Benning Elektrotechnik und Elektronik
00171F	IMV
001720	Image Sensing
001721	FITRE
001722	Hanazeder Electronic
001723	Summit Data Communications
001724	Studer Professional Audio
001725	Liquid Computing
001726	m2c Electronic
001727	Thermo Ramsey Italia
001728	Selex Communications
001729	Ubicod
00172A	Proware Technology Corp.(By Unifosa)
00172B	Global
00172C	Taejin Infotech
00172D	Axcen Photonics
00172E	FXC
00172F	NeuLion
001730	Automation
001731	ASUS
001732	Science-Technical Center "RISSA"
001733	SFR
001734	ADC Telecommunications
001735	Intel
001736	iiTron
001737	Industrie Dial Face
001738	International Business Machines
001739	Bright Headphone
00173A	Cloudastructure
00173B	Cisco
00173C	Extreme Engineering Solutions
00173D	Neology
00173E	LeucotronEquipamentos Ltda
00173F	Belkin
001740	Bluberi Gaming
001741	Defidev
001742	Fujitsu
001743	Deck
001744	Araneo
001745	Innotz
001746	Freedom9
001747	Trimble
001748	Neokoros Brasil Ltda
001749	Hyundae Yong-o-sa
00174A	Socomec
00174B	Nokia
00174C	Millipore
00174D	Dynamic Network Factory
00174E	Parama-tech
00174F	iCatch
001750	GSI Group, MicroE
001751	Online
001752	DAGS
001753	nFore
001754	Arkino HiTOP
001755	GE Security
001756	Vinci Labs
001757	RIX
001758	ThruVision
001759	Cisco
00175A	Cisco
00175B	ACS Solutions Switzerland
00175C	SHARP
00175D	Dongseo system
00175E	Zed-3
00175F	XENOLINK Communications
001760	Naito Densei Machida MFG
001761	Private
001762	Solar
001763	Essentia
001764	ATMedia
001765	Nortel Networks
001766	Accense
001767	Earforce
001768	Zinwave
001769	Cymphonix
00176A	Avago
00176B	Kiyon
00176C	Pivot3
00176D	CORE
00176E	Ducati Sistemi
00176F	PAX Computer Technology(Shenzhen)
001770	Arti Industrial
001771	APD Communications
001772	ASTRO Strobel Kommunikationssysteme
001773	Laketune
001774	Elesta
001775	TTE Germany
001776	Meso Scale Diagnostics
001777	Obsidian Research
001778	Central Music
001779	QuickTel
00177A	Assa Abloy
00177B	Azalea Networks
00177C	Smartlink Network
00177D	IDT
00177E	Meshcom
00177F	Worldsmart Retech
001780	Applied Biosystems
001781	Greystone Data System
001782	LoBenn
001783	Texas Instruments
001784	CommScope
001785	Sparr
001786	wisembed
001787	Brother, Brother & Sons ApS
001788	Philips Lighting
001789	Zenitron
00178A	DARTS
00178B	Teledyne
00178C	Independent Witness
00178D	Checkpoint
00178E	Gunnebo Cash Automation
00178F	Ningbo Yidong Electronic
001790	Hyundai Digitech
001791	LinTech
001792	Falcom Wireless Comunications
001793	Tigi
001794	Cisco
001795	Cisco
001796	Rittmeyer
001797	Telsy Elettronica
001798	Azonic
001799	SmarTire
00179A	D-Link
00179B	Chant Sincere
00179C	DEPRAG SCHULZ GMBH u
00179D	Kelman
00179E	Sirit
00179F	Apricorn
0017A0	RoboTech
0017A1	3soft
0017A2	Camrivox
0017A3	MIX
0017A4	HP
0017A5	MediaTek
0017A6	YOSIN
0017A7	Mobile Computing Promotion Consortium
0017A8	EDM
0017A9	Sentivision
0017AA	elab-experience
0017AB	Nintendo
0017AC	O'Neil Product Development
0017AD	AceNet
0017AE	GAI-Tronics
0017AF	Enermet
0017B0	Nokia
0017B1	ACIST Medical
0017B2	SK Telesys
0017B3	Aftek Infosys
0017B4	Remote Security
0017B5	Peerless
0017B6	Aquantia
0017B7	Tonze
0017B8	Novatron
0017B9	Gambro Lundia
0017BA	SEDO
0017BB	Syrinx Industrial
0017BC	Touchtunes Music
0017BD	Tibetsystem
0017BE	Tratec Telecom
0017BF	Coherent Research
0017C0	PureTech
0017C1	CM Precision
0017C2	ADB Broadband Italia
0017C3	KTF
0017C4	Quanta Microsystems
0017C5	SonicWALL
0017C6	Cross Match
0017C7	MARA Systems Consulting
0017C8	KYOCERA Display
0017C9	Samsung
0017CA	Qisda
0017CB	Juniper
0017CC	Alcatel-Lucent
0017CD	CEC Wireless R&D
0017CE	Screen Service
0017CF	iMCA-GmbH
0017D0	Opticom Communications
0017D1	Nortel Networks
0017D2	Thinlinx
0017D3	Etymotic Research
0017D4	Monsoon Multimedia
0017D5	Samsung
0017D6	Bluechips Microhouse
0017D7	ION Geophysical
0017D8	Magnum Semiconductor
0017D9	AAI
0017DA	Spans Logic
0017DB	CANKO
0017DC	Daemyung Zero1
0017DD	Clipsal Australia
0017DE	Advantage Six
0017DF	Cisco
0017E0	Cisco
0017E1	DACOS
0017E2	CommScope
0017E3	Texas Instruments
0017E4	Texas Instruments
0017E5	Texas Instruments
0017E6	Texas Instruments
0017E7	Texas Instruments
0017E8	Texas Instruments
0017E9	Texas Instruments
0017EA	Texas Instruments
0017EB	Texas Instruments
0017EC	Texas Instruments
0017ED	WooJooIT
0017EE	CommScope
0017EF	IBM
0017F0	SZCOM Broadband Network
0017F1	Renu Electronics Pvt
0017F2	Apple
0017F3	Harris
0017F4	Zeron Alliance
0017F5	LIG Neoptek
0017F6	Pyramid Meriden
0017F7	CEM Solutions Pvt
0017F8	Motech Industries
0017F9	Forcom Sp. z o.o
0017FA	Microsoft
0017FB	FA
0017FC	Suprema
0017FD	Amulet Hotkey
0017FE	Talos System
0017FF	Playline
001800	Unigrand
001801	Actiontec
001802	Alpha Networks
001803	ArcSoft Shanghai
001804	E-tek Digital
001805	Beijing InHand Networking
001806	Hokkei Industries
001807	Fanstel
001808	SightLogix
001809	Cresyn
00180A	Cisco Meraki
00180B	Brilliant Telecommunications
00180C	Zhone
00180D	Terabytes Server Storage
00180E	Avega
00180F	Nokia
001810	IPTrade
001811	Neuros
001812	Beijing Xinwei Telecom
001813	Sony
001814	Mitutoyo
001815	GZ
001816	Ubixon
001817	D. E. Shaw Research
001818	Cisco
001819	Cisco
00181A	AVerMedia Information
00181B	TaiJin Metal
00181C	VITEC
00181D	ASIA
00181E	GDX
00181F	Palmmicro Communications
001820	w5networks
001821	Sindoricoh
001822	CEC Telecom
001823	Delta
001824	Kimaldi Electronics, S.L
001825	Private
001826	Cale Access
001827	NEC Unified Solutions Nederland
001828	e2v technologies (UK)
001829	Gatsometer
00182A	Taiwan Video & Monitor
00182B	Softier
00182C	Ascend Networks
00182D	Artec Design
00182E	XStreamHD
00182F	Texas Instruments
001830	Texas Instruments
001831	Texas Instruments
001832	Texas Instruments
001833	Texas Instruments
001834	Texas Instruments
001835	Thoratec / ITC
001836	REJ
001837	Universal ABIT
001838	PanAccess Communications
001839	Linksys
00183A	Westell
00183B	Cenits
00183C	Encore Software
00183D	Vertex Link
00183E	Digilent
00183F	2Wire
001840	3 Phoenix
001841	High Tech Computer
001842	Nokia
001843	Dawevision
001844	Heads Up
001845	Pulsar-Telecom
001846	Crypto
001847	AceNet
001848	Vecima Networks
001849	nVent, Schroff
00184A	Catcher
00184B	Las Vegas Gaming
00184C	Bogen Communications
00184D	Netgear
00184E	Lianhe
00184F	8 Ways
001850	Secfone Kft
001851	SWsoft
001852	StorLink Semiconductors
001853	Atera Networks
001854	Argard
001855	Aeromaritime Systembau
001856	EyeFi
001857	Unilever R&D
001858	TagMaster
001859	Strawberry Linux
00185A	uControl
00185B	Network Chemistry
00185C	Edslab
00185D	Taiguen Technology (shen-zhen)
00185E	Nexterm
00185F	TAC
001860	SIM Technology Group Shanghai Simcom
001861	Ooma
001862	Seagate
001863	Veritech
001864	Eaton
001865	Siemens Healthcare Diagnostics Manufacturing
001866	Leutron Vision
001867	Datalogic ADC
001868	Cisco
001869	Kingjim
00186A	Global Link Digital
00186B	Sambu Communics
00186C	Neonode
00186D	Zhenjiang Sapphire Electronic Industry
00186E	3Com
00186F	Setha Industria Eletronica LTDA
001870	E28 Shanghai
001871	HP
001872	Expertise Engineering
001873	Cisco
001874	Cisco
001875	AnaCise Testnology Pte
001876	WowWee
001877	Amplex
001878	Mackware
001879	dSys
00187A	Wiremold
00187B	4NSYS
00187C	Intercross
00187D	Armorlink
00187E	RGB Spectrum
00187F	Zodianet
001880	Maxim Integrated Products
001881	Buyang Electronics Industrial
001882	Huawei
001883	Formosa21
001884	Fon Technology S.L
001885	Motorola
001886	El-tech
001887	Metasystem
001888	GOTIVE a.s
001889	WinNet Solutions
00188A	Infinova
00188B	Dell
00188C	Mobile Action
00188D	Nokia
00188E	Ekahau
00188F	Montgomery
001890	RadioCOM, s.r.o
001891	Zhongshan General K-mate
001892	ads-tec
001893	Shenzhen Photon Broadband
001894	NPCore
001895	Hansun
001896	Great Well Electronic
001897	Jess-link Products
001898	Kingstate
001899	ShenZhen jieshun Science&Technology Industry
00189A	HANA Micron
00189B	Thomson
00189C	Weldex
00189D	Navcast
00189E	Omnikey
00189F	Lenntek
0018A0	Cierma Ascenseurs
0018A1	Tiqit Computers
0018A2	XIP
0018A3	ZIPPY
0018A4	CommScope
0018A5	ADigit
0018A6	Persistent
0018A7	Yoggie Security
0018A8	AnNeal
0018A9	Ethernet Direct
0018AA	Protec Fire Detection
0018AB	Beijing Lhwt Microelectronics
0018AC	Shanghai Jiao Da HISYS
0018AD	Nidec Instruments
0018AE	TVT
0018AF	Samsung
0018B0	Nortel Networks
0018B1	IBM
0018B2	Adeunis RF
0018B3	TEC WizHome
0018B4	Dawon Media
0018B5	Magna Carta
0018B6	S3C
0018B7	D3 LED
0018B8	New Voice
0018B9	Cisco
0018BA	Cisco
0018BB	Eliwell Controls
0018BC	ZAO NVP Bolid
0018BD	Shenzhen Dvbworld
0018BE	ANSA
0018BF	Essence Technology Solution
0018C0	CommScope
0018C1	Almitec Informática e Comércio
0018C2	Firetide
0018C3	CS
0018C4	Raba
0018C5	Nokia
0018C6	OPW Fuel Management
0018C7	Real Time Automation
0018C8	Isonas
0018C9	EOps
0018CA	Viprinet
0018CB	Tecobest
0018CC	Axiohm
0018CD	Erae Electronics Industry
0018CE	Dreamtech
0018CF	Baldor Electric
0018D0	AtRoad, A Trimble
0018D1	Siemens Home & Office Comm. Devices
0018D2	High-Gain Antennas
0018D3	Teamcast
0018D4	Unified Display Interface SIG
0018D5	Reigncom
0018D6	Swirlnet
0018D7	Javad Gnss
0018D8	Arch Meter
0018D9	Santosha Internatonal
0018DA	Würth Elektronik eiSos
0018DB	EPL
0018DC	Prostar
0018DD	Silicondust Engineering
0018DE	Intel
0018DF	The Morey
0018E0	Anaveo
0018E1	Verkerk Service Systemen
0018E2	Topdata Sistemas de Automacao Ltda
0018E3	Visualgate
0018E4	Yiguang
0018E5	Adhoco
0018E6	Computer Hardware Design SIA
0018E7	Cameo Communications
0018E8	Hacetron
0018E9	Numata
0018EA	Alltec
0018EB	Blue Zen Enterprises Private
0018EC	Welding
0018ED	Accutech Ultrasystems
0018EE	Videology Imaging Solutions
0018EF	Escape Communications
0018F0	Joytoto
0018F1	Chunichi Denshi
0018F2	Beijing Tianyu Communication Equipment
0018F3	ASUS
0018F4	EO Technics
0018F5	Shenzhen Streaming Video
0018F6	Thomson Telecom Belgium
0018F7	Kameleon
0018F8	Linksys
0018F9	VVOND
0018FA	Yushin Precision Equipment
0018FB	Compro
0018FC	Altec Electronic
0018FD	Optimal
0018FE	HP
0018FF	PowerQuattro
001900	Intelliverese - DBA Voicecom
001901	F1media
001902	Cambridge Consultants
001903	Bigfoot Networks
001904	WB Electronics Sp. z o.o
001905	SCHRACK Seconet
001906	Cisco
001907	Cisco
001908	Duaxes
001909	DEVI - Danfoss
00190A	Hasware
00190B	Southern Vision
00190C	Encore
00190D	IEEE 1394c
00190E	Atech
00190F	Advansus
001910	Knick Elektronische Messgeraete
001911	Just In Mobile Information Technologies (Shanghai)
001912	Welcat
001913	Chuang-Yi Network Equipment
001914	Winix
001915	TECOM
001916	PayTec
001917	Posiflex
001918	Interactive Wear
001919	ASTEL
00191A	Irlink
00191B	Sputnik Engineering
00191C	Sensicast
00191D	Nintendo
00191E	Beyondwiz
00191F	Microlink communications
001920	KUME electric
001921	Elitegroup Computer
001922	CM Comandos Lineares
001923	Phonex Korea
001924	LBNL Engineering
001925	Intelicis
001926	BitsGen
001927	ImCoSys
001928	Siemens AG, Transportation
001929	2M2B Montadora de Maquinas Bahia Brasil LTDA
00192A	Antiope Associates
00192B	Aclara RF
00192C	CommScope
00192D	Nokia
00192E	Spectral Instruments
00192F	Cisco
001930	Cisco
001931	Balluff
001932	Gude
001933	Strix
001934	Trendon Touch
001935	Duerr Dental
001936	Sterlite Optical
001937	CommerceGuard
001938	UMB Communications
001939	Gigamips
00193A	Oesolutions
00193B	LigoWave
00193C	HighPoint
00193D	GMC Guardian Mobility
00193E	ADB Broadband Italia
00193F	RDI technology(Shenzhen)
001940	Rackable
001941	Pitney Bowes
001942	ON Software
001943	Belden
001944	Fossil Partners, L.P
001945	RF COncepts
001946	Cianet Industria e Comercio S/A
001947	Cisco
001948	AireSpider Networks
001949	Tentel Comtech
00194A	TESTO
00194B	Sagemcom
00194C	Fujian Stelcom information
00194D	Avago Technologies Sdn Bhd
00194E	Ultra Electronics - TCS (Tactical Communication Systems)
00194F	Nokia
001950	Harman Multimedia
001951	NETCONS, s.r.o
001952	Acogito
001953	Chainleader Communications
001954	Leaf
001955	Cisco
001956	Cisco
001957	Saafnet Canada
001958	Bluetooth SIG
001959	Staccato Communications
00195A	Jenaer Antriebstechnik
00195B	D-Link
00195C	Innotech
00195D	ShenZhen XinHuaTong Opto
00195E	CommScope
00195F	Valemount Networks
001960	DoCoMo
001961	Blaupunkt Embedded
001962	Commerciant, LP
001963	Sony
001964	Doorking
001965	YuHua TelTech (ShangHai)
001966	Asiarock
001967	TELDAT Sp.J
001968	Digital Video Networks(Shanghai)
001969	Nortel Networks
00196A	MikroM
00196B	Danpex
00196C	Etrovision
00196D	Raybit Systems Korea
00196E	Metacom (Pty)
00196F	SensoPart
001970	Z-Com
001971	Guangzhou Unicomp
001972	Plexus (Xiamen)
001973	Zeugma
001974	16063
001975	Beijing Huisen networks
001976	Xipher
001977	Extreme Networks
001978	Datum
001979	Nokia
00197A	MAZeT
00197B	Picotest
00197C	Riedel Communications
00197D	Foxconn
00197E	Foxconn
00197F	Plantronics
001980	Gridpoint
001981	Vivox
001982	SmarDTV
001983	CCT R&D
001984	ESTIC
001985	IT Watchdogs
001986	Cheng Hongjian
001987	Panasonic Mobile Communications
001988	Wi2Wi
001989	Sonitrol
00198A	Northrop Grumman
00198B	Novera Optics Korea
00198C	iXSea
00198D	Ocean Optics
00198E	Demant
00198F	Nokia
001990	ELM Data
001991	avinfo
001992	Adtran
001993	Changshu Switchgear MFG. Co.,Ltd. (Former Changshu Switchgea
001994	Jorjin
001995	Jurong Hi-Tech (Suzhou)Co
001996	TurboChef
001997	Soft Device Sdn Bhd
001998	SATO
001999	Fujitsu Technology Solutions
00199A	Edo-evi
00199B	Diversified Technical
00199C	Ctring
00199D	Vizio
00199E	Nifty
00199F	DKT
0019A0	Nihon Data Systens
0019A1	LG Information & Comm
0019A2	ORDYN
0019A3	asteel electronique atlantique
0019A4	Austar Technology (hang zhou)
0019A5	RadarFind
0019A6	CommScope
0019A7	ITU-T
0019A8	WiQuest Communications
0019A9	Cisco
0019AA	Cisco
0019AB	Raycom
0019AC	GSP
0019AD	BOBST
0019AE	Hopling
0019AF	Rigol
0019B0	HanYang System
0019B1	Arrow7
0019B2	XYnetsoft
0019B3	Stanford Research
0019B4	Intellio
0019B5	Famar Fueguina
0019B6	Euro Emme
0019B7	Nokia
0019B8	Boundary Devices
0019B9	Dell
0019BA	Paradox Security
0019BB	HP
0019BC	Electro Chance
0019BD	New Media Life
0019BE	Altai
0019BF	Citiway
0019C0	CommScope
0019C1	Alpsalpine
0019C2	Equustek Solutions
0019C3	Qualitrol
0019C4	Infocrypt
0019C5	Sony
0019C6	ZTE
0019C7	Cambridge Industries(Group)
0019C8	AnyDATA
0019C9	S&C Electric
0019CA	Broadata Communications
0019CB	Zyxel
0019CC	RCG (hk)
0019CD	Chengdu ethercom information
0019CE	Progressive Gaming
0019CF	Salicru
0019D0	Cathexis
0019D1	Intel
0019D2	Intel
0019D3	TRAK Microwave
0019D4	ICX
0019D5	IP Innovations
0019D6	LS Cable and System
0019D7	Fortunetek
0019D8	Maxfor
0019D9	Zeutschel
0019DA	Welltrans O&E
0019DB	Micro-star
0019DC	Enensys
0019DD	FEI-Zyfer
0019DE	Mobitek
0019DF	Thomson
0019E0	TP-Link
0019E1	Nortel Networks
0019E2	Juniper
0019E3	Apple
0019E4	2Wire
0019E5	Lynx Studio
0019E6	Toyo Medic
0019E7	Cisco
0019E8	Cisco
0019E9	S-Information Technolgy
0019EA	TeraMage
0019EB	Pyronix
0019EC	Sagamore
0019ED	Axesstel
0019EE	CARLO GAVAZZI CONTROLS SPA-Controls Division
0019EF	Shenzhen Linnking
0019F0	Union MAN
0019F1	Star Communication Network
0019F2	Teradyne K.K
0019F3	Cetis
0019F4	Convergens
0019F5	Imagination
0019F6	Acconet (PTE)
0019F7	Onset Computer
0019F8	Embedded Systems Design
0019F9	TDK-Lambda
0019FA	Cable Vision
0019FB	SKY UK
0019FC	PT. Ufoakses Sukses Luarbiasa
0019FD	Nintendo
0019FE	Shenzhen Seecomm
0019FF	Finnzymes
001A00	Matrix
001A01	ICU Medical
001A02	Secure Care Products
001A03	Angel
001A04	Interay Solutions
001A05	Optibase
001A06	OpVista
001A07	Arecont Vision
001A08	Simoco
001A09	Wayfarer Transit
001A0A	Adaptive Micro-Ware
001A0B	BONA
001A0C	Swe-Dish Satellite
001A0D	HandHeld entertainment
001A0E	Cheng Uei Precision Industry
001A0F	Arteche
001A10	Lucent Trans
001A11	Google
001A12	Essilor
001A13	Wanlida
001A14	Xin Hua Control Engineering
001A15	gemalto e-Payment
001A16	Nokia
001A17	Teak
001A18	Advanced Simulation
001A19	Computer Engineering
001A1A	Gentex Corporation/Electro-Acoustic Products
001A1B	CommScope
001A1C	GT&T Engineering Pte
001A1D	PChome Online
001A1E	HPE
001A1F	Coastal Environmental
001A20	Cmotech
001A21	Brookhuis Applied
001A22	eQ-3 Entwicklung
001A23	Ice Qube
001A24	Galaxy Telecom
001A25	Delta Dore
001A26	Deltanode Solutions
001A27	Ubistar
001A28	ASWT Co., LTD. Taiwan Branch H.K
001A29	Johnson Outdoors Marine Electronics d/b/a Minnkota
001A2A	Arcadyan
001A2B	Ayecom
001A2C	SATEC
001A2D	The Navvo
001A2E	Ziova Coporation
001A2F	Cisco
001A30	Cisco
001A31	Scan Coin
001A32	Activa Multimedia
001A33	ASI Communications
001A34	Konka
001A35	Bartec
001A36	Aipermon
001A37	Lear
001A38	Sanmina-SCI
001A39	Merten GmbH&CoKG
001A3A	Dongahelecomm
001A3B	Doah Elecom
001A3C	Technowave
001A3D	Ajin Vision
001A3E	Faster
001A3F	Intelbras
001A40	A-four
001A41	Inocova
001A42	Techcity
001A43	Logical Link Communications
001A44	JWTrading
001A45	GN Netcom
001A46	Digital Multimedia
001A47	Agami
001A48	Takacom
001A49	Micro Vision
001A4A	Qumranet
001A4B	HP
001A4C	Crossbow
001A4D	Giga-byte
001A4E	NTI AG / LinMot
001A4F	AVM (FRITZ!Box)
001A50	PheeNet
001A51	Alfred Mann Foundation
001A52	Meshlinx Wireless
001A53	Zylaya
001A54	Hip Shing
001A55	ACA-Digital
001A56	ViewTel
001A57	Matrix Design
001A58	CCV Deutschland GmbH - Celectronic eHealth Div
001A59	Ircona
001A5A	Korea Electric Power Data Network (KDN)
001A5B	NetCare Service
001A5C	Euchner GmbH+Co
001A5D	Mobinnova
001A5E	Thincom
001A5F	KitWorks.fi
001A60	Wave
001A61	PacStar
001A62	Data Robotics
001A63	Elster Solutions
001A64	IBM
001A65	Seluxit
001A66	CommScope
001A67	Infinite QL Sdn Bhd
001A68	Weltec Enterprise
001A69	Wuhan Yangtze Optical
001A6A	Tranzas
001A6B	Universal Global Scientific Industrial
001A6C	Cisco
001A6D	Cisco
001A6E	Impro
001A6F	Mi.tel
001A70	Linksys
001A71	Diostech
001A72	Mosart Semiconductor
001A73	Gemtek
001A74	Procare
001A75	Sony
001A76	SDT information
001A77	CommScope
001A78	ubtos
001A79	Telecomunication
001A7A	Lismore Instruments
001A7B	Teleco
001A7C	Hirschmann Multimedia
001A7D	cyber-blue(HK)Ltd
001A7E	LN Srithai Comm
001A7F	GCI Science
001A80	Sony
001A81	Zelax
001A82	PROBA Building Automation
001A83	Pegasus
001A84	V One Multimedia Pte
001A85	NV Michel Van de Wiele
001A86	New Wave Design & Verification
001A87	Canhold
001A88	Venergy
001A89	Nokia
001A8A	Samsung
001A8B	Chunil Electric IND
001A8C	Sophos
001A8D	AVECS Bergen
001A8E	3Way Networks
001A8F	Nortel Networks
001A90	Trópico Sistemas e Telecomunicações da Amazônia LTDA
001A91	FusionDynamic
001A92	ASUS
001A93	ERCO Leuchten
001A94	Votronic
001A95	Hisense Mobile Communications Technoligy
001A96	ECLER
001A97	fitivision
001A98	Asotel Communication Limited Taiwan Branch
001A99	Smarty (HZ) Information
001A9A	Skyworth Digital Technology(Shenzhen)
001A9B	ADEC & Parter
001A9C	RightHand
001A9D	Skipper Wireless
001A9E	ICON Digital
001A9F	A-Link
001AA0	Dell
001AA1	Cisco
001AA2	Cisco
001AA3	Delorme
001AA4	Future University-Hakodate
001AA5	BRN Phoenix
001AA6	Elbit Systems Deutschland
001AA7	Torian Wireless
001AA8	Mamiya Digital Imaging
001AA9	Fujian Star-net Communication
001AAA	Analogic
001AAB	eWings
001AAC	Corelatus
001AAD	CommScope
001AAE	Savant
001AAF	Blusens
001AB0	Signal Networks Pvt
001AB1	Asia Pacific Satellite Industries
001AB2	Cyber Solutions
001AB3	Visionite
001AB4	FFEI
001AB5	Home Network System
001AB6	Texas Instruments
001AB7	Ethos Networks
001AB8	Anseri
001AB9	Groupe Carrus
001ABA	Caton Overseas
001ABB	Fontal Technology Incorporation
001ABC	U4EA
001ABD	Impatica
001ABE	Computer Hi-tech
001ABF	TRUMPF Laser Marking
001AC0	Joybien
001AC1	3Com
001AC2	YEC
001AC3	Scientific-Atlanta
001AC4	2Wire
001AC5	Keysight
001AC6	Micro Control Designs
001AC7	Unipoint
001AC8	ISL (Instrumentation Scientifique de Laboratoire)
001AC9	Suzuken
001ACA	Tilera
001ACB	Autocom Products
001ACC	Celestial Semiconductor
001ACD	Tidel Engineering LP
001ACE	Yupiteru
001ACF	C.t. Elettronica
001AD0	Albis
001AD1	FARGO
001AD2	Eletronica Nitron Ltda
001AD3	Vamp
001AD4	iPOX
001AD5	KMC Chain Industrial
001AD6	Jiagnsu Aetna Electric
001AD7	Christie Digital
001AD8	AlsterAero
001AD9	International Broadband Electric Communications
001ADA	Biz-2-Me
001ADB	CommScope
001ADC	Nokia
001ADD	PePWave
001ADE	CommScope
001ADF	Interactivetv
001AE0	Mythology Tech Express
001AE1	Edge Access
001AE2	Cisco
001AE3	Cisco
001AE4	Medicis
001AE5	Mvox
001AE6	Atlanta Advanced Communications
001AE7	Aztek Networks
001AE8	Unify Software and Solutions
001AE9	Nintendo
001AEA	Radio Terminal
001AEB	Allied Telesis K.K
001AEC	Keumbee
001AED	Incotec
001AEE	Shenztech
001AEF	Loopcomm
001AF0	Alcatel-Lucent IPD
001AF1	Embedded Artists
001AF2	Dynavisions Schweiz
001AF3	Samyoung
001AF4	Handreamnet
001AF5	Pentaone
001AF6	Woven
001AF7	dataschalt e+a
001AF8	Copley Controls
001AF9	AeroVIronment (AV Inc)
001AFA	Welch Allyn
001AFB	Joby
001AFC	ModusLink
001AFD	Evolis
001AFE	Sofacreal
001AFF	Wizyoung
001B00	Neopost
001B01	Applied Radio
001B02	ED
001B03	Action Technology (SZ)
001B04	Affinity
001B05	YMC
001B06	Ateliers R. LAUMONIER
001B07	Mendocino Software
001B08	Danfoss Drives
001B09	Matrix Comsec Private
001B0A	Intelligent Distributed Controls
001B0B	Phidgets
001B0C	Cisco
001B0D	Cisco
001B0E	InoTec GmbH Organisationssysteme
001B0F	Petratec
001B10	ShenZhen Kang Hui
001B11	D-Link
001B12	Apprion
001B13	Icron
001B14	Carex Lighting Equipment Factory
001B15	Voxtel
001B16	Celtro
001B17	Palo Alto Networks
001B18	Tsuken Electric Ind
001B19	IEEE I&M Society TC9
001B1A	e-trees Japan
001B1B	Siemens
001B1C	Coherent
001B1D	Phoenix
001B1E	HART Communication Foundation
001B1F	FORCE
001B20	TPine
001B21	Intel
001B22	Palit Microsystems ( H.K.)
001B23	SimpleComTools
001B24	Quanta Computer
001B25	Nortel Networks
001B26	RON-Telecom ZAO
001B27	Merlin CSI
001B28	Polygon, JSC
001B29	Avantis
001B2A	Cisco
001B2B	Cisco
001B2C	ATRON electronic
001B2D	Med-Eng
001B2E	Sinkyo Electron
001B2F	Netgear
001B30	Solitech
001B31	Neural Image
001B32	QLogic
001B33	Nokia
001B34	Focus System
001B35	ChongQing JINOU Science & Technology Development
001B36	Tsubata Engineering Co.,Ltd. (Head Office)
001B37	Computec
001B38	Compal Information (kunshan)
001B39	Proxicast
001B3A	SIMS
001B3B	Yi-Qing
001B3C	Software
001B3D	EuroTel
001B3E	Curtis
001B3F	ProCurve Networking by HP
001B40	Network Automation mxc
001B41	General Infinity
001B42	Wise & Blue
001B43	Beijing DG Telecommunications equipment
001B44	SanDisk
001B45	ABB AS, Division Automation Products
001B46	Blueone
001B47	Futarque
001B48	Shenzhen Lantech
001B49	Roberts Radio
001B4A	W&W Communications
001B4B	Sanion
001B4C	Signtech
001B4D	Areca
001B4E	Navman New Zealand
001B4F	Avaya
001B50	Nizhny Novgorod Factory named after M.Frunze, FSUE (NZiF)
001B51	Vector
001B52	CommScope
001B53	Cisco
001B54	Cisco
001B55	Hurco Automation
001B56	Tehuti Networks
001B57	Semindia Systems Private
001B58	ACE CAD Enterprise
001B59	Sony
001B5A	Apollo Imaging
001B5B	2Wire
001B5C	Azuretec
001B5D	Vololink
001B5E	BPL
001B5F	Alien
001B60	Navigon
001B61	Digital Acoustics
001B62	JHT Optoelectronics
001B63	Apple
001B64	IsaacLandKorea
001B65	China Gridcom
001B66	Sennheiser electronic
001B67	Cisco
001B68	Modnnet
001B69	Equaline
001B6A	Powerwave Technologies Sweden
001B6B	Swyx Solutions
001B6C	LookX Digital Media
001B6D	Midtronics
001B6E	Keysight
001B6F	Teletrak
001B70	IRI Ubiteq
001B71	Telular
001B72	Sicep
001B73	DTL Broadcast
001B74	MiraLink
001B75	Hypermedia
001B76	Ripcode
001B77	Intel
001B78	HP
001B79	Faiveley Transport
001B7A	Nintendo
001B7B	The Tintometer
001B7C	A & R Cambridge
001B7D	CXR Anderson Jacobson
001B7E	Beckmann
001B7F	TMN Technologies Telecomunicacoes Ltda
001B80	LORD
001B81	DATAQ Instruments
001B82	Taiwan Semiconductor
001B83	Finsoft
001B84	Scan Engineering Telecom
001B85	Everllence
001B86	Bosch Access
001B87	Deepsound
001B88	Divinet Access
001B89	EMZA Visual Sense
001B8A	2M Electronic
001B8B	NEC Platforms
001B8C	JMicron
001B8D	Electronic Computer
001B8E	Hulu Sweden
001B8F	Cisco
001B90	Cisco
001B91	EFKON
001B92	l-acoustics
001B93	JC Decaux SA DNT
001B94	T.e.m.a
001B95	VIDEO
001B96	General Sensing
001B97	Violin
001B98	Samsung
001B99	KS System
001B9A	Apollo Fire Detectors
001B9B	Hose-McCann Communications
001B9C	SATEL sp. z o.o
001B9D	Novus Security Sp. z o.o
001B9E	Askey Computer
001B9F	Calyptech
001BA0	Awox
001BA1	Åmic
001BA2	IDS Imaging Development
001BA3	Flexit
001BA4	S.A.E Afikim
001BA5	MyungMin
001BA6	intotech
001BA7	Lorica Solutions
001BA8	Ubi&mobi
001BA9	Brother industries
001BAA	XenICs
001BAB	Telchemy
001BAC	Curtiss Wright Controls Embedded Computing
001BAD	iControl
001BAE	Micro Control
001BAF	Nokia
001BB0	Bharat
001BB1	WNC
001BB2	Intellect
001BB3	Condalo
001BB4	Airvod
001BB5	Cherry
001BB6	Bird Electronic
001BB7	Alta Heights
001BB8	Blueway Electronic Co;ltd
001BB9	Elitegroup Computer
001BBA	Nortel Networks
001BBB	RFTech
001BBC	Silver Peak
001BBD	FMC Kongsberg Subsea
001BBE	ICOP Digital
001BBF	Sagemcom
001BC0	Juniper
001BC1	HOLUX
001BC2	Integrated Control Technology Limitied
001BC3	Mobisolution
001BC4	Ultratec
001BC6	Strato Rechenzentrum
001BC7	StarVedia
001BC8	MIURA
001BC9	FSN Display
001BCA	Beijing Run
001BCB	Pempek
001BCC	Kingtek Cctv Alliance
001BCD	Daviscomms (S) PTE
001BCE	Measurement Devices
001BCF	Dataupia
001BD0	Identec Solutions
001BD1	Sogestmatic
001BD2	Ultra-x Asia Pacific
001BD3	Panasonic Corporation AVC Networks
001BD4	Cisco
001BD5	Cisco
001BD6	Kelvin Hughes
001BD7	Cisco
001BD8	FLIR
001BD9	Edgewater Wireless
001BDA	UTStarcom
001BDB	Valeo VECS
001BDC	Vencer
001BDD	CommScope
001BDE	Renkus-Heinz
001BDF	Iskra Sistemi d.d
001BE0	Telenot Electronic
001BE1	ViaLogy
001BE2	AhnLab
001BE3	Health Hero Network
001BE4	Townet
001BE5	802automation
001BE6	VR
001BE7	Postek
001BE8	Ultratronik
001BE9	Broadcom
001BEA	Nintendo
001BEB	DMP
001BEC	Netio
001BED	Brocade Communications
001BEE	Nokia
001BEF	Blossoms Digital
001BF0	Value Platforms
001BF1	Nanjing SilverNet Software
001BF2	Kworld Computer
001BF3	TRANSRADIO SenderSysteme Berlin
001BF4	Kenwin Industrial(hk)
001BF5	Tellink Sistemas de Telecomunicación S.L
001BF6	Conwise
001BF7	Lund IP Products
001BF8	Digitrax
001BF9	Intellitect Water
001BFA	G.i.N. mbH
001BFB	Alpsalpine
001BFC	ASUS
001BFD	Dignsys
001BFE	Zavio
001BFF	Millennia Media
001C00	Entry Point
001C01	ABB Oy Drives
001C02	Pano Logic
001C03	Betty TV
001C04	Airgain
001C05	Nonin Medical
001C06	Siemens Numerical Control Ltd., Nanjing
001C07	Cwlinux
001C08	Echo360
001C09	SAE Electronic
001C0A	Shenzhen AEE
001C0B	SmartAnt Telecom
001C0C	Tanita
001C0D	G-Technology
001C0E	Cisco
001C0F	Cisco
001C10	Linksys
001C11	CommScope
001C12	CommScope
001C13	Optsys
001C14	VMware
001C15	iPhotonix
001C16	ThyssenKrupp Elevator
001C17	Nortel Networks
001C18	Sicert
001C19	secunet Security Networks
001C1A	Thomas Instrumentation
001C1B	Hyperstone
001C1C	Center Communication
001C1D	Chenzhou Gospell Digital
001C1E	emtrion
001C1F	Quest Retail
001C20	CLB Benelux
001C21	Nucsafe
001C22	Aeris Elettronica
001C23	Dell
001C24	Formosa Wireless
001C25	Foxconn
001C26	Foxconn
001C27	Sunell
001C28	Sphairon
001C29	Core Digital
001C2A	Envisacor
001C2B	Hive
001C2C	Synapse
001C2D	FlexRadio
001C2E	HPN Supply Chain
001C2F	Pfister
001C30	Mode Lighting (UK )
001C31	Mobile XP
001C32	Telian
001C33	Sutron
001C34	Huey Chiao
001C35	Nokia
001C36	iNEWiT
001C37	Callpod
001C38	Bio-Rad Laboratories
001C39	S Netsystems
001C3A	Element Labs
001C3B	AmRoad
001C3C	Seon Design
001C3D	WaveStorm
001C3E	ECKey
001C3F	International Police
001C40	VDG-Security
001C41	scemtec Transponder
001C42	Parallels
001C43	Samsung
001C44	Electro Voice Dynacord
001C45	Chenbro Micom
001C46	QTUM
001C47	Hangzhou Hollysys Automation
001C48	WiDeFi
001C49	Zoltan
001C4A	AVM (FRITZ!Box)
001C4B	Gener8
001C4C	Petrotest Instruments
001C4D	Aplix IP
001C4E	TASA
001C4F	MACAB
001C50	TCL Technoly Electronics (Huizhou)
001C51	Celeno Communications
001C52	Visionee
001C53	Synergy Lighting Controls
001C54	Hillstone Networks
001C55	Shenzhen Kaifa
001C56	Pado
001C57	Cisco
001C58	Cisco
001C59	Devon IT
001C5A	Advanced Relay
001C5B	Chubb Electronic Security
001C5C	Integrated Medical
001C5D	Leica Microsystems
001C5E	ASTON France
001C5F	Winland
001C60	CSP Frontier
001C61	Galaxy Microsystems
001C62	LG
001C63	TRUEN
001C64	Landis+Gyr
001C65	JoeScan
001C66	UCAMP
001C67	Pumpkin Networks
001C68	Anhui Sun Create
001C69	Packet Vision
001C6A	Weiss Engineering
001C6B	COVAX
001C6C	30805
001C6D	Kyohritsu Electronic Industry
001C6E	Newbury Networks
001C6F	Emfit
001C70	Novacomm Ltda
001C71	Emergent
001C72	Mayer & Cie
001C73	Arista Networks
001C74	Syswan
001C75	Segnet
001C76	The Wandsworth
001C77	Prodys
001C78	Wyplay
001C79	Cohesive Financial
001C7A	Perfectone Netware
001C7B	Castlenet
001C7C	PERQ
001C7D	Excelpoint Manufacturing Pte
001C7E	Toshiba
001C7F	Check Point Software
001C80	New Business Division/Rhea-Information
001C81	NextGen Venturi
001C82	Genew
001C83	New Level Telecom
001C84	STL Solution
001C85	Eunicorn
001C86	Cranite
001C87	Uriver
001C88	Transystem
001C89	Force Communications
001C8A	Cirrascale
001C8B	MJ Innovations
001C8C	DIAL
001C8D	Mesa Imaging
001C8E	Alcatel-Lucent IPD
001C8F	Advanced Electronic Design
001C90	Empacket
001C91	Gefen
001C92	Tervela
001C93	ExaDigm
001C94	LI-COR Biosciences
001C95	Opticomm
001C96	Linkwise Technology Pte
001C97	Enzytek
001C98	Lucky Technology (hk)
001C99	Shunra Software
001C9A	Nokia
001C9B	Feig Electronic
001C9C	Nortel Networks
001C9D	Liecthi
001C9E	Dualtech IT
001C9F	Razorstream
001CA0	Production Resource
001CA1	Akamai
001CA2	ADB Broadband Italia
001CA3	Terra
001CA4	Sony
001CA5	Zygo
001CA6	Win4NET
001CA7	International Quartz
001CA8	AirTies Wireless Networks
001CA9	Audiomatica
001CAA	Bellon
001CAB	Meyer Sound Laboratories
001CAC	Qniq
001CAD	Wuhan Telecommunication Devices
001CAE	WiChorus
001CAF	Plato Networks
001CB0	Cisco
001CB1	Cisco
001CB2	BPT
001CB3	Apple
001CB4	Iridium Satellite
001CB5	Neihua Network Technology Co.,LTD.(NHN)
001CB6	Duzon CNT
001CB7	USC DigiArk
001CB8	CBC
001CB9	Kwang Sung
001CBA	VerScient
001CBB	MusicianLink
001CBC	CastGrabber
001CBD	Ezze Mobile
001CBE	Nintendo
001CBF	Intel
001CC0	Intel
001CC1	CommScope
001CC2	Part II Research
001CC3	CommScope
001CC4	HP
001CC5	3Com
001CC6	ProStor
001CC7	Rembrandt Technologies, LLC d/b/a REMSTREAM
001CC8	INDUSTRONIC Industrie-Electronic
001CC9	Kaise Electronic
001CCA	Shanghai Gaozhi Science & Technology Development
001CCB	Forth Corporation Public
001CCC	BlackBerry RTS
001CCD	Alektrona
001CCE	By Techdesign
001CCF	Limetek
001CD0	Circleone
001CD1	Waves Audio
001CD2	King Champion (Hong Kong)
001CD3	ZP Engineering SEL
001CD4	Nokia
001CD5	ZeeVee
001CD6	Nokia
001CD7	Harman/Becker Automotive
001CD8	BlueAnt Wireless
001CD9	GlobalTop
001CDA	Exegin
001CDB	Carpoint
001CDC	Custom Computer Services
001CDD	Cowbell Engineering
001CDE	Interactive Multimedia eXchange
001CDF	Belkin
001CE0	Dasan TPS
001CE1	Indra Sistemas
001CE2	Attero
001CE3	Optimedical
001CE4	EleSy JSC
001CE5	MBS Electronic
001CE6	INNES
001CE7	Rocon PLC Research Centre
001CE8	Cummins
001CE9	Galaxy
001CEA	Scientific-Atlanta
001CEB	Nortel Networks
001CEC	Mobilesoft (Aust.)
001CED	Environnement
001CEE	SHARP
001CEF	Primax
001CF0	D-Link
001CF1	SUPoX
001CF2	Tenlon
001CF3	EVS Broadcast Equipment
001CF4	Media
001CF5	Wiseblue
001CF6	Cisco
001CF7	AudioScience
001CF8	Parade
001CF9	Cisco
001CFA	Alarm.com
001CFB	CommScope
001CFC	Sumitomo Electric Industries
001CFD	Universal
001CFE	Quartics
001CFF	Napera Networks
001D00	Brivo
001D01	Neptune Digital
001D02	Cybertech Telecom Development
001D03	Design Solutions
001D04	Zipit Wireless
001D05	Cooper Lighting Solutions
001D06	HM
001D07	Shenzhen Sang Fei Consumer Communications
001D08	Jiangsu Yinhe
001D09	Dell
001D0A	Davis Instruments
001D0B	Power Standards Lab
001D0C	MobileCompia
001D0D	Sony
001D0E	Agapha
001D0F	TP-Link
001D10	LightHaus Logic
001D11	Analogue & Micro
001D12	ROHM
001D13	NextGTV
001D14	Speradtone Information
001D15	Shenzhen Dolphin Electronic
001D16	SFR
001D17	Digital Sky
001D18	Power Innovation
001D19	Arcadyan
001D1A	OvisLink
001D1B	Sangean
001D1C	Gennet
001D1D	Inter-M
001D1E	Kyushu TEN
001D1F	Siauliu Tauro Televizoriai, JSC
001D20	Comtrend
001D21	Alcad SL
001D22	Foss Analytical
001D23	Sensus
001D24	Aclara Power-Line
001D25	Samsung
001D26	Rockridgesound
001D27	Nac-intercom
001D28	Sony
001D29	Doro
001D2A	Shenzhen Bul-tech
001D2B	Wuhan Pont
001D2C	Wavetrend Technologies (Pty)
001D2D	Pylone
001D2E	Ruckus
001D2F	QuantumVision
001D30	YX Wireless
001D31	Highpro International R&D
001D32	Longkay Communication & Technology (Shanghai)
001D33	Maverick
001D34	SYRIS
001D35	Viconics
001D36	Electronics Corporation OF India
001D37	Thales-Panda Transportation System
001D38	Seagate
001D39	Moohadigital
001D3A	mh acoustics
001D3B	Nokia
001D3C	Muscle
001D3D	Avidyne
001D3E	Saka Techno Science
001D3F	Mitron
001D40	Intel
001D41	Hardy Instruments
001D42	Nortel Networks
001D43	Shenzhen G-link Digital
001D44	Krohne
001D45	Cisco
001D46	Cisco
001D47	Covote
001D48	Sensor-Technik Wiedemann
001D49	Innovation Wireless
001D4A	Carestream Health
001D4B	Grid Connect
001D4C	Alcatel-Lucent
001D4D	Adaptive Recognition Hungary
001D4E	TCM Mobile
001D4F	Apple
001D50	Spinetix
001D51	Babcock & Wilcox Power Generation
001D52	Defzone
001D53	S&O Electronics (Malaysia) Sdn. Bhd
001D54	Sunnic Technology & Merchandise
001D55	Zantaz
001D56	Kramer
001D57	CAETEC Messtechnik
001D58	CQ
001D59	Mitra Energy & Infrastructure
001D5A	2Wire
001D5B	Tecvan Informatica Ltda
001D5C	Tom Communication Industrial
001D5D	Control Dynamics
001D5E	Coming Media
001D5F	OverSpeed SARL
001D60	ASUS
001D61	BIJ
001D62	InPhase
001D63	Miele & Cie
001D64	Adam Communications Systems Int
001D65	Microwave Radio Communications
001D66	Hyundai HT
001D67	AMEC
001D68	Thomson Telecom Belgium
001D69	Knorr-Bremse IT-Services
001D6A	Alpha Networks
001D6B	CommScope
001D6C	ClariPhy Communications
001D6D	Confidant
001D6E	Nokia
001D6F	Chainzone
001D70	Cisco
001D71	Cisco
001D72	Wistron
001D73	Buffalo
001D74	Tianjin China-Silicon Microelectronics
001D75	Radioscape
001D76	Eyeheight
001D77	NSGate
001D78	Invengo Information
001D79	Signamax
001D7A	Wideband Semiconductor
001D7B	Ice Energy
001D7C	ABE Elettronica
001D7D	Giga-byte
001D7E	Linksys
001D7F	Tekron
001D80	Beijing Huahuan Eletronics
001D81	Guangzhou Gateway
001D82	GN Netcom
001D83	Emitech
001D84	Gateway
001D85	Call Direct Cellular Solutions
001D86	Shinwa Industries(China)
001D87	VigTech Labs Sdn Bhd
001D88	Clearwire
001D89	VaultStor
001D8A	TechTrex
001D8B	ADB Broadband Italia
001D8C	La Crosse
001D8D	Fluke Process Instruments
001D8E	Alereon
001D8F	PureWave Networks
001D90	EMCO Flow
001D91	Digitize
001D92	Micro-star Int'l
001D93	Modacom
001D94	Climax
001D95	Flash
001D96	WatchGuard Video
001D97	Alertus
001D98	Nokia
001D99	Cyan Optic
001D9A	GODEX
001D9B	Hokuyo Automatic
001D9C	Rockwell Automation
001D9D	Artjoy
001D9E	AXION
001D9F	MATT R.P.Traczynscy Sp.J
001DA0	Heng Yu Electronic Manufacturing
001DA1	Cisco
001DA2	Cisco
001DA3	SabiOso
001DA4	Hangzhou System
001DA5	WB
001DA6	Media Numerics
001DA7	Seamless Internet
001DA8	Takahata
001DA9	Castles
001DAA	DrayTek
001DAB	SwissQual License
001DAC	Gigamon
001DAD	Sinotech Engineering Consultants, Inc. Geotechnical Enginee
001DAE	Chang Tseng
001DAF	Nortel Networks
001DB0	FuJian HengTong Information
001DB1	Crescendo Networks
001DB2	Hokkaido Electric Engineering
001DB3	HPN Supply Chain
001DB4	Kumho ENG
001DB5	Juniper
001DB6	BestComm Networks
001DB7	Tendril Networks
001DB8	Intoto
001DB9	Wellspring Wireless
001DBA	Sony
001DBB	Dynamic System
001DBC	Nintendo
001DBD	Versamed
001DBE	CommScope
001DBF	Radiient
001DC0	Enphase Energy
001DC1	Audinate Pty L
001DC2	Xortec
001DC3	Rikor TV
001DC4	AIOI
001DC5	Beijing Jiaxun Feihong Electricial
001DC6	SNR
001DC7	L-3 Communications Geneva Aerospace
001DC8	Navionics Research Inc., dba SCADAmetrics
001DC9	GainSpan
001DCA	PAV
001DCB	Exéns Development
001DCC	Ayon Cyber Security
001DCD	CommScope
001DCE	CommScope
001DCF	CommScope
001DD0	CommScope
001DD1	CommScope
001DD2	CommScope
001DD3	CommScope
001DD4	CommScope
001DD5	CommScope
001DD6	CommScope
001DD7	Algolith
001DD8	Microsoft
001DD9	Foxconn
001DDA	Mikroelektronika spol. s r. o
001DDB	C-BEL
001DDC	HangZhou DeChangLong Tech&Info
001DDD	DAT H.K
001DDE	Zhejiang Broadcast&Television
001DDF	Sunitec Enterprise
001DE0	Intel
001DE1	Intel
001DE2	Radionor Communications
001DE3	Intuicom
001DE4	Visioneered Image
001DE5	Cisco
001DE6	Cisco
001DE7	Marine Sonic
001DE8	Nikko Denki Tsushin Corporation(NDTC)
001DE9	Nokia
001DEA	Commtest Instruments
001DEB	DINEC
001DEC	Marusys
001DED	Grid Net
001DEE	Nextvision Sistemas Digitais DE Televisão Ltda
001DEF	TRIMM
001DF0	Vidient
001DF1	Intego
001DF2	Netflix
001DF3	SBS Science
001DF4	Magellan
001DF5	Sunshine
001DF6	Samsung
001DF7	R. STAHL Schaltgeräte
001DF8	Webpro Vision
001DF9	Cybiotronics (Far East)
001DFA	Fujian LANDI Commercial Equipment
001DFB	Netcleus
001DFC	KSIC
001DFD	Nokia
001DFE	Palm
001DFF	Network Critical Solutions
001E00	Shantou Institute of Ultrasonic Instruments
001E01	Renesas Technology Sales
001E02	Sougou Keikaku Kougyou
001E03	LiComm
001E04	Hanson Research
001E05	Xseed Technologies & Computing
001E06	Wibrain
001E07	Winy
001E08	Centec Networks
001E09	Zefatek
001E0A	Syba
001E0B	HP
001E0C	Sherwood Information Partners
001E0D	Micran
001E0E	Maxi View
001E0F	Briot
001E10	Huawei
001E11	Elelux
001E12	Ecolab
001E13	Cisco
001E14	Cisco
001E15	Beech Hill
001E16	Keytronix
001E17	STN
001E18	Radio Activity
001E19	GTRI
001E1A	Best Source Taiwan
001E1B	Digital Stream
001E1C	SWS Australia
001E1D	East Coast Datacom
001E1E	Honeywell Life Safety
001E1F	Nortel Networks
001E20	Intertain
001E21	Qisda
001E22	ARVOO Imaging Products
001E23	Electronic Educational Devices
001E24	Zhejiang Bell
001E25	Intek Digital
001E26	Digifriends
001E27	SBN
001E28	Lumexis
001E29	Hypertherm
001E2A	Netgear
001E2B	Radio Systems Design
001E2C	CyVerse
001E2D	STIM
001E2E	SIRTI
001E2F	DiMoto
001E30	Shireen
001E31	infomark
001E32	Zensys
001E33	Inventec
001E34	CryptoMetrics
001E35	Nintendo
001E36	IPTE
001E37	Universal Global Scientific Industrial
001E38	Bluecard Software
001E39	Comsys Communication
001E3A	Nokia
001E3B	Nokia
001E3C	Lyngbox Media
001E3D	Alpsalpine
001E3E	KMW
001E3F	TrellisWare
001E40	Shanghai DareGlobal
001E41	Microwave Communication & Component
001E42	Teltonika
001E43	AISIN
001E44	Santec
001E45	Sony
001E46	CommScope
001E47	PT. Hariff Daya Tunggal Engineering
001E48	Wi-Links
001E49	Cisco
001E4A	Cisco
001E4B	City Theatrical
001E4C	Foxconn
001E4D	Welkin Sciences
001E4E	DAKO EDV-Ingenieur- und Systemhaus
001E4F	Dell
001E50	Battistoni Research
001E51	Converter Industry
001E52	Apple
001E53	Further
001E54	Toyo Electric
001E55	COWON
001E56	Bally Wulff Entertainment
001E57	ALCOMA, spol. s r.o
001E58	D-Link
001E59	Silicon Turnkey Express
001E5A	CommScope
001E5B	Unitron
001E5C	RB GeneralEkonomik
001E5D	Holosys d.o.o
001E5E	COmputime
001E5F	KwikByte
001E60	Digital Lighting
001E61	ITEC
001E62	Siemon
001E63	Vibro-Meter
001E64	Intel
001E65	Intel
001E66	RESOL Elektronische Regelungen
001E67	Intel
001E68	Quanta Computer
001E69	Thomson
001E6A	Beijing Bluexon
001E6B	Cisco
001E6C	Opaque
001E6D	IT R&D Center
001E6E	Shenzhen First Mile Communications
001E6F	Magna-Power
001E70	Chelton
001E71	MIrcom Group of Companies
001E72	PCS
001E73	ZTE
001E74	Sagemcom
001E75	LG
001E76	Thermo Fisher Scientific
001E77	Air2App
001E78	Owitek
001E79	Cisco
001E7A	Cisco
001E7B	R.I
001E7C	Taiwick
001E7D	Samsung
001E7E	Nortel Networks
001E7F	CBM of America
001E80	Icotera
001E81	CNB
001E82	SanDisk
001E83	IEEE 802.1 Working
001E84	Pika
001E85	Lagotek
001E86	MEL
001E87	Realease
001E88	Andor System Support
001E89	CRFS
001E8A	eCopy
001E8B	Infra Access Korea
001E8C	ASUS
001E8D	CommScope
001E8E	Hunkeler
001E8F	CANON
001E90	Elitegroup Computer
001E91	KIMIN Electronic
001E92	Jeulin
001E93	CiriTech
001E94	Supercom
001E95	Sigmalink
001E96	Sepura
001E97	Medium Link System
001E98	GreenLine Communications
001E99	Vantanol Industrial
001E9A	HAMILTON Bonaduz
001E9B	San-Eisha
001E9C	Fidustron
001E9D	Recall
001E9E	ddm hopt + schuler Gmbh +
001E9F	Visioneering
001EA0	XLN-t
001EA1	Brunata
001EA2	Symx
001EA3	Nokia
001EA4	Nokia
001EA5	Robotous
001EA6	Best IT World (India) Pvt
001EA7	Actiontec
001EA8	Datang Mobile Communications Equipment
001EA9	Nintendo
001EAA	E-Senza
001EAB	TeleWell
001EAC	Armadeus
001EAD	Wingtech
001EAE	Aumovio
001EAF	Ophir Optronics
001EB0	ImesD Electronica S.L
001EB1	Cryptsoft
001EB2	LG
001EB3	Primex Wireless
001EB4	Unifat
001EB5	Ever Sparkle
001EB6	TAG Heuer
001EB7	TBTech
001EB8	Atlas Link
001EB9	Sing Fai
001EBA	High Density Devices
001EBB	Bluelight
001EBC	Wintech Automation
001EBD	Cisco
001EBE	Cisco
001EBF	Haas Automation
001EC0	Microchip
001EC1	3com Europe
001EC2	Apple
001EC3	Kozio
001EC4	Celio
001EC5	Middle Atlantic Products
001EC6	Leviton Manufacturing
001EC7	2Wire
001EC8	Rapid Mobile (Pty)
001EC9	Dell
001ECA	Nortel Networks
001ECB	"RPC "Energoautomatika"
001ECC	CDVI
001ECD	Kyland
001ECE	BISA Technologies (Hong Kong)
001ECF	Philips Electronics UK
001ED0	Ingespace
001ED1	TKH Security
001ED2	Ray Shine Video
001ED3	Dot Technology Int'l
001ED4	Doble Engineering
001ED5	Tekon-Automatics
001ED6	Alentec & Orion
001ED7	H-Stream Wireless
001ED8	Digital United
001ED9	Mitsubishi Precision
001EDA	Wesemann Elektrotechniek
001EDB	Giken Trastem
001EDC	Sony
001EDD	WASKO
001EDE	BYD
001EDF	Master Industrialization Center Kista
001EE0	Urmet
001EE1	Samsung
001EE2	Samsung
001EE3	T&W Electronics (ShenZhen)
001EE4	ACS Solutions France
001EE5	Linksys
001EE6	Shenzhen Advanced Video Info-Tech
001EE7	Epic
001EE8	Mytek
001EE9	Stoneridge
001EEA	Sensor Switch
001EEB	Talk-A-Phone
001EEC	Compal Information (kunshan)
001EED	Adventiq
001EEE	ETL
001EEF	Cantronic
001EF0	Gigafin Networks
001EF1	Servimat
001EF2	Micro Motion
001EF3	From2
001EF4	L-3 Communications Display
001EF5	Hitek Automated
001EF6	Cisco
001EF7	Cisco
001EF8	Emfinity
001EF9	Pascom Kommunikations systeme
001EFA	Protei
001EFB	Trio Motion
001EFC	JSC "massa-k"
001EFD	Microbit 2.0
001EFE	LEVEL s.r.o
001EFF	Mueller-Elektronik
001F00	Nokia
001F01	Nokia
001F02	Pixelmetrix Corporation Pte
001F03	NUM
001F04	Granch
001F05	iTAS
001F06	Integrated Dispatch Solutions
001F07	AZTEQ Mobile
001F08	RISCO
001F09	Jastec
001F0A	Nortel Networks
001F0B	Federal State Unitary Enterprise Industrial Union"Electropribor"
001F0C	Intelligent Digital Services
001F0D	L3 Communications - Telemetry West
001F0E	Japan Kyastem
001F0F	Select Engineered
001F10	Toledo DO Brasil Industria DE Balancas Ltda
001F11	Openmoko
001F12	Juniper
001F13	S.& A.S
001F14	NexG
001F15	Bioscrypt
001F16	Wistron
001F17	IDX
001F18	Hakusan.Mfg
001F19	Ben-ri Electronica
001F1A	Prominvest
001F1B	RoyalTek
001F1C	Kobishi Electric
001F1D	Atlas Material Testing
001F1E	Astec
001F1F	Edimax
001F20	Logitech Europe
001F21	Inner Mongolia Yin An Science & Technology Development Co.,L
001F22	Source Photonics
001F23	DGS Diagnostics
001F24	Digitview
001F25	MBS
001F26	Cisco
001F27	Cisco
001F28	HPN Supply Chain
001F29	HP
001F2A	ACCM
001F2B	Orange Logic
001F2C	Starbridge Networks
001F2D	Electro-Optical Imaging
001F2E	Triangle Research Int'l Pte
001F2F	Berker
001F30	Travelping
001F31	Radiocomp
001F32	Nintendo
001F33	Netgear
001F34	Lung Hwa
001F35	Air802
001F36	Bellwin Information
001F37	Genesis I&C
001F38	Positron
001F39	Construcciones y Auxiliar de Ferrocarriles
001F3A	Foxconn
001F3B	Intel
001F3C	Intel
001F3D	Qbit
001F3E	RP-Technik e.K
001F3F	AVM (FRITZ!Box)
001F40	Speakercraft
001F41	Ruckus
001F42	Etherstack
001F43	Entes Elektronik
001F44	GE Transportation
001F45	Enterasys
001F46	Nortel Networks
001F47	MCS Logic
001F48	Mojix
001F49	Manhattan TV
001F4A	Albentia
001F4B	Lineage Power
001F4C	Roseman Engineering
001F4D	Segnetics
001F4E	ConMed Linvatec
001F4F	Thinkware
001F50	Swissdis
001F51	HD Communications
001F52	UVT Unternehmensberatung fur Verkehr und Technik
001F53	GEMAC Chemnitz
001F54	Lorex
001F55	Honeywell Security (China)
001F56	Digital Forecast
001F57	Phonik Innovation
001F58	EMH Energiemesstechnik
001F59	Kronback Tracers
001F5A	Beckwith Electric
001F5B	Apple
001F5C	Nokia
001F5D	Nokia
001F5E	Dyna
001F5F	Blatand
001F60	Compass
001F61	Talent Communication Networks
001F62	JSC "Stilsoft"
001F63	JSC Goodwin-Europa
001F64	Beijing Autelan
001F65	Korea Electric Terminal
001F66	Planar
001F67	Hitachi
001F68	Martinsson Elektronik
001F69	Pingood
001F6A	PacketFlux
001F6B	LG
001F6C	Cisco
001F6D	Cisco
001F6E	Vtech Engineering
001F6F	Fujian Sunnada Communication
001F70	Botik
001F71	xG
001F72	QingDao Hiphone
001F73	Teraview
001F74	Eigen Development
001F75	GiBahn Media
001F76	AirLogic
001F77	Heol Design
001F78	Blue Fox Porini Textile
001F79	Lodam
001F7A	WiWide
001F7B	TechNexion
001F7C	Witelcom
001F7D	Embedded Wireless
001F7E	CommScope
001F7F	Phabrix
001F80	Lucas Holding
001F81	Accel Semiconductor
001F82	Cal-Comp Electronics & Communications
001F83	Teleplan Technology Services Sdn Bhd
001F84	Gigle Semiconductor
001F85	Apriva ISS
001F86	digEcor
001F87	Skydigital
001F88	FMS Force Measuring
001F89	Signalion
001F8A	Ellion Digital
001F8B	Cache IQ
001F8C	CCS
001F8D	Ingenieurbuero Stark GmbH und Ko
001F8E	Metris USA
001F8F	Shanghai Bellmann Digital Source
001F90	Actiontec
001F91	DBS Lodging
001F92	Motorola
001F93	Xiotech
001F94	Lascar
001F95	Sagemcom
001F96	Aprotech
001F97	Bertana
001F98	Daiichi-dentsu
001F99	Seronics
001F9A	Nortel Networks
001F9B	Posbro
001F9C	Havis
001F9D	Cisco
001F9E	Cisco
001F9F	Thomson Telecom Belgium
001FA0	A10 Networks
001FA1	Gtran
001FA2	Datron World Communications
001FA3	T&W Electronics(Shenzhen)Co
001FA4	Shenzhen Gongjin Electronics Co.,lt
001FA5	Blue-White Industries
001FA6	Stilo
001FA7	Sony
001FA8	Smart Energy Instruments
001FA9	Atlanta DTH
001FAA	Taseon
001FAB	I.S High
001FAC	Goodmill
001FAD	Brown Innovations
001FAE	Blick South Africa (Pty)
001FAF	NextIO
001FB0	TimeIPS
001FB1	Cybertech
001FB2	Sontheim Industrie Elektronik
001FB3	2Wire
001FB4	SmartShare
001FB5	I/O Interconnect
001FB6	Chi Lin
001FB7	WiMate
001FB8	Universal Remote Control
001FB9	Paltronics
001FBA	Boyoung
001FBB	Xenatech
001FBC	EVGA
001FBD	Kyocera Wireless
001FBE	Shenzhen Mopnet Industrial
001FBF	Fulhua Microelectronics Corp. Taiwan Branch
001FC0	Control Express Finland
001FC1	Hanlong
001FC2	Jow Tong
001FC3	SmartSynch
001FC4	CommScope
001FC5	Nintendo
001FC6	ASUS
001FC7	Casio Hitachi Mobile Communications
001FC8	Up-Today Industrial
001FC9	Cisco
001FCA	Cisco
001FCB	NIW Solutions
001FCC	Samsung
001FCD	Samsung
001FCE	QTECH
001FCF	MSI
001FD0	Giga-byte
001FD1	OPTEX
001FD2	Commtech Technology Macao Commercial Offshore
001FD3	RIVA Networks
001FD4	4ipnet
001FD5	MICRORISC s.r.o
001FD6	Shenzhen Allywll
001FD7	Telerad
001FD8	A-trust Computer
001FD9	RSD Communications
001FDA	Nortel Networks
001FDB	Network Supply
001FDC	Mobile Safe Track
001FDD	GDI
001FDE	Nokia
001FDF	Nokia
001FE0	EdgeVelocity
001FE1	Foxconn
001FE2	Foxconn
001FE3	LG
001FE4	Sony
001FE5	In-Circuit
001FE6	Alphion
001FE7	Simet
001FE8	KURUSUGAWA Electronics Industry
001FE9	Printrex
001FEA	Applied Media
001FEB	Trio Datacom
001FEC	Synapse Électronique
001FED	Tecan
001FEE	ubisys
001FEF	Shinsei Industries
001FF0	Audio Partnership
001FF1	Paradox Hellas
001FF2	VIA
001FF3	Apple
001FF4	Power Monitors
001FF5	Kongsberg Defence & Aerospace
001FF6	PS Audio
001FF7	Nakajima All Precision
001FF8	Siemens AG, Sector Industry, Drive Technologies, Motion Control
001FF9	Advanced Knowledge Associates
001FFA	Coretree
001FFB	Green Packet Bhd
001FFC	Riccius+Sohn
001FFD	Indigo Mobile
001FFE	HPN Supply Chain
001FFF	Respironics
002000	Lexmark
002001	DSP Solutions
002002	Seritech Enterprise
002003	Pixel Power
002004	Yamatake-honeywell
002005	Simple
002006	Garrett Communications
002007	SFA
002008	Cable & Computer
002009	Packard Bell Elec
00200A	Source-comm
00200B	Octagon
00200C	Adastra
00200D	Carl Zeiss
00200E	NSSLGlobal
00200F	Ebrains
002010	Jeol System
002011	Canopus
002012	Camtronics Medical
002013	Diversified
002014	Global View
002015	Actis Computer
002016	Showa Electric Wire & Cable
002017	Orbotech
002018	CIS
002019	OHLER
00201A	MRV Communications
00201B	Northern Telecom/network
00201C	EXCEL
00201D	Katana Products
00201E	Netquest
00201F	Best Power
002020	Megatron Computer Industries
002021	Algorithms Software PVT
002022	NMS Communications
002023	T.C
002024	Pacific Communication Sciences
002025	Control
002026	AMKLY
002027	Ming Fortune Industry
002028	West EGG
002029	Teleprocessing Products
00202A	N.v. Dzine
00202B	Advanced Telecommunications Modules
00202C	Welltronix
00202D	TAIYO
00202E	Daystar Digital
00202F	Zeta Communications
002030	Analog & Digital
002031	Tattile
002032	Alcatel Taisel
002033	Synapse
002034	Rotec Industrieautomation
002035	IBM
002036	BMC Software
002037	Seagate
002038	VME Microsystems
002039	Scinets
00203A	Digital Bi0metrics
00203B	WISDM
00203C	Eurotime
00203D	Honeywell Environmental & Combustion Controls
00203E	LogiCan
00203F	JUKI
002040	CommScope
002041	Data NET
002042	Datametrics
002043	Neuron
002044	Genitech
002045	ION Networks
002046	Ciprico
002047	Steinbrecher
002048	Marconi Communications
002049	Comtron
00204A	Pronet
00204B	Autocomputer
00204C	Mitron Computer PTE
00204D	Inovis
00204E	Network Security
00204F	Deutsche Aerospace
002050	Korea Computer
002051	Verilink
002052	Ragula
002053	Huntsville Microsystems
002054	Sycamore Networks
002055	Altech
002056	Neoproducts
002057	Titze Datentechnik
002058	Allied Signal
002059	Miro Computer Products
00205A	Computer Identics
00205B	Kentrox
00205C	InterNet Systems of Florida
00205D	Nanomatic
00205E	Castle Rock
00205F	Gammadata Computer
002060	Alcatel Italia
002061	GarrettCom
002062	Scorpion Logic
002063	Wipro Infotech
002064	Protec Microsystems
002065	Supernet Networking
002066	General Magic
002067	Private
002068	Isdyne
002069	ISDN
00206A	Osaka Computer
00206B	Konica Minolta
00206C	Evergreen
00206D	Data Race
00206E	XACT
00206F	Flowpoint
002070	HYNET
002071	IBR
002072	Worklink Innovations
002073	Fusion
002074	Sungwoon
002075	Motorola
002076	REUDO
002077	Kardios
002078	Runtop
002079	Mikron
00207A	WiSE Communications
00207B	Intel
00207C	AUTEC
00207D	Advanced Computer Applications
00207E	Finecom
00207F	Kyoei Sangyo
002080	Synergy (uk)
002081	TITAN
002082	ONEAC
002083	Presticom
002084	OCE Printing
002085	Eaton
002086	Microtech
002087	Memotec
002088	Global Village Communication
002089	T3plus Networking
00208A	Sonix Communications
00208B	LAPIS
00208C	Galaxy Networks
00208D	CMD
00208E	Chevin Software ENG
00208F	ECI Telecom
002090	Advanced Compression
002091	J125, National Security Agency
002092	Chess Engineering
002093	Landings
002094	CUBIX
002095	RIVA
002096	Invensys
002097	Applied Signal
002098	Hectronic
002099	BON Electric
00209A	THE 3DO
00209B	Ersat Electronic
00209C	Primary Access
00209D	Lippert Automationstechnik
00209E	Brown's Operating System Services
00209F	Mercury Computer
0020A0	OA Laboratory
0020A1	Dovatron
0020A2	Galcom Networking
0020A3	Harmonic
0020A4	Multipoint Networks
0020A5	API Engineering
0020A6	Proxim Wireless
0020A7	Pairgain
0020A8	SAST
0020A9	White Horse Industrial
0020AA	Ericsson Television
0020AB	Micro Industries
0020AC	Interflex Datensysteme
0020AD	LINQ
0020AE	Ornet Data Communication
0020AF	3COM
0020B0	Gateway Devices
0020B1	Comtech Research
0020B2	GKD Gesellschaft Fur Kommunikation Und Datentechnik
0020B3	Tattile
0020B4	Terma Elektronik
0020B5	Yaskawa Electric
0020B6	Agile Networks
0020B7	Namaqua Computerware
0020B8	Prime Option
0020B9	Metricom
0020BA	Center FOR High Performance
0020BB	ZAX
0020BC	Long Reach Networks
0020BD	Niobrara R & D
0020BE	LAN Access
0020BF	Aehr Test
0020C0	PULSE
0020C1	SAXA
0020C2	Texas Memory
0020C3	Counter Solutions
0020C4	INET
0020C5	EAGLE
0020C6	Nectec
0020C7	AKAI Professional M.I
0020C8	Larscom
0020C9	Victron
0020CA	Digital Ocean
0020CB	Pretec
0020CC	Digital Services
0020CD	Hybrid Networks
0020CE	Logical Design
0020CF	Test & Measurement
0020D0	Versalynx
0020D1	Microcomputer Systems (M) SDN
0020D2	RAD Data Communications
0020D3	OST (ouest Standard Telematiqu
0020D4	Cabletron
0020D5	VIPA
0020D6	Breezecom
0020D7	Japan Minicomputer
0020D8	Nortel Networks
0020D9	Panasonic Technologies, Inc./mieco-us
0020DA	Alcatel-Lucent Enterprise
0020DB	XNET
0020DC	Densitron Taiwan
0020DD	Cybertec
0020DE	Japan Digital Laborat'y
0020DF	Kyosan Electric MFG
0020E0	Actiontec
0020E1	Alamar
0020E2	Information Resource Engineering
0020E3	MCD Kencom
0020E4	Hsing Tech Enterprise
0020E5	Apex Data
0020E6	Lidkoping Machine Tools
0020E7	B&W Nuclear Service
0020E8	Datatrek
0020E9	Dantel
0020EA	Efficient Networks
0020EB	Cincinnati Microwave
0020EC	Techware
0020ED	Giga-byte
0020EE	GTECH
0020EF	USC
0020F0	Universal Microelectronics
0020F1	Altos India
0020F2	Oracle
0020F3	Raynet
0020F4	Spectrix
0020F5	Pandatel
0020F6	NET TEK AND Karlnet
0020F7	Cyberdata
0020F8	Carrera Computers
0020F9	Paralink Networks
0020FA	GDE
0020FB	Octel Communications
0020FC	Matrox Central Services
0020FD	ITV
0020FE	Topware Inc. / Grand Computer
0020FF	Symmetrical
002100	Gemtek
002101	Aplicaciones Electronicas Quasar (AEQ)
002102	UpdateLogic
002103	GHI
002104	Gigaset
002105	Alcatel-Lucent IPD
002106	RIM Testing Services
002107	Seowonintech
002108	Nokia
002109	Nokia
00210A	byd:sign
00210B	Gemini Traze Rfid PVT
00210C	Cymtec
00210D	Samsin Innotec
00210E	Gilbarco
00210F	Cernium
002110	Clearbox
002111	Uniphone
002112	Wiscom System
002113	Padtec S/A
002114	Hylab
002115	PHYWE Systeme
002116	Transcon Electronic Systems, spol. s r. o
002117	Tellord
002118	Athena
002119	Samsung
00211A	LInTech
00211B	Cisco
00211C	Cisco
00211D	Dataline
00211E	CommScope
00211F	Shinsung Deltatech
002120	Sequel
002121	VRmagic
002122	Chip-pro
002123	Aerosat Avionics
002124	Optos
002125	KUK JE Tong Shin
002126	Shenzhen Torch Equipment
002127	TP-Link
002128	Oracle
002129	Linksys
00212A	Audiovox
00212B	MSA Auer
00212C	SemIndia System Private
00212D	Scimolex
00212E	dresden-elektronik
00212F	Phoebe Micro
002130	Keico Hightech
002131	Blynke
002132	Masterclock
002133	Building B
002134	Brandywine Communications
002135	Alcatel-lucent
002136	CommScope
002137	Bay Controls
002138	Cepheid
002139	Escherlogic
00213A	Winchester
00213B	Berkshire Products
00213C	AliphCom
00213D	Cermetek Microelectronics
00213E	TomTom
00213F	A-Team
002140	EN
002141	Radlive
002142	Advanced Control Systems doo
002143	CommScope
002144	SS Telecoms
002145	Semptian
002146	Sanmina-SCI
002147	Nintendo
002148	Kaco Solar Korea
002149	China Daheng
00214A	Pixel Velocity
00214B	Shenzhen HAMP Science
00214C	Samsung
00214D	Guangzhou Skytone Transmission Technology Com
00214E	GS Yuasa Power Supply
00214F	Alpsalpine
002150	Eyeview
002151	Millinet
002152	General Satellite Research & Development
002153	SeaMicro
002154	D-TACQ Solutions
002155	Cisco
002156	Cisco
002157	National Datacast
002158	Style Flying
002159	Juniper
00215A	HP
00215B	SenseAnywhere
00215C	Intel
00215D	Intel
00215E	IBM
00215F	IHSE
002160	Hidea Solutions
002161	Yournet
002162	Nortel Networks
002163	Askey Computer
002164	Special Design Bureau for Seismic Instrumentation
002165	Presstek
002166	NovAtel
002167	HWA JIN T&I
002168	iVeia
002169	Prologix
00216A	Intel
00216B	Intel
00216C	ODVA
00216D	Soltech
00216E	Function ATI (Huizhou) Telecommunications
00216F	SymCom
002170	Dell
002171	Wesung TNC
002172	Seoultek Valley
002173	Ion Torrent
002174	AvaLAN Wireless
002175	Pacific Satellite
002176	YMax Telecom
002177	W. L. Gore & Associates
002178	Matuschek Messtechnik
002179	Iogear
00217A	Sejin Electron
00217B	Bastec
00217C	2Wire
00217D	PYXIS
00217E	Telit Communication
00217F	Intraco Technology Pte
002180	CommScope
002181	Si2 Microsystems
002182	SandLinks
002183	Andritz Hydro
002184	Powersoft
002185	Micro-star Int'l
002186	Universal Global Scientific Industrial
002187	Imacs
002188	EMC
002189	AppTech
00218A	Electronic Design and Manufacturing
00218B	Wescon
00218C	TopControl
00218D	AP Router Ind. Eletronica LTDA
00218E	Mekics
00218F	Avantgarde Acoustic Lautsprechersysteme
002190	Goliath Solutions
002191	D-Link
002192	Baoding Galaxy Electronic
002193	Videofon MV
002194	Ping Communication
002195	GWD Media
002196	Telsey
002197	Elitegroup Computer
002198	Thai Radio
002199	Vacon
00219A	Cambridge Visual Networks
00219B	Dell
00219C	Honeywld
00219D	Adesys
00219E	Sony
00219F	SATEL
0021A0	Cisco
0021A1	Cisco
0021A2	EKE-Electronics
0021A3	Micromint
0021A4	Dbii Networks
0021A5	ERLPhase Power
0021A6	Videotec
0021A7	Hantle System
0021A8	Telephonics
0021A9	Mobilink Telecom
0021AA	Nokia
0021AB	Nokia
0021AC	Infrared Integrated
0021AD	Nordic ID
0021AE	Alcatel-lucent France - WTD
0021AF	Radio Frequency
0021B0	Tyco Telecommunications
0021B1	Digital Solutions
0021B2	Fiberblaze
0021B3	Ross Controls
0021B4	Apro Media
0021B5	Galvanic
0021B6	Triacta Power
0021B7	Lexmark
0021B8	Inphi
0021B9	Universal Devices
0021BA	Texas Instruments
0021BB	Riken Keiki
0021BC	Zala Computer
0021BD	Nintendo
0021BE	Cisco
0021BF	Hitachi High-Tech Control
0021C0	Mobile Appliance
0021C1	ABB Oy / Medium Voltage Products
0021C2	GL Communications
0021C3	CORNELL Communications
0021C4	Consilium
0021C5	3DSP
0021C6	CSJ Global
0021C7	Russound
0021C8	LOHUIS Networks
0021C9	Wavecom Asia Pacific
0021CA	ART System
0021CB	SMS Tecnologia Eletronica Ltda
0021CC	Flextronics
0021CD	LiveTV
0021CE	NTC-Metrotek
0021CF	The Crypto
0021D0	Global Display Solutions
0021D1	Samsung
0021D2	Samsung
0021D3	Bocom Security(asia Pacific)
0021D4	Vollmer Werke
0021D5	X2E
0021D6	LXI Consortium
0021D7	Cisco
0021D8	Cisco
0021D9	Sekonic
0021DA	Automation Products
0021DB	Santachi Video Technology (Shenzhen)
0021DC	Tecnoalarm
0021DD	Northstar
0021DE	Firepro Wireless
0021DF	Martin Christ
0021E0	CommAgility
0021E1	Nortel Networks
0021E2	visago Systems & Controls
0021E3	SerialTek
0021E4	I-WIN
0021E5	Display Solution
0021E6	Starlight Video
0021E7	Informatics Services
0021E8	Murata
0021E9	Apple
0021EA	Bystronic Laser
0021EB	ESP
0021EC	Solutronic
0021ED	Telegesis
0021EE	Full Spectrum
0021EF	Kapsys
0021F0	EW3
0021F1	Tutus Data
0021F2	Easy3call
0021F3	Si14
0021F4	INRange
0021F5	Western Engravers Supply
0021F6	Oracle
0021F7	HPN Supply Chain
0021F8	Enseo
0021F9	Wirecom
0021FA	A4SP
0021FB	LG
0021FC	Nokia
0021FD	Lacroix Traffic S.a.u
0021FE	Nokia
0021FF	Cyfrowy Polsat
002200	IBM
002201	Aksys Networks
002202	Excito Elektronik i Skåne
002203	Glensound
002204	Koratek
002205	WeLink Solutions
002206	Cyberdyne
002207	Inteno Broadband
002208	Certicom
002209	Omron Healthcare
00220A	OnLive
00220B	National Source Coding Center
00220C	Cisco
00220D	Cisco
00220E	Indigo Security
00220F	MoCA (Multimedia over Coax Alliance)
002210	CommScope
002211	Rohati
002212	CAI Networks
002213	PCI
002214	Rinnai Korea
002215	ASUS
002216	Shibaura Vending Machine
002217	Neat
002218	Akamai
002219	Dell
00221A	Audio Precision
00221B	Morega
00221C	Private
00221D	Freegene
00221E	Media Devices
00221F	eSang
002220	Mitac
002221	Itoh Denki
002222	Schaffner Deutschland
002223	TimeKeeping
002224	Good Will Instrument
002225	Thales Avionics
002226	Avaak
002227	uv-electronic
002228	Breeze Innovations
002229	Compumedics
00222A	SoundEar
00222B	Nucomm
00222C	Ceton
00222D	SMC Networks
00222E	maintech
00222F	Open Grid Computing
002230	FutureLogic
002231	SMT&C
002232	Design Design
002233	ADB Broadband Italia
002234	Corventis
002235	Strukton
002236	Vector SP. Z O.O
002237	Shinhint
002238	Logiplus
002239	Indiana Life Sciences
00223A	Cisco
00223B	Communication Networks
00223C	RATIO Entwicklungen
00223D	JumpGen
00223E	IRTrans
00223F	Netgear
002240	Universal Telecom S/A
002241	Apple
002242	Alacron
002243	AzureWave
002244	Chengdu Linkon Communications Device
002245	Leine & Linde
002246	Evoc Intelligent
002247	DAC Engineering
002248	Microsoft
002249	Home Multienergy SL
00224A	Raylase
00224B	Airtech
00224C	Nintendo
00224D	MITAC
00224E	SEEnergy
00224F	Byzoro Networks
002250	Point Six Wireless
002251	Lumasense
002252	ZOLL Lifecor
002253	Entorian
002254	Bigelow Aerospace
002255	Cisco
002256	Cisco
002257	3com Europe
002258	Taiyo Yuden
002259	Guangzhou New Postcom Equipment
00225A	Garde Security
00225B	Teradici
00225C	Multimedia & Communication
00225D	Digicable Network India Pvt
00225E	Uwin
00225F	Liteon
002260	Afreey
002261	Frontier Silicon
002262	BEP Marine
002263	Koos Technical Services
002264	HP
002265	Nokia
002266	Nokia
002267	Nortel Networks
002268	Foxconn
002269	Foxconn
00226A	Honeywell
00226B	Linksys
00226C	LinkSprite
00226D	Shenzhen GIEC
00226E	Gowell Electronic
00226F	3onedata
002270	ABK North America
002271	Jäger Computergesteuerte Meßtechnik
002272	American Micro-Fuel Device
002273	Techway
002274	FamilyPhone
002275	Belkin
002276	Triple EYE
002277	NEC Australia
002278	Shenzhen Tongfang Multimedia
002279	Nippon Conlux
00227A	Telecom Design
00227B	Apogee Labs
00227C	Woori SMT
00227D	YE Data
00227E	Chengdu 30Kaitian Communication Industry
00227F	Ruckus
002280	A2B
002281	Daintree Networks
002282	8086 Consultancy
002283	Juniper
002284	Desay A&V Science AND
002285	Nomus Comm
002286	Astron
002287	Titan Wireless
002288	Sagrad
002289	Vanderlande APC
00228A	Teratronik elektronische systeme
00228B	Kensington Computer Products
00228C	Photon Europe
00228D	GBS Laboratories
00228E	Tv-numeric
00228F	CNRS
002290	Cisco
002291	Cisco
002292	Cinetal
002293	ZTE
002294	Kyocera
002295	SGM Technology for lighting
002296	LinoWave
002297	XMOS Semiconductor
002298	Sony
002299	SeaMicro
00229A	Lastar
00229B	AverLogic
00229C	Verismo Networks
00229D	Pyung-hwa IND
00229E	Social Aid Research
00229F	Sensys Traffic
0022A0	Aptiv Services US
0022A1	Huawei
0022A2	Xtramus
0022A3	California Eastern Laboratories
0022A4	2Wire
0022A5	Texas Instruments
0022A6	Sony
0022A7	Tyco Electronics AMP
0022A8	Ouman
0022A9	LG
0022AA	Nintendo
0022AB	Shenzhen Turbosight
0022AC	Hangzhou Siyuan
0022AD	Telesis
0022AE	Mattel
0022AF	Safety Vision
0022B0	D-Link
0022B1	Elbit
0022B2	4RF Communications
0022B3	Sei
0022B4	CommScope
0022B5	Novita
0022B6	Superflow
0022B7	GSS Grundig SAT-Systems
0022B8	Norcott
0022B9	Analogix Seminconductor
0022BA	HUTH Elektronik Systeme
0022BB	beyerdynamic
0022BC	JDSU France
0022BD	Cisco
0022BE	Cisco
0022BF	SieAmp Group of Companies
0022C0	Shenzhen Forcelink Electronic
0022C1	Active Storage
0022C2	Proview Eletrônica do Brasil LTDA
0022C3	Zeeport
0022C4	epro
0022C5	Inforson
0022C6	Sutus
0022C7	SEGGER Microcontroller
0022C8	ModuVision
0022C9	Lenord, Bauer
0022CA	Anviz Biometric
0022CB	Ionodes
0022CC	SciLog
0022CD	Ared
0022CE	Cisco
0022CF	Planex Communications
0022D0	Polar Electro
0022D1	Albrecht Jung
0022D2	All Earth Comércio de Eletrônicos LTDA
0022D3	Hub-Tech
0022D4	ComWorth
0022D5	Eaton Corp. Electrical Group Data Center Solutions - Pulizzi
0022D6	Cypak
0022D7	Nintendo
0022D8	Shenzhen GST Security and Safety
0022D9	Fortex Industrial
0022DA	Anatek
0022DB	Translogic
0022DC	Vigil Health Solutions
0022DD	Protecta
0022DE	OPPO
0022DF	TAMUZ Monitors
0022E0	Atlantic Software
0022E1	ZORT Labs
0022E2	WABTEC Transit Division
0022E3	Amerigon
0022E4	APASS
0022E5	Fisher-Rosemount
0022E6	Intelligent Data
0022E7	WPS Parking
0022E8	Applition
0022E9	ProVision Communications
0022EA	Rustelcom
0022EB	Data Respons
0022EC	Idealbt
0022ED	TSI Power
0022EE	Algo Communication Products
0022EF	iWDL
0022F0	3 Greens Aviation
0022F1	Private
0022F2	SunPower
0022F3	SHARP
0022F4	AMPAK
0022F5	Advanced Realtime Tracking
0022F6	Syracuse Research
0022F7	Conceptronic
0022F8	PIMA Electronic
0022F9	Pollin Electronic
0022FA	Intel
0022FB	Intel
0022FC	Nokia
0022FD	Nokia
0022FE	Advanced Illumination
0022FF	NIVIS
002300	Cayee Computer
002301	Witron
002302	Cobalt Digital
002303	Lite-on IT
002304	Cisco
002305	Cisco
002306	Alpsalpine
002307	Future Innovation
002308	Arcadyan
002309	Janam
00230A	Arburg
00230B	CommScope
00230C	Clover
00230D	Nortel Networks
00230E	Gorba
00230F	Hirsch
002310	LNC
002311	Gloscom
002312	Apple
002313	Qool
002314	Intel
002315	Intel
002316	KISAN
002317	Lasercraft
002318	Toshiba
002319	Sielox
00231A	ITF
00231B	Danaher Motion - Kollmorgen
00231C	Fourier
00231D	Deltacom
00231E	Cezzer Multimedia
00231F	Guangda Electronic & Telecommunication Technology Development
002320	Nicira Networks
002321	Avitech
002322	KISS Teknical Solutions
002323	Zylin
002324	G-pro Computer
002325	IOLAN Holding
002326	Fujitsu
002327	Shouyo
002328	Alcon Telecommunications
002329	DDRdrive
00232A	eonas IT-Beratung und -Entwicklung
00232B	IRD
00232C	Senticare
00232D	SandForce
00232E	Kedah Electronics Engineering
00232F	Advanced Card
002330	Dizipia
002331	Nintendo
002332	Apple
002333	Cisco
002334	Cisco
002335	Linkflex
002336	METEL s.r.o
002337	Global Star Solutions ULC
002338	OJ-Electronics
002339	Samsung
00233A	Samsung
00233B	C-Matic
00233C	Alflex
00233D	Laird
00233E	Alcatel-Lucent IPD
00233F	Purechoice
002340	MiXTelematics
002341	Vanderbilt International (SWE)
002342	Coffee Equipment
002343	TEM
002344	Objective Interface
002345	Sony
002346	Vestac
002347	ProCurve Networking by HP
002348	Sagemcom
002349	Helmholtz Centre Berlin for Material and Energy
00234A	Private
00234B	Inyuan
00234C	KTC
00234D	Foxconn
00234E	Foxconn
00234F	Luminous Power Technologies Pvt
002350	RDC, Inc. dba LynTec
002351	2Wire
002352	Datasensor
002353	F E T Elettronica snc
002354	ASUS
002355	Kinco Automation(Shanghai)
002356	Packet Forensics
002357	Pitronot Technologies and Engineering P.T.E
002358	Systel
002359	Benchmark Electronics ( Thailand ) Public
00235A	Compal Information (kunshan)
00235B	Gulfstream
00235C	Aprius
00235D	Cisco
00235E	Cisco
00235F	Silicon Micro Sensors
002360	Lookit
002361	Unigen
002362	Goldline Controls
002363	Zhuhai Raysharp
002364	Power Instruments Pte
002365	Insta Elektro
002366	Beijing Siasun Electronic System
002367	UniControls a.s
002368	Zebra
002369	Linksys
00236A	SmartRG
00236B	Xembedded
00236C	Apple
00236D	ResMed
00236E	Burster
00236F	DAQ System
002370	Snell
002371	SOAM Systel
002372	More Star Industrial
002373	GridIron
002374	CommScope
002375	CommScope
002376	HTC
002377	Isotek
002378	GN Netcom
002379	Union Business Machines
00237A	RIM
00237B	WHDI
00237C	Neotion
00237D	HP
00237E	Elster
00237F	Plantronics
002380	Nanoteq
002381	Lengda Technology(Xiamen)
002382	Lih Rong electronic Enterprise
002383	InMage
002384	GGH Engineering
002385	Antipode
002386	IMI Hydronic Engineering
002387	ThinkFlood
002388	V.T. Telematica
002389	Hangzhou H3C
00238A	Ciena
00238B	Quanta Computer
00238C	Private
00238D	Techno Design
00238E	ADB Broadband Italia
00238F	Nidec Copal
002390	Algolware
002391	Maxian
002392	Proteus Industries
002393	Ajinextek
002394	Samjeon
002395	CommScope
002396	ANDES
002397	Westell
002398	Vutlan sro
002399	Samsung
00239A	EasyData Hardware
00239B	Elster Solutions
00239C	Juniper
00239D	Mapower
00239E	Jiangsu Lemote
00239F	Institut für Prüftechnik
0023A0	Hana CNS
0023A1	Trend
0023A2	CommScope
0023A3	CommScope
0023A4	New Concepts Development
0023A5	SageTV
0023A6	E-Mon
0023A7	Redpine Signals
0023A8	Marshall
0023A9	Beijing Detianquan Electromechanical Equipment
0023AA	HFR
0023AB	Cisco
0023AC	Cisco
0023AD	Xmark
0023AE	Dell
0023AF	CommScope
0023B0	Comxion
0023B1	Longcheer Technology (Singapore) Pte
0023B2	Intelligent Mechatronic
0023B3	Lyyn
0023B4	Nokia
0023B5	Ortana
0023B6	Securite Communications / Honeywell
0023B7	Q-Light
0023B8	Sichuan Jiuzhou Electronic
0023B9	Airbus Defence and Space Deutschland
0023BA	Chroma
0023BB	Accretech SBS
0023BC	Eq-sys
0023BD	Digital Ally
0023BE	Cisco
0023BF	Mainpine
0023C0	Broadway Networks
0023C1	Securitas Direct
0023C2	Samsung
0023C3	LogMeIn
0023C4	Lux Lumen
0023C5	Radiation Safety and Control Services
0023C6	SMC
0023C7	AVSystem sp. z o. o
0023C8	Team-r
0023C9	Sichuan Tianyi Information Science & Technology Stock
0023CA	Behind The Set
0023CB	Shenzhen Full-join
0023CC	Nintendo
0023CD	TP-Link
0023CE	Kita Denshi
0023CF	Cummins-allison
0023D0	Uniloc USA
0023D1	TRG
0023D2	Inhand
0023D3	AirLink WiFi Networking
0023D4	Texas Instruments
0023D5	WAREMA Renkhoff SE
0023D6	Samsung
0023D7	Samsung
0023D8	Ball-It
0023D9	Banner Engineering
0023DA	Industrial Computer Source (Deutschland)GmbH
0023DB	saxnet
0023DC	Benein
0023DD	ELGIN
0023DE	Ansync
0023DF	Apple
0023E0	INO Therapeutics
0023E1	Cavena Image Products
0023E2	SEA Signalisation
0023E3	Microtronic
0023E4	IPnect
0023E5	IPaXiom Networks
0023E6	Innovation Farm
0023E7	Hinke
0023E8	Demco
0023E9	F5
0023EA	Cisco
0023EB	Cisco
0023EC	Algorithmix
0023ED	CommScope
0023EE	CommScope
0023EF	Zuend Systemtechnik
0023F0	Shanghai Jinghan Weighing Apparatus
0023F1	Sony
0023F2	TVLogic
0023F3	Glocom
0023F4	Masternaut
0023F5	Wilo SE
0023F6	Softwell
0023F7	Private
0023F8	Zyxel
0023F9	Double-Take Software
0023FA	RG Nets
0023FB	IP Datatel
0023FC	Ultra Stereo Labs
0023FD	AFT Atlas Fahrzeugtechnik
0023FE	Biodevices
0023FF	Beijing HTTC
002400	Nortel Networks
002401	D-Link
002402	Op-Tection
002403	Nokia
002404	Nokia
002405	Dilog Nordic
002406	Pointmobile
002407	TELEM
002408	Pacific Biosciences
002409	The Toro
00240A	US Beverage Net
00240B	Virtual Computer
00240C	DELEC
00240D	OnePath Networks
00240E	Inventec Besta
00240F	Ishii Tool & Engineering
002410	Nueteq
002411	PharmaSmart
002412	Benign
002413	Cisco
002414	Cisco
002415	Magnetic Autocontrol
002416	Any Use
002417	Thomson Telecom Belgium
002418	Nextwave Semiconductor
002419	Private
00241A	Red Beetle
00241B	iWOW Communications Pte
00241C	FuGang Electronic (DG)
00241D	Giga-byte
00241E	Nintendo
00241F	DCT-Delta
002420	NetUP
002421	Micro-star Int'l
002422	Knapp Logistik Automation
002423	AzureWave Technologies (Shanghai)
002424	Ace Axis
002425	Shenzhenshi chuangzhicheng
002426	Nohmi Bosai
002427	SSI Computer
002428	EnergyICT
002429	MK Master
00242A	Hittite Microwave
00242B	Foxconn
00242C	Foxconn
00242E	Datastrip
00242F	Micron
002430	Ruby
002431	Uni-v
002432	Neostar
002433	Alpsalpine
002434	Lectrosonics
002435	WIDE
002436	Apple
002437	Motorola
002438	Brocade Communications
002439	Digital Barriers Advanced
00243A	Ludl Electronic Products
00243B	CSSI (S) Pte
00243C	S.a.a.a
00243D	Emerson Appliance Motors and Controls
00243F	Storwize
002440	Halo Monitoring
002441	Wanzl Metallwarenfabrik
002442	Axona
002443	Nortel Networks
002444	Nintendo
002445	Adtran
002446	MMB Research
002447	Kaztek
002448	SpiderCloud Wireless
002449	Shen Zhen Lite Star
00244A	Voyant
00244B	Perceptron
00244C	Solartron Metrology
00244D	Hokkaido
00244E	RadChips
00244F	Asantron
002450	Cisco
002451	Cisco
002452	Silicon Software
002453	Initra d.o.o
002454	Samsung
002455	MuLogic
002456	2Wire
002458	PA Bastion CC
002459	ABB Automation products
00245A	Nanjing Panda
00245B	Raidon
00245C	Design-Com
00245D	Terberg besturingstechniek
00245E	Hivision
00245F	Vine Telecom
002460	Giaval Science Development
002461	Shin Wang
002462	Rayzone
002463	Phybridge
002464	Bridge
002465	Elentec
002466	Unitron
002467	AOC International (Europe)
002468	Sumavision
002469	Fasttel - Smart Doorphones
00246A	Solid Year
00246B	Covia
00246C	HPE
00246D	Weinzierl Engineering
00246E	Phihong USA
00246F	Onda Communication
002470	AUROTECH ultrasound
002471	Fusion MultiSystems dba Fusion-io
002472	ReDriven Power
002473	3com Europe
002474	Autronica Fire And Securirty
002475	Compass System(Embedded Dept.)
002476	TAP.tv
002477	Tibbo
002478	Mag
002479	Optec Displays
00247A	FU YI Cheng
00247B	Actiontec
00247C	Nokia
00247D	Nokia
00247E	Universal Global Scientific Industrial
00247F	Nortel Networks
002480	Meteocontrol
002481	HP
002482	Ruckus
002483	LG
002484	Bang and Olufsen Medicom
002485	ConteXtream
002486	DesignArt Networks
002487	Transact Campus
002488	Centre For Development Of Telematics
002489	Vodafone Omnitel N.V
00248A	Kaga
00248B	HYBUS
00248C	ASUS
00248D	Sony
00248E	Infoware ZRt
00248F	Do-monix
002490	Samsung
002491	Samsung
002492	Motorola
002493	CommScope
002494	Shenzhen Baoxin
002495	CommScope
002496	Ginzinger electronic
002497	Cisco
002498	Cisco
002499	Aquila
00249A	Beijing Zhongchuang Telecommunication Test
00249B	Action Star Enterprise
00249C	Bimeng Comunication System
00249D	NES
00249E	ADC-Elektronik
00249F	RIM Testing Services
0024A0	CommScope
0024A1	CommScope
0024A2	Hong Kong Middleware
0024A3	Sonim
0024A4	Siklu Communication
0024A5	Buffalo
0024A6	Telestar Digital
0024A7	Advanced Video Communications
0024A8	ProCurve Networking by HP
0024A9	Ag Leader
0024AA	Dycor
0024AB	A7 Engineering
0024AC	Hangzhou DPtech
0024AD	Adolf Thies
0024AE	Idemia Public Security France
0024AF	Dish
0024B0	ESAB
0024B1	Coulomb
0024B2	Netgear
0024B3	Graf-Syteco
0024B4	Escatronic
0024B5	Nortel Networks
0024B6	Seagate
0024B7	GridPoint
0024B8	free alliance sdn bhd
0024B9	Wuhan Higheasy Electronic Technology Development
0024BA	Texas Instruments
0024BB	Central
0024BC	HuRob
0024BD	Hainzl Industriesysteme
0024BE	Sony
0024BF	Carrier Culoz
0024C0	NTI Comodo
0024C1	CommScope
0024C2	Asumo
0024C3	Cisco
0024C4	Cisco
0024C5	Meridian Audio
0024C6	Hager Electro
0024C7	Mobilarm
0024C8	Broadband Solutions
0024C9	Broadband Solutions
0024CA	Tobii
0024CB	Autonet Mobile
0024CC	Fascinations Toys and Gifts
0024CD	Willow Garage
0024CE	Exeltech
0024CF	Inscape Data
0024D0	Shenzhen SOGOOD Industry
0024D1	Thomson
0024D2	Askey Computer
0024D3	Qualica
0024D4	Freebox
0024D5	Winward Industrial
0024D6	Intel
0024D7	Intel
0024D8	IlSung Precision
0024D9	BICOM
0024DA	Innovar
0024DB	Alcohol Monitoring
0024DC	Juniper
0024DD	Centrak
0024DE	Global
0024DF	Digitalbox Europe
0024E0	DS
0024E1	Convey Computer
0024E2	Hasegawa Electric
0024E3	CAO
0024E4	Withings
0024E5	Seer
0024E6	In Motion
0024E7	Plaster Networks
0024E8	Dell
0024E9	Samsung
0024EA	iris-GmbH infrared & intelligent sensors
0024EB	ClearPath Networks
0024EC	United Information
0024ED	YT Elec
0024EE	Wynmax
0024EF	Sony
0024F0	Seanodes
0024F1	Shenzhen Fanhai Sanjiang
0024F2	Uniphone Telecommunication
0024F3	Nintendo
0024F4	Kaminario
0024F5	NDS Surgical Imaging
0024F6	Miyoshi
0024F7	Cisco
0024F8	Technical Solutions
0024F9	Cisco
0024FA	Hilger u. Kern
0024FB	Private
0024FC	QuoPin
0024FD	Accedian Networks
0024FE	AVM (FRITZ!Box)
0024FF	QLogic
002500	Apple
002501	JSC "Supertel"
002502	NaturalPoint
002503	IBM
002504	Valiant Communications
002505	eks Engel
002506	A.i. Antitaccheggio Italia
002507	ASTAK
002508	Maquet Cardiopulmonary
002509	Sharetronic
00250A	Security Expert
00250B	Centrofactor
00250C	Senet
00250D	GZT Telkom-Telmor sp. z o.o
00250E	gt german telematics
00250F	On-Ramp Wireless
002510	Pico-Tesla Magnetic Therapies
002511	Elitegroup Computer
002512	ZTE
002513	CXP Digital
002514	PC Worth Int'l
002515	SFR
002516	Integrated Design Tools
002517	Venntis
002518	Power PLUS Communications
002519	Viaas
00251A	Psiber Data
00251B	Philips CareServant
00251C	EDT
00251D	DSA Encore
00251E	ROTEL
00251F	Zynus Vision
002520	SMA Railway
002521	Logitek Electronic
002522	ASRock Incorporation
002523	OCP
002524	Lightcomm
002525	CTERA Networks
002526	Genuine
002527	Bitrode
002528	Daido Signal
002529	Comelit
00252A	Chengdu GeeYa
00252B	Stirling Energy
00252C	Entourage
00252D	Kiryung
00252E	Cisco
00252F	Energy
002530	Aetas
002531	Cloud Engines
002532	Digital Recorders
002533	Wittenstein
002535	Minimax
002536	Oki Electric Industry
002537	Runcom
002538	Samsung
002539	IfTA
00253A	CEVA
00253B	din Dietmar Nocker Facilitymanagement
00253C	2Wire
00253D	DRS Consolidated Controls
00253E	Sensus Metering
002540	Quasar
002541	Maquet Critical Care
002542	Pittasoft
002543	Moneytech
002544	LoJack
002545	Cisco
002546	Cisco
002547	Nokia
002548	Nokia
002549	Jeorich
00254A	RingCube
00254B	Apple
00254C	Videon Central
00254D	Singapore
00254E	Vertex Wireless
00254F	Elettrolab
002550	Riverbed
002551	SE-Elektronic
002552	VXi
002553	ADB Broadband Italia
002554	Pixel8 Networks
002555	Visonic Technologies 1993
002556	Foxconn
002557	BlackBerry RTS
002558	Mpedia
002559	Syphan
00255A	Tantalus
00255B	CoachComm
00255C	NEC
00255D	Morningstar
00255E	Shanghai Dare
00255F	SenTec
002560	Ibridge Networks & Communications
002561	ProCurve Networking by HP
002562	interbro
002563	Luxtera
002564	Dell
002565	Vizimax
002566	Samsung
002567	Samsung
002568	Huawei
002569	Sagemcom
00256A	inIT - Institut Industrial IT
00256B	Atenix E.E
00256C	"Azimut" Production Association JSC
00256D	Broadband Forum
00256E	Van Breda
00256F	Dantherm Power
002570	Eastern Communications
002571	Zhejiang Tianle Digital Electric
002572	Nemo-Q
002573	ST Electronics (Info-Security) Pte
002574	Kunimi Media Device
002575	FiberPlex
002576	NELI
002577	D-BOX
002578	JSC "Concern "Sozvezdie"
002579	J & F Labs
00257A	CAMCO Produktions- und Vertriebs-GmbH für Beschallungs- und Beleuchtungsanlagen
00257B	STJ Electronics PVT
00257C	Huachentel Technology Development
00257D	PointRed Telecom Private
00257E	NEW POS
00257F	CallTechSolution
002580	Equipson
002581	x-star networks
002582	Maksat Technologies (P)
002583	Cisco
002584	Cisco
002585	Kokuyo S&T
002586	TP-Link
002587	Vitality
002588	Genie Industries
002589	Hills Industries
00258A	Pole/Zero
00258B	Mellanox
00258C	Esus Elektronik San. VE Dis. Tic. Ltd. STI
00258D	Haier
00258E	The Weather Channel
00258F	Trident Microsystems
002590	Super Micro Computer
002591	Nextek
002592	Guangzhou Shirui Electronic
002593	DatNet Informatikai Kft
002594	Eurodesign BG
002595	Northwest Signal Supply
002596	Gigavision
002597	Kalki Communication
002598	Zhong Shan City Litai Electronic Industrial
002599	Hedon e.d
00259A	CEStronics
00259B	Beijing PKUNITY Microsystems
00259C	Linksys
00259D	Private
00259E	Huawei
00259F	TechnoDigital
0025A0	Nintendo
0025A1	Enalasys
0025A2	Alta Definicion LINCEO S.L
0025A3	Trimax Wireless
0025A4	EuroDesign embedded
0025A5	Walnut Media Network
0025A6	Central Network Solution
0025A7	itron
0025A8	Kontron (BeiJing)
0025A9	Shanghai Embedway Information
0025AA	Beijing Soul
0025AB	AIO LCD PC BU / TPV
0025AC	I-Tech
0025AD	Manufacturing Resources
0025AE	Microsoft
0025AF	Comfile
0025B0	Schmartz
0025B1	Maya-Creation
0025B2	MBDA Deutschland
0025B3	HP
0025B4	Cisco
0025B5	Cisco
0025B6	Telecom FM
0025B7	Costar
0025B8	Agile Communications
0025B9	Cypress Solutions
0025BA	Alcatel-Lucent IPD
0025BB	Innerint
0025BC	Apple
0025BD	Italdata Ingegneria dell'Idea
0025BE	Tektrap
0025BF	Wireless Cables
0025C0	ZillionTV
0025C1	Nawoo Korea
0025C2	RingBell
0025C3	21168
0025C4	Ruckus
0025C5	Star Link Communication Pvt
0025C6	kasercorp
0025C7	altek
0025C8	S-Access
0025C9	Shenzhen Huapu Digital
0025CA	Ezurio
0025CB	Reiner SCT
0025CC	Mobile Communications Korea
0025CD	Skylane Optics
0025CE	InnerSpace
0025CF	Nokia
0025D0	Nokia
0025D1	Eastern Asia
0025D2	InpegVision
0025D3	AzureWave
0025D4	General Dynamics Mission
0025D5	Robonica (Pty)
0025D6	The Kroger
0025D7	CEDO
0025D8	Korea Maintenance
0025D9	DataFab
0025DA	Secura Key
0025DB	ATI Electronics(Shenzhen)
0025DC	Sumitomo Electric Industries
0025DD	Sunnytek Information
0025DE	Probits
0025DF	Axon Enterprise
0025E0	CeedTec Sdn Bhd
0025E1	Shanghai Seeyoo Electronic
0025E2	Everspring Industry
0025E3	Hanshinit
0025E4	OMNI-WiFi
0025E5	LG
0025E6	Belgian Monitoring Systems bvba
0025E7	Sony
0025E8	Idaho
0025E9	i-mate Development
0025EA	Iphion
0025EB	Reutech Radar Systems (PTY)
0025EC	Humanware
0025ED	NuVo
0025EE	Avtex
0025EF	I-TEC
0025F0	Suga
0025F1	CommScope
0025F2	CommScope
0025F3	Nordwestdeutsche Zählerrevision
0025F4	KoCo Connector
0025F5	DVS Korea
0025F6	netTALK.com
0025F7	Ansaldo STS USA
0025F9	GMK electronic design
0025FA	J&M Analytik
0025FB	Tunstall Healthcare
0025FC	ENDA
0025FD	OBR Centrum Techniki Morskiej
0025FE	Pilot
0025FF	CreNova Multimedia
002600	TEAC Australia
002601	Cutera
002602	SMART Temps
002603	Shenzhen Wistar
002604	WorldCast
002605	CC
002606	Raumfeld
002607	Enabling
002608	Apple
002609	Phyllis
00260A	Cisco
00260B	Cisco
00260C	Dataram
00260D	Mercury
00260E	Ablaze
00260F	Linn Products
002610	Apacewave
002611	Licera
002612	Space Exploration
002613	Engel Axil S.L
002614	KTNF
002615	Teracom
002616	Rosemount
002617	OEM Worldwide
002618	ASUS
002619	FRC
00261A	Femtocomm System
00261B	Laurel Bank Machines
00261C	Neovia
00261D	COP Security System
00261E	Qingbang Elec(sz)
00261F	SAE Magnetics (H.K.)
002620	ISGUS
002621	InteliCloud
002622	Compal Information (kunshan)
002623	JRD Communication
002624	Thomson
002625	MediaSputnik
002626	Geophysical Survey
002627	Truesell
002628	companytec automação e controle ltda
002629	Juphoon System Software
00262A	Proxense
00262B	Wongs
00262C	IKT Advanced Technologies s.r.o
00262D	Wistron
00262E	Chengdu Jiuzhou Electronic
00262F	Hamamatsu TOA
002630	Acorel S.a.s
002631	Commtact
002632	Instrumentation Technologies d.d
002633	MIR - Medical International Research
002634	Infineta
002635	Bluetechnix
002636	CommScope
002637	Samsung
002638	Xia Men Joyatech
002639	T.M
00263A	Digitec
00263B	Onbnetech
00263C	Bachmann
00263D	MIA
00263E	Trapeze Networks
00263F	LIOS
002640	Baustem Broadband
002641	CommScope
002642	CommScope
002643	Alpsalpine
002644	Thomson Telecom Belgium
002645	Circontrol
002646	Shenyang Tongfang Multimedia
002647	WFE
002648	Emitech
00264A	Apple
00264C	Shanghai DigiVision
00264D	Arcadyan
00264E	r2p
00264F	Krüger &Gothe
002650	2Wire
002651	Cisco
002652	Cisco
002653	DaySequerra
002654	3COM
002655	HP
002656	Sansonic Electronics USA
002657	OOO NPP Ekra
002658	T-Platforms (Cyprus)
002659	Nintendo
00265A	D-Link
00265B	Hitron
00265C	Foxconn
00265D	Samsung
00265E	Foxconn
00265F	Samsung
002660	Logiways
002661	Irumtek
002662	Actiontec
002663	Shenzhen Huitaiwei
002664	Core System Japan
002665	ProtectedLogic
002666	EFM Networks
002667	Carecom
002668	Nokia
002669	Nokia
00266A	Essensium
00266B	Shine Union Enterprise
00266C	Inventec
00266D	MobileAccess Networks
00266E	Nissho-denki
00266F	Coordiwise
002670	Cinch Connectors
002671	Autovision
002672	AAMP of America
002673	RICOH
002674	Hunter Douglas
002675	Aztech Electronics Pte
002676	COMMidt
002677	DEIF
002678	Logic Instrument
002679	Euphonic
00267A	wuhan hongxin telecommunication
00267B	GSI Helmholtzzentrum für Schwerionenforschung
00267C	Metz-Werke
00267D	A-Max Technology Macao Commercial Offshore
00267E	Parrot
00267F	Oregan Networks
002680	SIL3
002681	Interspiro
002682	Gemtek
002683	Ajoho Enterprise
002684	Kisan System
002685	Digital Innovation
002686	Quantenna Communcations
002687	corega K.K
002688	Juniper
002689	General Dynamics Land
00268A	Terrier SC
00268B	Guangzhou Escene Computer
00268C	StarLeaf
00268D	CellTel
00268E	Alta Solutions
00268F	MTA
002690	I DO IT
002691	Sagemcom
002692	Mitsubishi Electric
002693	QVidium
002694	Senscient
002695	ZT Group Int'l
002696	Noolix
002697	Alpha
002698	Cisco
002699	Cisco
00269A	Carina System
00269B	Sokrat
00269C	Itus Japan
00269D	M2Mnet
00269E	Quanta Computer
00269F	Private
0026A0	moblic
0026A1	Megger
0026A2	Instrumentation
0026A3	FQ Ingenieria Electronica
0026A4	Novus Produtos Eletronicos Ltda
0026A5	Microrobot
0026A6	Trixell
0026A7	Connect
0026A8	Daehap Hyper-tech
0026A9	Strong
0026AA	Kenmec Mechanical Engineering
0026AB	Epson
0026AC	Shanghai LUSTER Teraband photonic
0026AD	Arada
0026AE	Wireless Measurement
0026AF	Duelco
0026B0	Apple
0026B1	Navis Auto Motive
0026B2	Setrix
0026B3	Thales Communications
0026B4	Ford Motor
0026B5	ICOMM Tele
0026B6	Askey Computer
0026B7	Kingston
0026B8	Actiontec
0026B9	Dell
0026BA	CommScope
0026BB	Apple
0026BC	General Jack
0026BD	JTEC Card &amp; Communication
0026BE	Schoonderbeek Elektronica Systemen
0026BF	ShenZhen Temobi Science&Tech Development
0026C0	EnergyHub
0026C1	Artray
0026C2	SCDI
0026C3	Insightek
0026C4	Cadmos microsystems
0026C5	Guangdong Gosun Telecommunications
0026C6	Intel
0026C7	Intel
0026C8	System Sensor
0026C9	Proventix
0026CA	Cisco
0026CB	Cisco
0026CC	Nokia
0026CD	PurpleComm
0026CE	Kozumi USA
0026CF	Deka R&D
0026D0	Semihalf
0026D1	S Squared Innovations
0026D2	Pcube
0026D3	Zeno Information System
0026D4	IRCA
0026D5	Ory Solucoes em Comercio de Informatica Ltda
0026D6	Ningbo Andy Optoelectronic
0026D7	KM Electornic
0026D8	Magic Point
0026D9	CommScope
0026DA	Universal Media Corporation /Slovakia/ s.r.o
0026DB	Ionics EMS
0026DC	Optical Systems Design
0026DD	Fival Science
0026DE	FDI Matelec
0026DF	TaiDoc
0026E0	Asiteq
0026E1	Stanford University, OpenFlow
0026E2	LG
0026E3	DTI
0026E4	Canal +
0026E5	AEG Power Solutions
0026E6	Visionhitech
0026E7	Shanghai ONLAN Communication
0026E8	Murata
0026E9	SP
0026EA	Cheerchip Electronic Technology (ShangHai)
0026EB	Advanced Spectrum
0026EC	Legrand Home
0026ED	ZTE
0026EE	TKM
0026EF	Technology Advancement
0026F0	cTrixs
0026F1	ProCurve Networking by HP
0026F2	Netgear
0026F3	SMC Networks
0026F4	Nesslab
0026F5	Xrplus
0026F6	Military Communication Institute
0026F7	Nivetti Systems Pvt
0026F8	Golden Highway Industry Development
0026F9	S.E.M
0026FA	BandRich
0026FB	AirDio Wireless
0026FC	AcSiP
0026FD	Interactive Intelligence
0026FE	MKD
0026FF	BlackBerry RTS
002700	Shenzhen Siglent
002701	INCOstartec
002702	SolarEdge
002703	Testech Electronics Pte
002704	Accelerated Concepts
002705	Sectronic
002706	Yoisys
002707	Lift Complex DS, JSC
002708	Nordiag ASA
002709	Nintendo
00270A	IEE
00270B	Adura
00270C	Cisco
00270D	Cisco
00270E	Intel
00270F	Envisionnovation
002710	Intel
002711	LanPro
002712	MaxVision
002713	Universal Global Scientific Industrial
002714	Grainmustards
002715	Rebound Telecom
002716	Adachi-Syokai
002717	CE Digital(Zhenjiang)Co
002718	Suzhou NEW SEAUNION Video
002719	TP-Link
00271A	Geenovo
00271B	Alec Sicherheitssysteme
00271C	Mercury
00271D	Comba Telecom Systems (China)
00271E	Xagyl Communications
00271F	MIPRO
002720	New-sol COM
002721	Shenzhen Baoan Fenda Industrial
002722	Ubiquiti
002790	Cisco
0027E3	Cisco
0027F8	Brocade Communications
00289F	Semptian
0028F8	Intel
002926	Applied Optoelectronics, Inc Taiwan Branch
0029C2	Cisco
002A10	Cisco
002A6A	Cisco
002AAF	LARsys-Automation
002B67	LCFC(Hefei)
002B70	Samsung
002B90	Zelus(Shenzhen)
002BF5	Buffalo
002CC8	Cisco
002D76	Titech
002DB3	AMPAK
002EC7	Huawei
002F5C	Cisco
002FD9	Fiberhome Telecommunication
003000	Allwell
003001	SMP
003002	Expand Networks
003003	Phasys
003004	Leadtek Research
003005	Fujitsu Siemens Computers
003006	Superpower Computer
003007	OPTI
003008	Avio Digital
003009	Tachion Networks
00300A	Aztech Electronics Pte
00300B	mPHASE
00300C	Congruency
00300D	MMC
00300E	Klotz Digital
00300F	IMT - Information Management T
003010	Visionetics
003011	HMS Industrial Networks
003012	Digital Engineering
003013	NEC
003014	DIVIO
003015	CP Clare
003016	Ishida
003017	BlueArc UK
003018	Jetway Information
003019	Cisco
00301A	Smartbridges PTE
00301B	Shuttle
00301C	Altvater Airdata
00301D	Skystream
00301E	3com Europe
00301F	Optical Networks
003020	TSI
003021	Hsing Tech. Enterprise
003022	Fong Kai Industrial
003023	Cogent Computer
003024	Cisco
003025	Checkout Computer
003026	HeiTel Digital Video
003027	Kerbango
003028	FASE Saldatura
003029	Opicom
00302A	Southern Information
00302B	Inalp Solutions
00302C	Sylantro
00302D	Quantum Bridge Communications
00302E	Hoft & Wessel
00302F	GE Aviation System
003030	Harmonix
003031	Lightwave Communications
003032	MagicRam
003033	Orient Telecom
003034	SET Engineering
003035	Corning
003036	RMP Elektroniksysteme
003037	Packard Bell Nec Services
003038	XCP
003039	Softbook Press
00303A	Maatel
00303B	PowerCom
00303C	ONNTO
00303D	IVA
00303E	Radcom
00303F	TurboComm
003040	Cisco
003041	Saejin T & M
003042	DeTeWe-Deutsche Telephonwerke
003043	Idream Technologies, PTE
003044	CradlePoint
003045	Village Networks, Inc. (VNI)
003046	Controlled Electronic Manageme
003047	Nissei Electric
003048	Super Micro Computer
003049	Bryant
00304A	Fraunhofer IPMS
00304B	Orbacom
00304C	Appian Communications
00304D	ESI
00304E	Bustec Production
00304F	Planet
003050	Versa
003051	Orbit Avionic & Communication
003052	Zhone
003053	Basler
003054	Castlenet
003055	Renesas Technology America
003056	HMS Industrial Networks
003057	QTelNet
003058	API Motion
003059	Kontron Europe
00305A	Telgen
00305B	Toko
00305C	SMAR Laboratories
00305D	Digitra
00305E	Abelko Innovation
00305F	Hasselblad
003060	Powerfile
003061	MobyTEL
003062	IP Video Networks
003063	Santera
003064	Adlink
003065	Apple
003066	RFM
003067	BIOSTAR Microtech Int'l
003068	Cybernetics
003069	Impacct
00306A	Penta Media
00306B	CMOS
00306C	Hitex Holding
00306D	Lucent
00306E	HP
00306F	Seyeon
003070	1Net
003071	Cisco
003072	Intellibyte
003073	International Microsystems, In
003074	Equiinet
003075	Adtech
003076	Akamba
003077	Onprem Networks
003078	Cisco
003079	CQOS
00307A	Advanced
00307B	Cisco
00307C	ADID
00307D	GRE America
00307E	Redflex Communication
00307F	IRLAN
003080	Cisco
003081	Altos C&C
003082	Taihan Electric Wire
003083	Ivron
003084	Allied Telesyn Internaional
003085	Cisco
003086	Transistor Devices
003087	Vega Grieshaber
003088	Ericsson
003089	Spectrapoint Wireless
00308A	Nicotra Sistemi
00308B	Brix Networks
00308C	Quantum
00308D	Pinnacle
00308E	Crossmatch Technologies/HID Global
00308F	Micrilor
003090	CYRA
003091	Taiwan First Line Elec
003092	Kontron
003093	Sonnet
003094	Cisco
003095	Procomp Informatics
003096	Cisco
003097	AB Regin
003098	Global Converging
003099	Boenig UND Kallenbach OHG
00309A	Astro Terra
00309B	Smartware
00309C	Timing Applications
00309D	Nimble Microsystems
00309E	Workbit
00309F	Amber Networks
0030A0	Tyco Submarine
0030A1	Webgate
0030A2	Lightner Engineering
0030A3	Cisco
0030A4	Woodwind Communications System
0030A5	Active Power
0030A6	Vianet
0030A7	Schweitzer Engineering
0030A8	Ol'e Communications
0030A9	Netiverse
0030AA	Axus Microsystems
0030AB	Delta Networks
0030AC	Systeme Lauer
0030AD	Shanghai Communication
0030AE	Times N System
0030AF	Honeywell
0030B0	Convergenet
0030B1	TrunkNet
0030B2	L-3 Sonoma EO
0030B3	San Valley
0030B4	Intersil
0030B5	Tadiran Microwave Networks
0030B6	Cisco
0030B7	Teletrol
0030B8	RiverDelta Networks
0030B9	ECTEL
0030BA	Ac&t System
0030BB	CacheFlow
0030BC	Optronic
0030BD	Belkin
0030BE	City-Net
0030BF	Multidata
0030C0	Lara
0030C1	HP
0030C2	Comone
0030C3	Flueckiger Elektronik
0030C4	Canon Imaging
0030C5	Cadence Design
0030C6	Control Solutions
0030C7	Macromate
0030C8	GAD Line
0030C9	LuxN, N
0030CA	Discovery Com
0030CB	Omni Flow Computers
0030CC	Tenor Networks
0030CD	Conexant
0030CE	Zaffire
0030CF	TWO
0030D0	Tellabs
0030D1	INOVA
0030D2	WIN
0030D3	Agilent
0030D4	AAE
0030D5	DResearch
0030D6	MSC Vertriebs
0030D7	Innovative
0030D8	SITEK
0030D9	Datacore Software
0030DA	Comtrend
0030DB	Mindready Solutions
0030DC	Rightech
0030DD	Indigita
0030DE	WAGO Kontakttechnik
0030DF	Kb/tel Telecomunicaciones
0030E0	Oxford Semiconductor
0030E1	Network Equipment
0030E2	Garnet
0030E3	Sedona Networks
0030E4	Chiyoda System Riken
0030E5	Amper Datos
0030E6	Draeger Medical
0030E7	CNF Mobile Solutions
0030E8	ENSIM
0030E9	GMA Communication Manufact'g
0030EA	TeraForce
0030EB	Turbonet Communications
0030EC	Borgardt
0030ED	Expert Magnetics
0030EE	DSG
0030EF	NEON
0030F0	Uniform Industrial
0030F1	Accton
0030F2	Cisco
0030F3	At Work Computers
0030F4	Stardot
0030F5	Wild Lab
0030F6	Securelogix
0030F7	RAMIX
0030F8	Dynapro
0030F9	Sollae
0030FA	Telica
0030FB	AZS
0030FC	Terawave Communications
0030FD	Integrated Systems Design
0030FE	DSA
0030FF	DataFab
003126	Nokia
003146	Juniper
003192	TP-Link
003217	Cisco
00323A	so-logic
003358	Ruckus
00336C	SynapSense
00337A	Tuya Smart
0034A1	Rf-lambda USA
0034DA	LG
0034F1	Radicom Research
0034FE	Huawei
00351A	Cisco
003532	Electro-Metrics
003560	Rosen Aviation
0035FF	Texas Instruments
003676	CommScope
0036BE	Northwest Towers
0036D7	Keltron IOT
0036F8	Conti Temic microelectronic
0036FE	SuperVision
00376D	Murata
0037B7	Sagemcom
0038DF	Cisco
003969	Air-Weigh
003A7D	Cisco
003A98	Cisco
003A99	Cisco
003A9A	Cisco
003A9B	Cisco
003A9C	Cisco
003A9D	NEC Platforms
003AAF	BlueBit
003C10	Cisco
003C84	Silicon Laboratories
003CB7	AzureWave
003CC5	WONWOO Engineering
003D41	Hatteland Computer
003DE1	Huawei
003DE8	LG
003E73	Juniper Mist
003EC4	Huawei
003EE1	Apple
003F10	Shenzhen GainStrong
004000	PCI Componentes DA Amzonia
004001	Zero One
004002	PERLE
004003	Emerson Process Management Power & Water Solutions
004004	ICM
004005	ANI Communications
004006	SAMPO
004007	Telmat Informatique
004008	A Plus Info
004009	Tachibana Tectron
00400A	Pivotal
00400B	Cisco
00400C	General Micro
00400D	Lannet Data Communications
00400E	Memotec
00400F	Datacom
004010	SONIC
004011	Andover Controls
004012	Windata
004013	NTT Data Comm
004014	Comsoft
004015	Ascom Infrasys
004016	ADC - Global Connectivity Solutions Division
004017	Silex Technology America
004018	ADOBE
004019	AEON
00401A	Fuji Electric
00401B	Printer
00401C	AST Research
00401D	Invisible Software
00401E	ICC
00401F	Colorgraph
004020	CommScope
004021	Raster Graphics
004022	Klever Computers
004023	LOGIC
004024	Compac
004025	Molecular Dynamics
004026	Buffalo
004027	SMC Massachusetts
004028	Netcomm
004029	Compex
00402A	Canoga Perkins
00402B	Trigem Computer
00402C	Isis Distributed
00402D	Harris Adacom
00402E	Precision Software
00402F	Xlnt Designs
004030	GK Computer
004031	KOKUSAI DENKI Electric
004032	Digital Communications
004033	Addtron
004034	Bustek
004035	OPCOM
004036	Minim
004037	Sea-ilan
004038	Talent Electric
004039	Optec Daiichi Denko
00403A	Impact
00403B	Synerjet
00403C	FORKS
00403D	Teradata
00403E	Raster OPS
00403F	Ssangyong Computer
004040	Ring Access
004041	Fujikura
004042	N.A.T
004043	Nokia
004044	Qnix Computer
004045	Twinhead
004046	UDC Research
004047	Wind River
004048	SMD Informatica
004049	Roche Diagnostics
00404A	West Australian Department
00404B	Maple Computer
00404C	Hypertec
00404D	Telecommunications Techniques
00404E	Fluent
00404F	Space & Naval Warfare
004050	Ironics
004051	Garbee and Garbee
004052	STAR
004053	Ampro Computers
004054	Connection Machines Services
004055	Metronix
004056	MCM Japan
004057	Lockheed - Sanders
004058	UKG
004059	Yoshida Kogyo K. K
00405A	Goldstar Information & Comm
00405B	Funasset
00405C	Future
00405D	Star-tek
00405E	North Hills Israel
00405F	AFE Computers
004060	Comendec
004061	Datatech Enterprises
004062	E-systems, Inc./garland DIV
004063	VIA
004064	KLA Instruments
004065	GTE Spacenet
004066	Apresia
004067	Omnibyte
004068	Extended
004069	Lemcom
00406A	Kentek Information
00406B	Sysgen
00406C	Copernique
00406D	LANCO
00406E	Corollary
00406F	Sync Research
004070	Interware
004071	ATM Computer
004072	Applied Innovation
004073	Bass Associates
004074	Cable AND Wireless
004075	Tattile
004076	Sun Conversion
004077	Maxton
004078	Wearnes Automation PTE
004079	Juko Manufacture
00407A	Societe D'exploitation DU Cnit
00407B	Scientific Atlanta
00407C	QUME
00407D	Extension
00407E	Evergreen
00407F	FLIR
004080	Athenix
004081	Mannesmann Scangraphic
004082	Laboratory Equipment
004083	TDA Industria DE Produtos
004084	Honeywell
004085	Saab Instruments
004086	Michels & Kleberhoff Computer
004087	Ubitrex
004088	Mobius
004089	Meidensha
00408A	TPS Teleprocessing SYS
00408B	Raylan
00408C	Axis Communications
00408D	THE Goodyear Tire & Rubber
00408E	Tattile
00408F	Wm-data Minfo
004090	Ansel Communications
004091	Procomp Industria Eletronica
004092	ASP Computer Products
004093	Paxdata Networks
004094	Shographics
004095	R.p.t. Intergroups Int'l
004096	Cisco
004097	Datex Division OF
004098	Dressler
004099	Newgen
00409A	Network Express
00409B	HAL Computer
00409C	Transware
00409D	DigiBoard
00409E	Concurrent
00409F	Telco
0040A0	Goldstar
0040A1	Ergo Computing
0040A2	Kingstar
0040A3	Microunity Systems Engineering
0040A4	ROSE
0040A5	Clinicomp Intl
0040A6	Cray
0040A7	Itautec Philco
0040A8	IMF
0040A9	Datacom
0040AA	Valmet Automation
0040AB	Roland DG
0040AC	Super Workstation
0040AD	SMA Regelsysteme
0040AE	Delta Controls
0040AF	Digital Products
0040B0	Bytex Corporation, Engineering
0040B1	Codonics
0040B2	Systemforschung
0040B3	ParTech
0040B4	Nextcom K.K
0040B5	Video Technology Computers
0040B6	Computerm
0040B7	Stealth Computer
0040B8	Idea Associates
0040B9	Macq Electronique
0040BA	Alliant Computer
0040BB	Goldstar Cable
0040BC	Algorithmics
0040BD	Starlight Networks
0040BE	Boeing Defense & Space
0040BF	Channel Systems Intern'l
0040C0	Vista Controls
0040C1	Bizerba-werke Wilheim Kraut
0040C2	Applied Computing Devices
0040C3	Fischer AND Porter
0040C4	Kinkei System
0040C5	Micom Communications
0040C6	Fibernet Research
0040C7	RUBY
0040C8	MILAN
0040C9	NCUBE
0040CA	First Internat'l Computer
0040CB	Lanwan
0040CC	Silcom Manuf'g
0040CD	Tera Microsystems
0040CE	Net-source
0040CF	Strawberry Tree
0040D0	MITAC
0040D1	Fukuda Denshi
0040D2	Pagine
0040D3	Kimpsion
0040D4	Gage Talker
0040D5	Sartorius Mechatronics T&H
0040D6	Locamation
0040D7	Studio GEN
0040D8	Ocean Office Automation
0040D9	American Megatrends
0040DA	Telspec
0040DB	Advanced Technical Solutions
0040DC	Tritec Electronic
0040DD	HONG
0040DE	Elsag Datamat
0040DF	Digalog
0040E0	Atomwide
0040E1	Marner
0040E2	Mesa Ridge
0040E3	QUIN
0040E4	E-M
0040E5	SYBUS
0040E6	C.a.e.n
0040E7	Arnos Instruments & Computer
0040E8	Charles River Data
0040E9	Accord
0040EA	Plain Tree
0040EB	Martin Marietta
0040EC	Mikasa System Engineering
0040ED	Network Controls Int'natl
0040EE	Optimem
0040EF	Hypercom
0040F0	MicroBrain
0040F1	CHUO
0040F2	Janich & Klass Computertechnik
0040F3	Netcor
0040F4	Cameo Communications
0040F5	OEM Engines
0040F6	Katron Computers
0040F7	Polaroid
0040F8	Systemhaus Discom
0040F9	Combinet
0040FA	Microboards
0040FB	Cascade Communications
0040FC	IBR Computer Technik
0040FD	LXE
0040FE	Symplex Communications
0040FF	Telebit
00410E	Cloud Network Technology Singapore PTE
0041B4	Wuxi Zhongxing Optoelectronics
0041D2	Cisco
004238	Intel
004252	RLX
00425A	Cisco
004268	Cisco
004279	Sunitec Enterprise
0043FF	Ketron
004501	Midmark RTLS
00451D	Cisco
0045E2	CyberTAN
00464B	Huawei
004A77	ZTE
004B0D	Huawei
004B12	Espressif
004BF3	Shenzhen Mercury Communication
004CE5	Sichuan Tianyi Comheart Telecom
004D32	Andon Health
004E01	Dell
004E35	HPE
004F1A	Huawei
005000	Nexo Communications
005001	Yamashita
005002	Omnisec
005003	Xrite
005004	3COM
005006	TAC
005007	Siemens Telecommunication
005008	Tiva Microcomputer Corp. (tmc)
005009	Philips Broadband Networks
00500A	IRIS
00500B	Cisco
00500C	e-Tek Labs
00500D	Satori Electoric
00500E	Chromatis Networks
00500F	Cisco
005010	NovaNET Learning
005012	CBL -
005013	Seagate Cloud
005014	Cisco
005015	Bright Star Engineering
005016	Molex Canada
005017	RSR
005018	AMIT
005019	Spring Tide Networks
00501A	IQinVision
00501B	ABL Canada
00501C	JATOM
00501E	Grass Valley, A Belden Brand
00501F	MRG
005020	Mediastar
005021	EIS
005022	ZONET
005023	PG Design
005024	NAVIC
005026	Cosystems
005027	Genicom
005028	Aval Communications
005029	1394 Printer Working
00502A	Cisco
00502B	Genrad
00502C	Soyo Computer
00502D	ACCEL
00502E	Cambex
00502F	TollBridge
005030	Future Plus
005031	Aeroflex Laboratories
005032	Picazo Communications
005033	Mayan Networks
005036	Netcam
005037	KOGA
005038	Dain Telecom
005039	Mariner Networks
00503A	Datong
00503B	Mediafire
00503C	Tsinghua Novel
00503E	Cisco
00503F	Anchor Games
005040	Panasonic Electric Works
005041	Coretronic
005042	SCI Manufacturing Singapore PTE
005043	Marvell Semiconductor
005044	ASACA
005045	Rioworks Solutions
005046	Menicx
005047	Private
005048	Infolibria
005049	Arbor Networks
00504A	Elteco A.S
00504B	Barconet N.V
00504C	Galil Motion Control
00504D	Tokyo Electron Device
00504E	Sierra Monitor
00504F	Olencom
005050	Cisco
005051	Iwatsu Electric
005052	Tiara Networks
005053	Cisco
005054	Cisco
005055	DOMS
005056	VMware
005057	Broadband Access
005058	Sangoma
005059	iBAHN
00505A	Network Alchemy
00505B	Kawasaki LSI U
00505C	TUNDO
00505E	Digitek Micrologic
00505F	Brand Innovators
005060	Tandberg Telecom
005062	Kouwell Electronics Corp. **
005063	OY Comsel System
005064	CAE
005065	TDK-Lambda
005066	AtecoM GmbH advanced telecomunication modules
005067	Aerocomm
005068	Electronic Industries Association
005069	PixStream
00506A	EDEVA
00506B	Spx-ateg
00506C	Beijer Electronics Products
00506D	Videojet
00506E	Corder Engineering
00506F	G-connect
005070	Chaintech Computer
005071	AIWA
005072	Corvis
005073	Cisco
005074	Advanced Hi-tech
005075	Kestrel Solutions
005076	IBM
005077	Prolific
005078	Megaton House
005079	Private
00507A	XPEED
00507B	Merlot Communications
00507C	Videocon
00507D	IFP
00507E	NEWER
00507F	DrayTek
005080	Cisco
005081	Murata
005082	Foresson
005083	Gilbarco
005084	Quantum
005086	Telkom
005087	Terasaki Electric
005088	AMANO
005089	Safety Management
00508B	HP
00508C	RSI
00508D	Abit Computer
00508E	Optimation
00508F	Asita Technologies Int'l
005090	DCTRI
005091	Netaccess
005092	Rigaku Corporation Osaka Plant
005093	Boeing
005094	CommScope
005095	Peracom Networks
005096	SALIX
005097	Mmc-embedded Computertechnik
005098	Globaloop
005099	3com Europe
00509A	TAG Electronic
00509B	Switchcore
00509C	Beta Research
00509D	THE Industree
00509E	Les Technologies SoftAcoustik
00509F	Horizon Computer
0050A0	Delta Computer
0050A1	Carlo Gavazzi
0050A2	Cisco
0050A3	TransMedia Communications
0050A4	IO
0050A5	Capitol Business
0050A6	Optronics
0050A7	Cisco
0050A8	OpenCon
0050A9	Moldat Wireless Technolgies
0050AA	Konica Minolta
0050AB	Naltec
0050AC	Maple Computer
0050AD	CommUnique Wireless
0050AE	FDK
0050AF	Intergon
0050B0	Technology Atlanta
0050B1	Giddings & Lewis
0050B2	Brodel
0050B3	Voiceboard
0050B4	Satchwell Control
0050B5	Fichet Securite Electronique
0050B6	Good WAY IND
0050B7	BOSER
0050B8	Inova Computers
0050B9	Xitron
0050BA	D-Link
0050BB	CMS
0050BC	Hammer Storage Solutions
0050BD	Cisco
0050BE	Fast Multimedia
0050BF	Metalligence
0050C0	GATAN
0050C1	Gemflex Networks
0050C4	IMD
0050C5	ADS
0050C6	Loop Telecommunication
0050C7	Private
0050C8	Addonics
0050C9	Maspro Denkoh
0050CA	Zhone
0050CB	Bucher Automation
0050CC	Seagate Cloud
0050CD	Digianswer
0050CE	LG
0050CF	Vanlink Communication Technology Research Institute
0050D0	Minerva
0050D1	Cisco
0050D2	CMC
0050D3	Digital Audio Processing
0050D4	Joohong Information
0050D5	AD
0050D6	Atlas Copco Tools
0050D7	Telstrat
0050D8	Unicorn Computer
0050D9	ENGETRON-ENGENHARIA ELETRONICA IND. e COM. LTDA
0050DA	3COM
0050DB	Contemporary Control
0050DC	TAS Telefonbau A. Schwabe
0050DD	Serra Soldadura
0050DE	Signum
0050DF	AirFiber
0050E1	NS Tech Electronics SDN BHD
0050E2	Cisco
0050E3	CommScope
0050E4	Apple
0050E6	Hakusan
0050E7	Paradise Innovations (asia)
0050E8	Nomadix
0050EA	XEL Communications
0050EB	Alpha-top
0050EC	Olicom
0050ED	Anda Networks
0050EE	TEK Digitel
0050EF	SPE Systemhaus
0050F0	Cisco
0050F1	Maxlinear
0050F2	Microsoft
0050F3	Global NET Information
0050F4	Sigmatek
0050F6	Pan-international Industrial
0050F7	Venture Manufacturing (singapore)
0050F8	Entrega
0050F9	Sensormatic
0050FA	OXTEL
0050FB	VSK
0050FC	Edimax
0050FD	Visioncomm
0050FE	PCTVnet ASA
0050FF	HAKKO
0051ED	LG
005218	Wuxi Keboda Electron
005245	Ganatechwin
0052C2	peiker acustic
0052C8	Made Studio Design
00549F	Avaya
0054AF	Aumovio
0054BD	Swelaser
0055B1	Shanghai Baud Data Communication
00562B	Cisco
00566D	Huawei
0056CD	Apple
0056F1	ZTE
0057C1	LG
0057D2	Cisco
005828	Axon Networks
00583F	PC Aquarius
005907	Lenovo
00596C	Cisco
005979	Networked Energy Services
0059AC	KPN
0059DC	Cisco
005A13	Huawei
005A39	Shenzhen Fast
005B94	Apple
005BA1	shanghai huayuan chuangxin software
005C86	Shenzhen Fast
005CB1	Gospell DIGITAL
005CC2	Shenzhen Mercury Communication
005D03	Xilinx
005D73	Cisco
005E0C	HMD Global
005F67	TP-Link
005F86	Cisco
005FBF	Toshiba
006000	XYCOM
006001	InnoSys
006002	Screen Subtitling
006003	Teraoka Weigh System PTE
006004	Computadores Modulares
006005	Touchstar ATC
006006	SOTEC
006007	Acres Gaming
006008	3COM
006009	Cisco
00600A	Sord Computer
00600B	Logware
00600C	Eurotech
00600D	Digital Logic
00600E	Wavenet
00600F	Westell
006010	Network Machines
006011	Crystal Semiconductor
006012	Power Computing
006013	Netstal Maschinen
006014	EDEC
006015	Net2net
006016	Clariion
006017	Tokimec
006018	Stellar ONE
006019	Roche Diagnostics
00601A	Keithley Instruments
00601B	MESA
00601C	Telxon
00601D	Lucent
00601E	Softlab
00601F	Stallion
006020	Pivotal Networking
006021	DSC
006022	VICOM
006023	Pericom Semiconductor
006024	Gradient
006025	Active Imaging
006026	VIKING Modular Solutions
006027	Superior Modular Products
006028	Macrovision
006029	Cary Peripherals
00602A	Symicron Computer Communications
00602B	Peak Audio
00602C	LINX Data Terminals
00602D	Alerton
00602E	Cyclades
00602F	Cisco
006030	Village Tronic Entwicklung
006031	HRK
006032	I-cube
006033	Acuity Imaging
006034	Robert Bosch
006035	Dallas Semiconductor
006036	AIT Austrian Institute of
006037	NXP Semiconductors
006038	Nortel Networks
006039	SanCom
00603A	Quick Controls
00603B	AMTEC
00603C	Hagiwara Sys-com
00603D	3CX
00603E	Cisco
00603F	Patapsco Designs
006040	NETRO
006041	DTS Insight
006042	TKS (usa)
006043	iDirect
006044	Litton/poly-scientific
006045	Pathlight
006046	Vmetro
006047	Cisco
006048	Dell
006049	VINA
00604A	Saic Ideas
00604B	Safe-com
00604C	Sagemcom
00604D	MMC Networks
00604E	Cycle Computer
00604F	Tattile
006050	Internix
006051	Quality Semiconductor
006052	Peripherals Enterprise
006053	Toyoda Machine Works
006054	Controlware
006055	Cornell University
006056	Network Tools
006057	Murata
006058	Copper Mountain Communications
006059	Technical Communications
00605A	Celcore
00605B	IntraServer
00605C	Cisco
00605D	Scanivalve
00605E	Liberty Technology Networking
00605F	Nippon Unisoft
006060	Data Innovations North America
006061	Whistle Communications
006062	Telesync
006063	Psion Dacom
006064	Netcomm
006065	B&R Industrial Automation
006066	LACROIX Trafic
006067	Acer Netxus
006068	Dialogic
006069	Brocade Communications
00606A	Mitsubishi Wireless Communications
00606B	Synclayer
00606C	Arescom
00606D	Digital Equipment
00606E	Davicom Semiconductor
00606F	Clarion Corporation OF America
006070	Cisco
006071	Midas LAB
006072	VXL Instruments
006073	Redcreek Communications
006074	QSC
006075	Pentek
006076	Schlumberger Technologies Retail Petroleum
006077	Prisa Networks
006078	Power Measurement
006079	Mainstream Data
00607A	DVS
00607B	FORE
00607C	WaveAccess
00607D	Sentient Networks
00607E	Gigalabs
00607F	Aurora
006080	Microtronix Datacom
006081	Tv/com
006082	Novalink
006083	Cisco
006084	Digital Video
006085	Storage Concepts
006086	Logic Replacement
006087	Kansai Electric
006088	Analog Devices
006089	XATA
00608A	Citadel Computer
00608B	ConferTech
00608C	3COM
00608D	Unipulse
00608E	HE Electronics, Technologie & Systemtechnik
00608F	Tekram
006090	Artiza Networks
006091	First Pacific Networks
006092	Micro/sys
006093	Varian
006094	IBM
006095	Accu-time
006096	T.s. Microtech
006097	3COM
006098	HT Communications
006099	SBE
00609A	NJK Techno
00609B	AstroNova
00609C	Perkin-Elmer
00609D	PMI Food Equipment
00609E	ASC X3 - Information Technology Standards Secretariats
00609F	PHAST
0060A0	Switched Network
0060A1	VPNet
0060A2	Nihon Unisys
0060A3	Continuum
0060A4	GEW Technologies (PTY)Ltd
0060A5	Performance Telecom
0060A6	Particle Measuring
0060A7	Microsens
0060A8	Tidomat
0060A9	Gesytec MBH
0060AA	Intelligent Devices Inc. (idi)
0060AB	Larscom
0060AC	Resilience
0060AD	MegaChips
0060AE	Trio Information
0060AF	Pacific Micro Data
0060B0	HP
0060B1	Input/Output
0060B2	Process Control
0060B3	Z-COM
0060B4	Glenayre R&D
0060B5	KEBA
0060B6	Land Computer
0060B7	Channelmatic
0060B8	Corelis
0060B9	NEC Platforms
0060BA	Sahara Networks
0060BB	Cabletron
0060BC	KeunYoung Electronics & Communication
0060BD	Enginuity Communications
0060BE	Webtronics
0060BF	Macraigor
0060C0	Nera Networks
0060C1	WaveSpan
0060C2	MPL
0060C3	Netvision
0060C4	Soliton Systems K.K
0060C5	ANCOT
0060C6	DCS
0060C7	Amati Communications
0060C8	Kuka Welding Systems & Robots
0060C9	ControlNet
0060CA	Harmonic
0060CB	Hitachi Zosen
0060CC	Emtrak
0060CD	VideoServer
0060CE	Acclaim Communications
0060CF	Alteon Networks
0060D0	Snmp Research
0060D1	Cascade Communications
0060D2	Lucent Technologies Taiwan Telecommunications
0060D3	AT&T
0060D4	Eldat Communication
0060D5	AMADA
0060D6	NovAtel
0060D7	Ecole Polytechnique Federale DE Lausanne (epfl)
0060D8	ELMIC
0060D9	Transys Networks
0060DA	Red Lion Controls, LP
0060DB	NTP Elektronik
0060DC	NEC Magnus Communications
0060DD	Myricom
0060DE	Kayser-Threde
0060DF	Brocade Communications
0060E0	AXIOM
0060E1	Orckit Communications
0060E2	Quest Engineering & Development
0060E3	Arbin Instruments
0060E4	Compuserve
0060E5	Fuji Automation
0060E6	Shomiti
0060E7	Randata
0060E8	Hitachi Computer Products (america)
0060E9	ATOP
0060EA	StreamLogic
0060EB	Fourthtrack
0060EC	Hermary Opto
0060ED	Ricardo Test Automation
0060EE	Apollo
0060EF	Flytech
0060F0	Johnson & Johnson Medical
0060F1	EXP Computer
0060F2	Lasergraphics
0060F3	Performance Analysis Broadband, Spirent
0060F4	Advanced Computer Solutions
0060F5	Icon West
0060F6	Nextest Communications Products
0060F7	Datafusion
0060F8	Loran
0060F9	Diamond Lane Communications
0060FA	Educational Technology Resources
0060FB	Packeteer
0060FC	Conservation Through Innovation
0060FD	NetICs
0060FE	Lynx System Developers
0060FF	QuVis
006151	Huawei
006168	Nokia
006171	Apple
006201	Motorola
00620B	Broadcom
0062EC	Cisco
0063DE	Cloudwalk
006440	Cisco
0064A6	Maquet CardioVascular
0064AF	Dish
00651E	Amcrest
006619	Huawei
00664B	Huawei
0066DC	Apple
006762	Fiberhome Telecommunication
00682B	Huawei
0068EB	HP
0068FE	Uninet
00692D	Sunnovo
006B6F	Huawei
006B8E	Shanghai Feixun Communication
006B9E	Vizio
006BA0	Shenzhen Universal Intellisys PTE
006BF1	Cisco
006CBC	Cisco
006CFD	Sichuan Changhong Electric
006D52	Apple
006D61	Guangzhou V-SOLUTION Electronic
006DFB	Vutrix
006E02	Xovis
006F64	Samsung
006FF2	Mitsumi Electric
007007	Espressif
0070B0	M/a-com Inc. Companies
0070B3	Data Recall
007147	Amazon
0071C2	Pegatron
0071CC	Foxconn
007204	Samsung
007230	Nordic Semiconductor ASA
007263	Netis
007278	Cisco
0072EE	Intel
00738D	Shenzhen TINNO Mobile
0073E0	Samsung
00749C	Ruijie Networks
007532	Integrated Engineering
0075E1	Ampt
00763D	Veea
007686	Cisco
0076B1	Somfy-Protect By Myfox
0076B6	Ford Motor
00778D	Cisco
0077E4	Nokia
007839	Nokia
007888	Cisco
00789E	Sagemcom
0078CD	Ignition Design Labs
007AA4	Fritz!
007B18	Sentry
007C2D	Samsung
007D3B	Samsung
007D60	Apple
007DFA	Volkswagen Group of America
007E56	China Dragon
007E95	Cisco
007F1D	Fantasia Trading
007F28	Actiontec
008000	Multitech
008001	Periphonics
008002	Satelcom (uk)
008003	HYTEC
008004	Antlow Communications
008005	Cactus Computer
008006	Compuadd
008007	Dlog Nc-systeme
008008	Dynatech Computer
008009	Jupiter
00800A	Japan Computer
00800B	CSK
00800C	Videcom
00800D	Vosswinkel F.U
00800E	Atlantix
00800F	Standard Microsystems
008010	Commodore
008011	Digital Systems Int'l
008012	Integrated Measurement
008013	Thomas-conrad
008014	Esprit
008015	SEIKO
008016	Wandel AND Goltermann
008017	PFU
008018	Kobe Steel
008019	Dayna Communications
00801A	Bell Atlantic
00801B	Kodiak
00801C	Newport Systems Solutions
00801D	Integrated Inference Machines
00801E	Xinetron
00801F	Krupp Atlas Electronik
008020	Network Products
008021	Alcatel Canada
008022	Scan-optics
008023	Integrated Business Networks
008024	Kalpana
008025	Telit Wireless Solutions
008026	Network Products
008027	Adaptive
008028	Tradpost (hk)
008029	EAGLE
00802A	Test Systems & Simulations
00802B	Integrated Marketing
00802C	THE Sage
00802D	Xylogics
00802E	Castle Rock Computing
00802F	National Instruments
008030	NEXUS
008031	BASYS
008032	Access
008033	EMS Aviation
008034	SMT Goupil
008035	Technology Works
008036	Reflex Manufacturing
008037	Ericsson
008038	Data Research & Applications
008039	Alcatel STC Australia
00803A	Varityper
00803B	APT Communications
00803C	TVS
00803D	Surigiken
00803E	Synernetics
00803F	Tatung
008040	John Fluke Manufacturing
008041	VEB Kombinat Robotron
008042	Artesyn Embedded
008043	Networld
008044	Systech Computer
008045	Matsushita Electric IND
008046	Tattile
008047	In-net
008048	Compex
008049	Nissin Electric
00804A	Pro-log
00804B	EAGLE
00804C	Contec
00804D	Cyclone Microsystems
00804E	Apex Computer
00804F	Daikin Industries
008050	Ziatech
008051	Fibermux
008052	Technically Elite Concepts
008053	Intellicom
008054	Frontier
008055	Fermilab
008056	Sphinx
008057	Adsoft
008058	Printer
008059	Stanley Electric
00805A	Tulip Computers Internat'l
00805B	Condor
00805C	Agilis
00805D	Canstar
00805E	LSI Logic
00805F	HP
008060	Network Interface
008061	Litton
008062	Interface
008063	Hirschmann Automation and Control
008064	WYSE
008065	Cybergraphic
008066	Eurotech
008067	Square D
008068	Yamatech Scientific
008069	Computone
00806A	ERI (empac Research Inc.)
00806B	Schmid Telecommunication
00806C	Secure Systems & Services
00806D	Century
00806E	Nippon Steel
00806F	Onelan
008070	Computadoras Micron
008071	SAI
008072	Microplex
008073	DWB Associates
008074	Fisher Controls
008075	Parsytec
008076	MCNC
008077	Brother industries
008078	Practical Peripherals
008079	Microbus Designs
00807A	Aitech
00807B	Artel Communications
00807C	Fibercom
00807D	Equinox
00807E	Southern Pacific
00807F	DY-4
008080	Datamedia
008081	Kendall Square Research
008082	PEP Modular Computers
008083	Amdahl
008084	THE Cloud
008085	H-three
008086	Computer Generation
008087	OKI Electric Industry
008088	Victor Company OF Japan
008089	Tecnetics (pty)
00808A	Summit Microsystems
00808B	Dacoll
00808C	Netscout
00808D	Westcoast
00808E	Radstone
00808F	C. Itoh
008090	Microtek
008091	Tokyo Electric
008092	Silex
008093	XYRON
008094	Alfa Laval Automation
008095	Basic Merton Handelsges.m.b.h
008096	Human Designed
008097	Centralp Automatismes
008098	TDK
008099	Eaton Industries
00809A	Novus Networks
00809B	Justsystem
00809C	Luxcom
00809D	Commscraft
00809E	DATUS
00809F	ALE
0080A0	HP
0080A1	Microtest
0080A2	Creative Electronic
0080A3	Lantronix
0080A4	Liberty
0080A5	SPEED
0080A6	Republic
0080A7	Honeywell
0080A8	Vitacom
0080A9	Clearpoint Research
0080AA	Maxpeed
0080AB	Dukane Network Integration
0080AC	Imlogix, Division OF Genesys
0080AD	CNET
0080AE	Hughes Network
0080AF	Allumer
0080B0	Advanced Information
0080B1	Softcom
0080B2	Network Equipment
0080B3	Aval Data
0080B4	Sophia
0080B5	United Networks
0080B6	Mercury Systems – Trusted Mission Solutions
0080B7	Stellar Computer
0080B8	DMG MORI Digital
0080B9	Arche Technoligies
0080BA	Specialix (asia) PTE
0080BB	Hughes LAN
0080BC	Hitachi Engineering
0080BD	THE Furukawa Electric
0080BE	Aries Research
0080BF	Takaoka Electric MFG
0080C0	Penril Datacomm
0080C1	LANEX
0080C2	IEEE 802.1 Working
0080C3	Bicc Information Systems & SVC
0080C4	Document
0080C5	Novellco DE Mexico
0080C6	National Datacomm
0080C7	Xircom
0080C8	D-Link
0080C9	Alberta Microelectronic Centre
0080CA	Netcom Research
0080CB	Falco Data Products
0080CC	Microwave Bypass
0080CD	Micronics Computer
0080CE	Broadcast Television
0080CF	Embedded Performance
0080D0	Computer Peripherals
0080D1	Kimtron
0080D2	Shinnihondenko
0080D3	SHIVA
0080D4	Chase Research
0080D5	CADRE
0080D6	Nuvotech
0080D7	Fantum Engineering
0080D8	Network Peripherals
0080D9	EMK Elektronik
0080DA	Hottinger Brüel & Kjær
0080DB	Graphon
0080DC	Picker
0080DD	GMX Inc/gimix
0080DE	GIPSI
0080DF	ADC Codenoll
0080E0	XTP
0080E1	STMicroelectronics
0080E2	T.D.I
0080E3	Coral Network
0080E4	Northwest Digital
0080E5	NetApp
0080E6	Peer Networks
0080E7	Leonardo UK
0080E8	Cumulus Corporatiion
0080E9	Madge
0080EA	ADVA Optical Networking
0080EB	Compcontrol
0080EC	Supercomputing Solutions
0080ED	IQ
0080EE	Thomson CSF
0080EF	Rational
0080F0	Panasonic Communications
0080F1	OPUS
0080F2	Raycom
0080F3	SUN
0080F4	Telemecanique Electrique
0080F5	Quantel
0080F6	Synergy Microsystems
0080F7	Zenith
0080F8	MIZAR
0080F9	Heurikon
0080FA	RWT
0080FB	BVM
0080FC	Avatar
0080FD	Exsceed Corpration
0080FE	AZURE
0080FF	Soc. DE Teleinformatique RTC
00812A	Apple
0081C4	Cisco
0081F9	Texas Instruments
008320	Huawei
00841E	Cisco Meraki
008497	Shenzhen MiaoMing Intelligent
0084ED	Lexmark
008621	Amazon
008667	LG
00869C	Palo Alto Networks
0086A0	Private
008701	Samsung
008731	Cisco
008764	Cisco
008865	Apple
0088BA	NC&C
0089C9	Extreme Networks
008A55	Huawei
008A76	Apple
008A96	Cisco
008B43	Rftech
008BFC	mixi
008C10	Black Box
008C54	ADB Broadband Italia
008CFA	Inventec
008D4E	Cjsc NII STT
008DDA	Link One
008E16	Milwaukee Tool
008E73	Cisco
008EF2	Netgear
009000	Diamond Multimedia
009001	Nishimu Electronics Industries
009002	Allgon
009003	APLIO
009004	3com Europe
009005	Protech
009006	Hamamatsu Photonics K.K
009007	DOMEX
009008	HanA
009009	I Controls
00900A	Proton Electronic Industrial
00900B	Lanner
00900C	Cisco
00900D	Overland Storage
00900E	Handlink
00900F	Kawasaki Heavy Industries
009010	Simulation Laboratories
009011	WAVTrace
009012	Globespan Semiconductor
009013	Samsan
009014	Rotork Instruments
009015	Centigram Communications
009016	ZAC
009017	Zypcom
009018	ITO Electric Industry
009019	Hermes
00901A	Unisphere Solutions
00901B	Digital Controls
00901C	mps Software
00901D	Gallagher
00901E	Selesta Ingegneria
00901F	Adtec Productions
009020	Philips Analytical X-ray
009021	Cisco
009022	IVEX
009023	ZILOG
009024	Pipelinks
009025	BAE Systems Australia (Electronic Systems)
009026	Advanced Switching Communications
009027	Intel
009028	Nippon Signal
009029	Crypto
00902A	Communication Devices
00902B	Cisco
00902C	Data & Control Equipment
00902D	Data Electronics (aust.)
00902E	NAMCO
00902F	Netcore
009030	Honeywell-dating
009031	Mysticom
009032	Pelcombe
009033	Innovaphone
009034	Imagic
009035	Alpha Telecom
009036	ens
009037	Acucomm
009038	Fountain
009039	Shasta Networks
00903A	Nihon Media Tool
00903B	TriEMS Research Lab
00903C	Atlantic Network
00903D	Biopac
00903E	N.v. Philips Industrial Activities
00903F	WorldCast
009040	Siemens Network Convergence
009041	Applied Digital Access
009042	ECCS
009043	Tattile
009044	Assured Digital
009045	Marconi Communications
009046	Dexdyne
009047	Giga Fast E
009048	ZEAL
009049	Entridia
00904A	Concur System
00904B	Gemtek
00904C	Epigram
00904D	SPEC
00904E	DELEM
00904F	ABB Power T&D
009050	Teleste
009051	Ultimate
009052	Selcom Elettronica
009053	Daewoo
009054	Innovative Semiconductors
009055	Parker Hannifin Corporation Compumotor Division
009056	Telestream
009057	AANetcom
009058	Ultra Electronics Command & Control
009059	Telecom Device K.K
00905A	Dearborn
00905B	Parameter
00905C	EDMI
00905D	Netcom Sicherheitstechnik
00905E	Rauland-borg
00905F	Cisco
009060	System Create
009061	Pacific Research & Engineering
009062	ICP Vortex Computersysteme
009063	Coherent Communications
009064	Thomson
009065	Finisar
009066	Troika Networks
009067	WalkAbout Computers
009068	DVT
009069	Juniper
00906A	Turnstone
00906B	Applied Resources
00906C	Sartorius Hamburg
00906D	Cisco
00906E	Praxon
00906F	Cisco
009070	NEO Networks
009071	Applied Innovation
009072	Simrad
009073	GAIO
009074	Argon Networks
009075	NEC DO Brasil
009076	FMT Aircraft Gate Support
009077	Advanced Fibre Communications
009078	MER Telemanagement Solutions
009079	ClearOne
00907A	Spectralink
00907B	E-tech
00907C	Digitalcast
00907D	Lake Communications
00907E	Vetronix
00907F	WatchGuard
009080	NOT
009081	Aloha Networks
009082	Force Institute
009083	Turbo Communication
009084	Atech System
009085	Golden Enterprises
009086	Cisco
009087	ITIS
009088	Baxall Security
009089	Softcom Microsystems
00908A	Bayly Communications
00908B	Tattile
00908C	Etrend
00908D	Vickers
00908E	Nortel Networks Broadband Access
00908F	Audio Codes
009090	I-BUS
009091	DigitalScape
009092	Cisco
009093	EIZO
009094	Osprey
009095	Universal Avionics
009096	Askey Computer
009097	Sycamore Networks
009098	SBC Designs
009099	Allied Telesis, K.K
00909A	ONE World
00909B	Markem-imaje
00909C	CommScope
00909D	NovaTech
00909E	Critical IO
00909F	Digi-data
0090A0	8X8
0090A1	Flying Pig Systems/High End
0090A2	CyberTAN
0090A3	Corecess
0090A4	Altiga Networks
0090A5	Spectra Logic
0090A6	Cisco
0090A7	Clientec
0090A8	NineTiles Networks
0090A9	Western Digital
0090AA	Indigo Active Vision
0090AB	Cisco
0090AC	Optivision
0090AD	Aspect
0090AE	ITALTEL S.p.A/RF-UP-I
0090AF	J. Morita MFG
0090B0	VADEM
0090B1	Cisco
0090B2	AVICI
0090B3	Agranat
0090B4	Willowbrook
0090B5	NIKON
0090B6	FIBEX
0090B7	Digital Lightwave
0090B8	Rohde & Schwarz
0090B9	Beran Instruments
0090BA	Valid Networks
0090BB	Tainet Communication System
0090BC	Telemann
0090BD	Omnia Communications
0090BE	Ibc/integrated Business Computers
0090BF	Cisco
0090C0	K.j. LAW Engineers
0090C1	Peco II
0090C2	JK microsystems
0090C3	Topic Semiconductor
0090C4	Javelin
0090C5	Internet Magic
0090C6	OPTIM
0090C7	ICOM
0090C8	Waverider Communications (canada)
0090C9	DPAC
0090CA	Accord Video Telecommunications
0090CB	Wireless OnLine
0090CC	Planex Communications
0090CD	Ent-empresa Nacional DE Telecommunicacoes
0090CE	avateramedical Mechatronics
0090CF	Nortel
0090D0	Thomson Telecom Belgium
0090D1	Leichu Enterprise
0090D2	Artel Video
0090D3	Giesecke & Devrient
0090D4	BindView Development
0090D5	Euphonix
0090D6	Crystal
0090D7	NetBoost
0090D8	Whitecross
0090D9	Cisco
0090DA	Dynarc
0090DB	Next Level Communications
0090DC	Teco Information
0090DD	Miharu Communications
0090DE	Cardkey
0090DF	Mitsubishi Chemical America
0090E0	Systran
0090E1	Telena
0090E2	Distributed Processing
0090E3	AVEX
0090E4	NEC America
0090E5	Teknema
0090E6	ALi
0090E7	Horsch Elektronik
0090E8	MOXA
0090E9	Janz Computer
0090EA	ALPHA
0090EB	Sentry Telecom
0090EC	Pyrescom
0090ED	Central System Research
0090EE	Personal Communications
0090EF	Integrix
0090F0	Harmonic Video
0090F1	Seagate Cloud
0090F2	Cisco
0090F3	Aspect Communications
0090F4	Lightning Instrumentation
0090F5	CLEVO
0090F6	Escalate Networks
0090F7	Nbase Communications
0090F8	Mediatrix Telecom
0090F9	Imagine Communications
0090FA	Emulex
0090FB	Portwell
0090FC	Network Computing Devices
0090FD	CopperCom
0090FE	Elecom Co., Ltd. (laneed Div.)
0090FF	Tellus
00919E	Intel
0091D6	Crystal
0091EB	Renesas Electronics (Penang) Sdn. Bhd
0091FA	Synapse Product Development
009235	Apple
00927D	Ficosa Internationa(Taicang) C0
0092A5	LG
0092FA	Shenzhen Wisky
009337	Intel
009363	Uni-Link
0094A1	F5
0094EC	Huawei
009569	LSD Science and
0097F1	Apple
0097FF	Heimann Sensor
00991D	Huawei
009ACD	Huawei
009AD2	Cisco
009B08	Quectel Wireless Solutions
009C02	HP
009C17	Quectel Wireless Solutions
009C57	Hextronics
009CC0	vivo
009D6B	Murata
009D85	Sigmastar
009D8E	Cardiac Recorders
009E1E	Cisco
009EC8	Xiaomi
009EEE	Positivo Tecnologia
00A000	Centillion Networks
00A001	DRS Signal Solutions
00A002	Leeds & Northrup Australia
00A003	Siemens Switzerland Ltd., I B T HVP
00A004	Netpower
00A005	Daniel Instruments
00A006	Image Data Processing System
00A007	APEXX
00A008	Netcorp
00A009	Whitetree Network
00A00A	Airspan
00A00B	Computex
00A00C	Kingmax
00A00D	THE Panda Project
00A00E	Netscout
00A00F	Broadband
00A010	Syslogic Datentechnik
00A011	Mutoh Industries
00A012	Telco
00A013	Teltrend
00A014	CSIR
00A015	WYLE
00A016	Micropolis
00A017	J B M
00A018	Creative Controllers
00A019	Nebula Consultants
00A01A	Binar Elektronik
00A01B	Zhone
00A01C	Nascent Networks
00A01D	Red Lion Controls, LP
00A01E	EST
00A01F	Tricord
00A020	Citicorp/tti
00A021	General Dynamics Mission
00A022	Centre FOR Development OF Advanced Computing
00A023	Applied Creative
00A024	3COM
00A025	Redcom Labs
00A026	Teldat
00A027	Firepower
00A028	Conner Peripherals
00A029	Coulter
00A02A	Trancell
00A02B	Transitions Research
00A02C	interWAVE Communications
00A02D	1394 Trade Association
00A02E	Brand Communications
00A02F	ADB Broadband Italia
00A030	Captor Nv/sa
00A031	Hazeltine Corporation, MS 1-17
00A032	GES Singapore PTE
00A033	imc MeBsysteme
00A034	AXEL
00A035	Cylink
00A036	Applied Network
00A037	Mindray DS USA
00A038	EMAIL
00A039	ROSS
00A03A	Kubotek
00A03B	Toshin Electric
00A03C	Eg&g Nuclear Instruments
00A03D	Opto-22
00A03E	ATM Forum
00A03F	Computer Society Microprocessor & Microprocessor Standards C
00A040	Apple
00A041	Inficon
00A042	Spur Products
00A043	American Technology Labs
00A044	NTT IT
00A045	Phoenix Contact
00A046	Scitex
00A047	Integrated Fitness
00A048	Questech
00A049	Digitech Industries
00A04A	Nisshin Electric
00A04B	TFL LAN
00A04C	Innovative
00A04D	EDA Instruments
00A04E	Voelker
00A04F	Ameritec
00A050	Cypress Semiconductor
00A051	Angia Communications
00A052	Stanilite
00A053	Compact Devices
00A054	Private
00A055	Data Device
00A056	Micropross
00A057	Lancom
00A058	GLORY
00A059	Hamilton Hallmark
00A05A	Kofax Image Products
00A05B	Marquip
00A05C	Inventory Conversion, Inc./
00A05D	CS Computer Systeme
00A05E	Myriad Logic
00A05F	BTG Electronics Design
00A060	Acer Peripherals
00A061	Puritan Bennett
00A062	AES Prodata
00A063	JRL
00A064	Kvb/analect
00A065	Symantec
00A066	ISA
00A067	Network Services
00A068	BHP
00A069	Symmetricom
00A06A	Verilink
00A06B	DMS Dorsch Mikrosystem
00A06C	Shindengen Electric MFG
00A06D	Mannesmann Tally
00A06E	Austron
00A06F	Color Sentinel
00A070	Coastcom
00A071	Video Lottery
00A072	Ovation
00A073	COM21
00A074	Perception
00A075	Micron
00A076	Cardware LAB
00A077	Fujitsu Nexion
00A078	Marconi Communications
00A079	Alps Electric (usa)
00A07A	Advanced Peripherals
00A07B	Dawn Computer Incorporation
00A07C	Tonyang Nylon
00A07D	SEEQ
00A07E	AVID
00A07F	Gsm-syntel
00A080	Tattile
00A081	Alcatel Data Networks
00A082	NKT Elektronik
00A083	Asimmphony Turkey
00A084	Dataplex
00A085	Private
00A086	Amber Wave
00A087	Microsemi
00A088	Essential Communications
00A089	Xpoint
00A08A	Brooktrout
00A08B	Aston Electronic Designs
00A08C	MultiMedia LANs
00A08D	Jacomo
00A08E	Check Point Software
00A08F	Desknet
00A090	TimeStep
00A091	Applicom
00A092	H. Bollmann Manufacturers
00A093	B/E Aerospace
00A094	Comsat
00A095	Acacia Networks
00A096	Mitsumi Electric
00A097	JC Information
00A098	NetApp
00A099	K-NET
00A09A	Nihon Kohden America
00A09B	Qpsx Communications
00A09C	Xyplex
00A09D	Johnathon Freeman
00A09E	ICTV
00A09F	Commvision
00A0A0	Compact Data
00A0A1	Epic Data
00A0A2	B810
00A0A3	Reliable Power Meters
00A0A4	Oracle
00A0A5	Teknor Microsysteme
00A0A6	M.i. Systems, K.K
00A0A7	VORAX
00A0A8	RENEX
00A0A9	Navtel Communications
00A0AA	Spacelabs Medical
00A0AB	Netcs Informationstechnik
00A0AC	Gilat Satellite Networks
00A0AD	Marconi
00A0AE	NUCOM
00A0AF	WMS Industries
00A0B0	I-O Data
00A0B1	First Virtual
00A0B2	Shima Seiki
00A0B3	Zykronix
00A0B4	Texas Microsystems
00A0B5	3H
00A0B6	Sanritz Automation
00A0B7	Cordant
00A0B8	NetApp
00A0B9	EAGLE
00A0BA	Patton
00A0BB	HILAN
00A0BC	Viasat
00A0BD	I-tech
00A0BE	Integrated Circuit Systems, Inc. Communications
00A0BF	Wireless Data Group Motorola
00A0C0	Digital Link
00A0C1	Ortivus Medical
00A0C2	R.A
00A0C3	Unicomputer
00A0C4	Cristie
00A0C5	Zyxel
00A0C6	Qualcomm
00A0C7	Tadiran Telecommunications
00A0C8	Adtran
00A0C9	Intel
00A0CA	Fujitsu Denso
00A0CB	ARK Telecommunications
00A0CC	Lite-on Communications
00A0CD	DR. Johannes Heidenhain
00A0CE	Ecessa
00A0CF	SOTAS
00A0D0	TEN X
00A0D1	Inventec
00A0D2	Allied Telesis
00A0D3	Instem Computer
00A0D4	Radiolan
00A0D5	Sierra Wireless, ULC
00A0D6	SBE
00A0D7	Kasten Chase Applied Research
00A0D8	Spectra - TEK
00A0D9	Convex Computer
00A0DA	Integrated
00A0DB	Fisher & Paykel Production
00A0DC	O.n. Electronic
00A0DD	Azonix
00A0DE	Yamaha
00A0DF	STS
00A0E0	Tennyson
00A0E1	Westport Research Associates
00A0E2	Keisokugiken
00A0E3	XKL
00A0E4	Optiquest
00A0E5	NHC Communications
00A0E6	Dialogic
00A0E7	Central Data
00A0E8	Reuters
00A0E9	Electronic Retailing
00A0EA	Ethercom
00A0EB	Encore Networks
00A0EC	Transmitton
00A0ED	Brooks Automation
00A0EE	Nashoba Networks
00A0EF	Lucidata
00A0F0	Toronto Microelectronics
00A0F1	MTI
00A0F2	Infotek Communications
00A0F3	Staubli
00A0F4	GE
00A0F5	Radguard
00A0F6	AutoGas
00A0F7	V.I Computer
00A0F8	Zebra
00A0F9	Bintec Communications
00A0FA	Marconi Communication
00A0FB	Toray Engineering D Solutions
00A0FC	Image Sciences
00A0FD	Scitex Digital Printing
00A0FE	Boston
00A0FF	Tellabs Operations
00A159	LG
00A1DE	ShenZhen ShiHua
00A265	M2Motive
00A289	Cisco
00A2DA	INAT
00A2EE	Cisco
00A2F5	Guangzhou Yuanyun Network
00A2FF	abatec
00A307	Honor
00A388	SKY UK
00A38E	Cisco
00A3D1	Cisco
00A41C	Tonly
00A45F	Huawei
00A509	WigWag
00A554	Intel
00A5BF	Cisco
00A62B	Shanghai High-Flying
00A6CA	Cisco
00A742	Cisco
00A784	ITX security
00A91D	Huawei
00AA00	Intel
00AA01	Intel
00AA02	Intel
00AA3C	Olivetti Telecom SPA (olteco)
00AA6E	Cisco
00AA70	LG
00AAFD	Texas Instruments
00AB48	eero
00ACE0	CommScope
00AD24	D-Link
00AD63	Dedicated Micros Malta
00ADD5	Huawei
00AECD	Pensando
00AEF7	Dreame Technology (Suzhou)
00AEFA	Murata
00AF1F	Cisco
00B009	Grass Valley, A Belden Brand
00B017	InfoGear
00B019	UTC CCS
00B01C	Westport
00B01E	Rantic Labs
00B02A	ORSYS
00B02D	ViaGate
00B033	OAO "Izhevskiy radiozavod"
00B03B	HiQ Networks
00B048	Marconi Communications
00B04A	Cisco
00B052	Qualcomm
00B064	Cisco
00B069	Honewell
00B06D	Jones Futurex
00B080	Mannesmann Ipulsys
00B086	LocSoft
00B08E	Cisco
00B091	Transmeta
00B094	Alaris
00B09A	Morrow
00B09D	Point Grey Research
00B0AC	SIAE-Microelettronica
00B0AE	Symmetricom
00B0B3	Xstreamis
00B0C2	Cisco
00B0C7	Tellabs Operations
00B0CE	Viveris
00B0D0	Dell
00B0DB	Nextcell
00B0DF	Starboard Storage
00B0E1	Cisco
00B0E7	British Federal
00B0EC	EACEM
00B0EE	Ajile
00B0F0	Caly Networks
00B0F5	NetWorth
00B1E3	Cisco
00B338	Kontron Asia Pacific Design Sdn. Bhd
00B342	MacroSAN
00B362	Apple
00B463	Ring
00B4F5	DongGuan Siyoto
00B56D	David
00B5C7	VusionGroup
00B5D0	Samsung
00B5D6	Omnibit
00B600	VOIM
00B670	Cisco
00B69F	Latch
00B771	Cisco
00B78D	Nanjing Shining Electric Automation
00B7A8	Heinzinger electronic
00B810	Yichip Microelectronics (Hangzhou)
00B81D	Extreme Networks
00B881	New platforms
00B8B3	Cisco
00B8B6	Motorola
00B8C2	Heights Telecom T
00B9F6	Shenzhen Super Rich
00BAC0	Biometric Access
00BB01	Octothorpe
00BB1C	Huawei
00BB3A	Amazon
00BB43	Tiinlab
00BB60	Intel
00BB8E	HME
00BBC1	CANON
00BBF0	Ungermann-bass
00BC2F	Actiontec
00BC60	Cisco
00BC99	Hangzhou Hikvision Digital
00BD27	Exar
00BD3A	Nokia
00BD3E	Vizio
00BD82	Shenzhen YOUHUA
00BE3B	Huawei
00BE43	Dell
00BE44	Silicon Laboratories
00BE75	Cisco
00BE9E	Fiberhome Telecommunication
00BED5	New H3C
00BF15	Genetec
00BF61	Samsung
00BF77	Cisco
00BFAF	Hui Zhou Gaoshengda
00C000	Lanoptics
00C001	Diatek Patient Managment
00C002	Sercomm
00C003	Globalnet Communications
00C004	Japan Business Computer
00C005	Livingston Enterprises
00C006	Nippon Avionics
00C007	Pinnacle Data
00C008	SECO
00C009	KT Technology (S) PTE
00C00A	Micro Craft
00C00B	Norcontrol A.S
00C00C	Relia Technolgies
00C00D	Advanced Logic Research
00C00E	Psitech
00C00F	Quantum Software
00C010	Hirakawa Hewtech
00C011	Interactive Computing Devices
00C012	Netspan
00C013	Netrix
00C014	Telematics Calabasas Int'l
00C015	NEW Media
00C016	Electronic Theatre Controls
00C017	NetAlly
00C018	Lanart
00C019	LEAP
00C01A	Corometrics Medical
00C01B	Socket Communications
00C01C	Interlink Communications
00C01D	Grand Junction Networks
00C01E	LA Francaise DES Jeux
00C01F	S.e.r.c.e.l
00C020	Arco Electronic, Control
00C021	Netexpress
00C022	Lasermaster
00C023	Tutankhamon
00C024	Eden Sistemas DE Computacao
00C025	Dataproducts
00C026	LANS
00C027	Cipher
00C028	JASCO
00C029	Aginode Germany
00C02A	Ohkura Electric
00C02B	Gerloff Gesellschaft FUR
00C02C	Centrum Communications
00C02D	Fuji Photo Film
00C02E	Netwiz
00C02F	OKUMA
00C030	Integrated Engineering B. V
00C031	Design Research
00C032	I-cubed
00C033	Telebit Communications APS
00C034	Transaction Network
00C035	Quintar
00C036	Raytech Electronic
00C037	Dynatem
00C038	Raster Image Processing System
00C039	Teridian Semiconductor
00C03A	duagon Germany
00C03B	Multiaccess Computing
00C03C	TOWER
00C03D	Wiesemann & Theis
00C03E	FA. Gebr. Heller
00C03F	Stores Automated
00C040	ECCI
00C041	Digital Transmission
00C042	Datalux
00C043	Stratacom
00C044	EMCOM
00C045	Isolation
00C046	Blue Chip
00C047	Unimicro
00C048	BAY Technical Associates
00C049	U.s. Robotics
00C04A	Group 2000
00C04B	Creative Microsystems
00C04C	Department OF Foreign Affairs
00C04D	MITEC
00C04E	Comtrol
00C04F	Dell
00C050	Toyo Denki Seizo K.K
00C051	Advanced Integration Research
00C052	Burr-brown
00C053	Aspect Software
00C054	Network Peripherals
00C055	Modular Computing
00C056	Somelec
00C057	MYCO
00C058	Dataexpert
00C059	DENSO
00C05A	Semaphore Communications
00C05B	Networks Northwest
00C05C	Elonex
00C05D	L&N
00C05E	Vari-lite
00C05F	Fine-pal
00C060	ID Scandinavia
00C061	Solectek
00C062	Impulse
00C063	Morning Star
00C064	General Datacomm
00C065	Scope Communications
00C066	Docupoint
00C067	United Barcode Industries
00C068	HME Clear-Com
00C069	Axxcelera Broadband Wireless
00C06A	Zahner-Elektrik Ingeborg Zahner-Schiller
00C06B	OSI Plus
00C06C	Svec Computer
00C06D	Boca Research
00C06E	HAFT
00C06F	Komatsu
00C070	Sectra Secure-transmission
00C071	Areanex Communications
00C072	KNX
00C073	XEDIA
00C074	Toyoda Automatic Loom
00C075	XANTE
00C076	I-data International A-S
00C077	Daewoo Telecom
00C078	Computer Systems Engineering
00C079	Fonsys
00C07A	PRIVA
00C07B	Ascend Communications
00C07C	Hightech Information
00C07D	Risc Developments
00C07E	Kubota Corporation Electronic
00C07F	Nupon Computing
00C080	Netstar
00C081	Metrodata
00C082	Moore Products
00C083	Trace Mountain Products
00C084	Data Link
00C085	Electronics FOR Imaging
00C086	THE Lynk
00C087	UUNET
00C088	EKF Elektronik
00C089	Telindus Distribution
00C08A	Lauterbach
00C08B	Risq Modular
00C08C	Performance
00C08D	Tronix Product Development
00C08E	Network Information
00C08F	Panasonic Electric Works
00C090	PRAIM
00C091	Jabil Circuit
00C092	Mennen Medical
00C093	Alta Research
00C094	VMX
00C095	ZNYX Networks
00C096	Tamu Radiance
00C097	Archipel
00C098	Chuntex Electronic
00C099	Yoshiki Industrial
00C09A	Photonics
00C09B	Tellabs Enterprise
00C09C	Hioki E.E
00C09D	Distributed Systems Int'l
00C09E	Cache Computers
00C09F	Quanta Computer
00C0A0	Advance Micro Research
00C0A1	Tokyo Denshi Sekei
00C0A2	Intermedium
00C0A3	Dual Enterprises
00C0A4	Unigraf
00C0A5	Dickens Data
00C0A6	Exicom Australia
00C0A7	SEEL
00C0A8	GVC
00C0A9	Barron Mccann
00C0AA	Silicon Valley Computer
00C0AB	Telco
00C0AC	Gambit Computer Communications
00C0AD	Marben Communication
00C0AE	Towercom CO. Inc. DBA PC House
00C0AF	Teklogix
00C0B0	GCC
00C0B1	Genius NET
00C0B2	Norand
00C0B3	Comstat Datacomm
00C0B4	MYSON
00C0B5	Corporate Network
00C0B6	HVE
00C0B7	American Power Conversion
00C0B8	Fraser's Hill
00C0B9	Funk Software
00C0BA	Netvantage
00C0BB	Forval Creative
00C0BC	Telecom Australia/cssc
00C0BD	INEX
00C0BE	Alcatel - SEL
00C0BF	Technology Concepts
00C0C0	Shore Microsystems
00C0C1	Quad/graphics
00C0C2	Infinite Networks
00C0C3	Acuson Computed Sonography
00C0C4	Computer Operational
00C0C5	SID Informatica
00C0C6	Personal Media
00C0C7	Sparktrum Microsystems
00C0C8	Micro Byte
00C0C9	Elsag Bailey Process
00C0CA	ALFA
00C0CB	Control
00C0CC	Telesciences
00C0CD	Comelta
00C0CE	CEI Systems & Engineering PTE
00C0CF	Imatran Voima
00C0D0	Ratoc System
00C0D1	Comtree
00C0D2	Syntellect
00C0D3	Olympus Image
00C0D4	Axon Networks
00C0D5	Werbeagentur Jürgen Siebert
00C0D6	J1
00C0D7	Taiwan Trading Center DBA
00C0D8	Universal Data
00C0D9	Quinte Network Confidentiality
00C0DA	NICE
00C0DB	IPC Corporation (pte)
00C0DC	EOS
00C0DD	QLogic
00C0DE	ZCOMM
00C0DF	KYE
00C0E0	DSC Communication
00C0E1	Sonic Solutions
00C0E2	Calcomp
00C0E3	Ositech Communications
00C0E4	Siemens Building
00C0E5	Gespac
00C0E6	Verilink
00C0E7	Fiberdata
00C0E8	Plexcom
00C0E9	OAK Solutions
00C0EA	ARRAY
00C0EB	SEH Computertechnik
00C0EC	Dauphin
00C0ED	US Army Electronic
00C0EE	KYOCERA Display
00C0EF	ABIT
00C0F0	Kingston
00C0F1	Shinko Electric
00C0F2	Lantronix
00C0F3	Network Communications
00C0F4	Interlink System
00C0F5	Metacomp
00C0F6	CELAN
00C0F7	Engage Communication
00C0F8	About Computing
00C0F9	Artesyn Embedded
00C0FA	Canary Communications
00C0FB	Advanced Technology Labs
00C0FC	Elastic Reality
00C0FD	Prosum
00C0FE	Aptec Computer
00C0FF	Seagate Cloud
00C14F	DDL
00C164	Cisco
00C1B1	Cisco
00C28F	Allied Telesis K.K
00C2C6	Intel
00C30A	Xiaomi
00C343	E-T-A Circuit Breakers
00C3F4	Samsung
00C52C	Juniper
00C585	Apple
00C5DB	Datatech Sistemas Digitales Avanzados SL
00C610	Apple
00C711	Itel Mobile
00C84E	HPE
00C88B	Cisco
00C896	CIG Shanghai
00CAE0	OPPO
00CAE5	Cisco
00CB00	Private
00CB51	Sagemcom
00CB7A	Vantiva USA
00CBB4	Shenzhen Ateko Photoelectricity
00CBBD	Cambridge Broadband Networks
00CC05	Huawei
00CC34	Juniper
00CC3F	Universal
00CCFC	Cisco
00CD90	MAS Elektronik
00CDFE	Apple
00CE30	Express LUCK Industrial
00CF1C	Communication Machinery
00CFC0	China Mobile Group Device
00D000	Ferran Scientific
00D001	VST
00D002	Ditech
00D003	Comda Enterprises
00D004	Pentacom
00D005	ZHS Zeitmanagementsysteme
00D006	Cisco
00D007	MIC Associates
00D008	Mactell
00D009	Hsing Tech. Enterprise
00D00A	Lanaccess Telecom
00D00B	RHK
00D00C	Snijder Micro
00D00D	Micromeritics Instrument
00D00E	Pluris
00D00F	Speech Design
00D010	Convergent Networks
00D011	Prism Video
00D012	Gateworks
00D013	Primex Aerospace
00D014	ROOT
00D015	Univex Microtechnology
00D016	SCM Microsystems
00D017	Syntech Information
00D018	Qwes. COM
00D019	Dainippon Screen Corporate
00D01A	Urmet TLC
00D01B	Mimaki Engineering
00D01C	SBS
00D01D	Furuno Electric
00D01E	Pingtel
00D01F	Senetas
00D020	AIM System
00D021	Regent
00D022	Incredible
00D023	Infortrend
00D024	Cognex
00D025	Xrosstech
00D026	Hirschmann Austria
00D027	Applied Automation
00D028	Harmonic
00D029	Wakefern Food
00D02A	Voxent
00D02B	Jetcell
00D02C	Campbell Scientific
00D02D	Resideo
00D02E	Communication Automation
00D02F	VLSI
00D030	Safetran
00D031	Industrial Logic
00D032	Yano Electric
00D033	Dalian Daxian Network
00D034	ORMEC
00D035	Behavior Tech. Computer
00D036	Technology Atlanta
00D037	CommScope
00D038	Fivemere
00D039	Utilicom
00D03A	Zoneworx
00D03B	Vision Products
00D03C	Vieo
00D03D	Galileo
00D03E	Rocketchips
00D03F	American Communication
00D040	Sysmate
00D041	AMIGO
00D042	Mahlo Gmbh & CO. UG
00D043	Zonal Retail Data
00D044	Alidian Networks
00D045	Kvaser
00D046	Dolby Laboratories
00D047	XN
00D048	ECTON
00D049	Impresstek
00D04A	Presence
00D04B	LA CIE
00D04C	Eseye Design
00D04D	DIV OF Research & Statistics
00D04E	Logibag
00D04F	Bitronics
00D050	Iskratel d.o.o
00D051	O2 Micro
00D052	Ascend Communications
00D053	Connected
00D054	SAS Institute
00D055	Kathrein-werke
00D056	SOMAT
00D057	Ultrak
00D058	Cisco
00D059	Ambit Microsystems
00D05A	Symbionics
00D05B	Acroloop Motion Control
00D05C	KATHREIN TechnoTrend
00D05D	Intelliworxx
00D05E	Stratabeam
00D05F	Valcom
00D060	Panasonic Europe
00D061	Tremon Enterprises
00D062	Digigram
00D063	Cisco
00D064	Multitel
00D065	Toko Electric
00D066	Wintriss Engineering
00D067	Campio Communications
00D068	IWILL
00D069	Technologic
00D06A	Linkup
00D06B	SR Telecom
00D06C	Sharewave
00D06D	Acrison
00D06E	Trendview Recorders
00D06F	KMC Controls
00D070	Long Well
00D071	Echelon
00D072	Broadlogic
00D073	ACN Advanced Communications
00D074	TAQUA
00D075	Alaris Medical
00D076	Bank of America
00D077	Lucent
00D078	Eltex of Sweden
00D079	Cisco
00D07A	Amaquest Computer
00D07B	Comcam
00D07C	JTEKT
00D07D	Cosine Communications
00D07E	Keycorp
00D07F	Strategy
00D080	Exabyte
00D081	RTD Embedded
00D082	Iowave
00D083	Invertex
00D084	Nexcomm
00D085	Otis Elevator
00D086	Foveon
00D087	Microfirst
00D088	CommScope
00D089	Dynacolor
00D08A	Photron USA
00D08B	ADVA Optical Networking
00D08C	GENOA
00D08D	Phoenix
00D08E	Grass Valley, A Belden Brand
00D08F	Ardent
00D090	Cisco
00D091	Smartsan
00D092	Glenayre Western Multiplex
00D093	TQ - Components
00D094	Seeion Control
00D095	Alcatel-Lucent Enterprise
00D096	3com Europe
00D097	Cisco
00D098	Photon Dynamics Canada
00D099	Elcard Wireless
00D09A	Filanet
00D09B	Spectel
00D09C	Kapadia Communications
00D09D	Veris Industries
00D09E	2Wire
00D09F	Novtek Test
00D0A0	Mips Denmark
00D0A1	Oskar Vierling Gmbh +
00D0A2	Integrated Device
00D0A3	Vocal Data
00D0A4	Alantro Communications
00D0A5	American Arium
00D0A6	Lanbird
00D0A7	Tokyo Sokki Kenkyujo
00D0A8	Network Engines
00D0A9	Shinano Kenshi
00D0AA	Chase Communications
00D0AB	Deltakabel Telecom CV
00D0AC	CommScope
00D0AD	TL Industries
00D0AE	Oresis Communications
00D0AF	Cutler-hammer
00D0B0	Bitswitch
00D0B1	OMEGA
00D0B2	Xiotech
00D0B3	DRS Technologies Canada
00D0B4	Katsujima
00D0B5	IPricot formerly DotCom
00D0B6	Crescent Networks
00D0B7	Intel
00D0B8	Iomega
00D0B9	Microtek
00D0BA	Cisco
00D0BB	Cisco
00D0BC	Cisco
00D0BD	Lattice Semiconductor Corp. (LPA)
00D0BE	Emutec
00D0BF	Pivotal
00D0C0	Cisco
00D0C1	Harmonic Data
00D0C2	Balthazar
00D0C3	Vivid Technology PTE
00D0C4	Teratech
00D0C5	Computational
00D0C6	Thomas & Betts
00D0C7	Pathway
00D0C8	Prevas
00D0C9	Advantech
00D0CA	Intrinsyc Software
00D0CB	DASAN
00D0CC	Technologies Lyre
00D0CD	ATAN
00D0CE	TASKING Labs
00D0CF	Moreton BAY
00D0D0	Zhongxing Telecom
00D0D1	Sycamore Networks
00D0D2	Epilog
00D0D3	Cisco
00D0D4	V-bits
00D0D5	Grundig
00D0D6	Aethra Telecomunicazioni
00D0D7	B2C2
00D0D8	3COM
00D0D9	Dedicated Microcomputers
00D0DA	Taicom Data
00D0DB	Mcquay
00D0DC	Modular Mining
00D0DD	Sunrise Telecom
00D0DE	Philips Multimedia Network
00D0DF	Kuzumi
00D0E0	DOOIN
00D0E1	Avionitek Israel
00D0E2	MRT Micro
00D0E3	Ele-chem Engineering
00D0E4	Cisco
00D0E5	Solidum
00D0E6	IBOND
00D0E7	Vcon Telecommunication
00D0E8	MAC System
00D0E9	Advantage Century Telecommunication
00D0EA	Nextone Communications
00D0EB	Lightera Networks
00D0EC	Nakayo
00D0ED	XIOX
00D0EE	Dictaphone
00D0EF	IGT
00D0F0	Convision
00D0F1	Sega Enterprises
00D0F2	Monterey Networks
00D0F3	Solari DI Udine
00D0F4	Carinthian Tech Institute
00D0F5	Orange Micro
00D0F6	Nokia
00D0F7	Next Nets
00D0F8	Fujian Star Terminal
00D0F9	Acute Communications
00D0FA	Thales e-Security
00D0FB	TEK Microsystems
00D0FC	Granite Microsystems
00D0FD	Optima Tele.com
00D0FE	Astral Point
00D0FF	Cisco
00D11C	Acetel
00D18C	Guang zhou Xradio
00D279	Vingroup Joint Stock
00D2B1	TPV Display Technology (Xiamen)
00D318	SPG Controls
00D38D	Hotel Technology Next Generation
00D49E	Intel
00D598	Bopel Mobile
00D626	Juniper Mist
00D632	GE Energy
00D6CB	Quectel Wireless Solutions
00D6FE	Cisco
00D76D	Intel
00D78F	Cisco
00D861	Micro-Star INTL
00D8A2	Huawei
00D98B	Hangzhou Huacheng Network
00D9D1	Sony
00DA27	Palo Alto Networks
00DA55	Cisco
00DB1E	Albedo Telecom SL
00DB45	Thamway
00DB70	Apple
00DBDF	Intel
00DCB2	Extreme Networks
00DD00	Ungermann-bass
00DD01	Ungermann-bass
00DD02	Ungermann-bass
00DD03	Ungermann-bass
00DD04	Ungermann-bass
00DD05	Ungermann-bass
00DD06	Ungermann-bass
00DD07	Ungermann-bass
00DD08	Ungermann-bass
00DD09	Ungermann-bass
00DD0A	Ungermann-bass
00DD0B	Ungermann-bass
00DD0C	Ungermann-bass
00DD0D	Ungermann-bass
00DD0E	Ungermann-bass
00DD0F	Ungermann-bass
00DD25	Shenzhen hechengdong
00DDB6	New H3C
00DEFB	Cisco
00DF1D	Cisco
00E000	Fujitsu
00E001	Strand Lighting
00E002	Crossroads
00E003	Nokia
00E004	Pmc-sierra
00E005	Technical
00E006	Silicon Integrated SYS
00E007	Avaya ECS
00E008	Amazing Controls!
00E009	Stratus
00E00A	DIBA
00E00B	Rooftop Communications
00E00C	Motorola
00E00D	Radiant
00E00E	Avalon Imaging
00E00F	Shanghai Baud Data Communication
00E010	Hess Sb-automatenbau
00E011	Uniden
00E012	PLUTO
00E013	Eastern Electronic
00E014	Cisco
00E015	HEIWA
00E016	Rapid City Communications
00E017	Exxact
00E018	ASUS
00E019	Ing. Giordano Elettronica
00E01A	Comtec
00E01B	Sphere Communications
00E01C	CradlePoint
00E01D	WebTV NETWORKS
00E01E	Cisco
00E01F	Avidia
00E020	Tecnomen
00E021	Freegate
00E022	Analog Devices
00E023	Telrad
00E024	Gadzoox Networks
00E025	dit
00E026	Redlake MASD
00E027	DUX
00E028	APTIX
00E029	Standard Microsystems
00E02A	Tandberg Television
00E02B	Extreme Networks
00E02C	AST Computer
00E02D	InnoMediaLogic
00E02E	SPC
00E02F	Mcns Holdings, L.P
00E030	Melita
00E031	Hagiwara Electric
00E032	Misys Financial
00E033	E.e.p.d
00E034	Cisco
00E035	Artesyn Embedded
00E036	Pioneer
00E037	Century
00E038	Proxima
00E039	Paradyne
00E03A	Cabletron
00E03B	Prominet
00E03C	AdvanSys
00E03D	Focon Electronic
00E03E	Alfatech
00E03F	JATON
00E040	DeskStation
00E041	CSPI
00E042	Pacom
00E043	VitalCom
00E044	LSICS
00E045	Touchwave
00E046	Bently Nevada
00E047	InFocus
00E048	SDL Communications
00E049	Microwi Electronic
00E04A	ZX
00E04B	Jump Industrielle Computertechnik
00E04C	Realtek
00E04D	Internet Initiative Japan
00E04E	Sanyo Denki
00E04F	Cisco
00E050	Executone Information
00E051	TALX
00E052	Brocade Communications
00E053	Cellport Labs
00E054	Kodai Hitec
00E055	Ingenieria Electronica Comercial Inelcom
00E056	Holontech
00E057	HAN Microtelecom
00E058	Phase ONE Denmark
00E059	Controlled Environments
00E05A	Galea Network Security
00E05B	West END
00E05C	PHC
00E05D	Unitec
00E05E	Japan Aviation Electronics Industry
00E05F	e-Net
00E060	Sherwood
00E061	EdgePoint Networks
00E062	Host Engineering
00E063	Cabletron
00E064	Samsung
00E065	Optical Access
00E066	ProMax
00E067	eac AUTOMATION-CONSULTING
00E068	Merrimac
00E069	Jaycor
00E06A	Kapsch
00E06B	W&G Special Products
00E06C	Ultra Electronics Command & Control
00E06D	Compuware
00E06E	FAR
00E06F	CommScope
00E070	DH
00E071	Epis Microcomputer
00E072	LYNK
00E073	National Amusement Network
00E074	Tiernan Communications
00E075	Verilink
00E076	Development Concepts
00E077	Webgear
00E078	Berkeley Networks
00E079	A.t.n.r
00E07A	Mikrodidakt
00E07B	BAY Networks
00E07C	Mettler-toledo
00E07D	Netronix
00E07E	Walt Disney Imagineering
00E07F	Logististem
00E080	Control Resources
00E081	Tyan Computer
00E082	Anerma
00E083	JATO
00E084	Compulite R&D
00E085	Global Maintech
00E086	Emerson Network Power, Avocent Division
00E087	LeCroy - Networking Productions Division
00E088	LTX-Credence
00E089	ION Networks
00E08A	GEC Avery
00E08B	QLogic
00E08C	Neoparadigm Labs
00E08D	Pressure
00E08E	Utstarcom
00E08F	Cisco
00E090	Beckman Lab. Automation DIV
00E091	LG
00E092	Admtek
00E093	Ackfin Networks
00E094	OSAI
00E095	Advanced-vision Technolgies
00E096	Shimadzu
00E097	Carrier Access
00E098	AboCom
00E099	Samson
00E09A	Positron
00E09B	Engage Networks
00E09C	MII
00E09D	Sarnoff
00E09E	Quantum
00E09F	Pixel Vision
00E0A0	Wiltron
00E0A1	Hima Paul Hildebrandt
00E0A2	Microslate
00E0A3	Cisco
00E0A4	Esaote
00E0A5	ComCore Semiconductor
00E0A6	Telogy Networks
00E0A7	IPC Information
00E0A8	SAT
00E0A9	Funai Electric
00E0AA	Electrosonic
00E0AB	DIMAT
00E0AC	Midsco
00E0AD	Brandywine Communications UK
00E0AE	XAQTI
00E0AF	General Dynamics Information
00E0B0	Cisco
00E0B1	Alcatel-Lucent Enterprise
00E0B2	Telmax Communications
00E0B3	EtherWAN
00E0B4	Techno Scope
00E0B5	Ardent Communications
00E0B6	Entrada Networks
00E0B7	Cosworth
00E0B8	Gateway 2000
00E0B9	BYAS
00E0BA	Berghof Automationstechnik
00E0BB	NBX
00E0BC	Symon Communications
00E0BD	Interface
00E0BE	Genroco
00E0BF	Torrent Networking
00E0C0	Seiwa Electric MFG
00E0C1	Memorex Telex Japan
00E0C2	NECSY
00E0C3	Sakai System Development
00E0C4	Horner Electric
00E0C5	BCOM
00E0C6	Link2it
00E0C7	Eurotech
00E0C8	Virtual Access
00E0C9	AutomatedLogic
00E0CA	Best Data Products
00E0CB	RESON
00E0CC	HERO
00E0CD	Saab Sensis
00E0CE	ARN
00E0CF	Integrated Device
00E0D0	Netspeed
00E0D1	Telsis
00E0D2	Versanet Communications
00E0D3	Datentechnik
00E0D4	Excellent Computer
00E0D5	Emulex
00E0D6	Computer & Communication Research LAB
00E0D7	Sunshine
00E0D8	LANBit Computer
00E0D9	TAZMO
00E0DA	Alcatel-Lucent Enterprise
00E0DB	ViaVideo Communications
00E0DC	Nexware
00E0DD	Zenith
00E0DE	DATAX
00E0DF	Zhone
00E0E0	SI
00E0E1	G2 Networks
00E0E2	Innova
00E0E3	Sk-elektronik
00E0E4	Fanuc Robotics North America
00E0E5	Cinco Networks
00E0E6	INCAA Computers
00E0E7	Raytheon E-systems
00E0E8	GRETACODER Data
00E0E9	Data Labs
00E0EA	Innovat Communications
00E0EB	Digicom
00E0EC	Celestica
00E0ED	Silicom
00E0EE	Marel HF
00E0EF	Dionex
00E0F0	ABLER
00E0F1	THAT
00E0F2	Arlotto Comnet
00E0F3	WebSprint Communications
00E0F4	Inside
00E0F5	TELES
00E0F6	Decision Europe
00E0F7	Cisco
00E0F8	Dicna Control
00E0F9	Cisco
00E0FA	TRL
00E0FB	Leightronix
00E0FC	Huawei
00E0FD	A-trend
00E0FE	Cisco
00E0FF	Security Dynamics
00E12F	Huawei
00E16D	Cisco
00E175	AK-Systems
00E18C	Intel
00E1F8	BK Technologies.com
00E22C	China Mobile Group Device
00E3B2	Samsung
00E400	Sichuan Changhong Electric
00E406	Huawei
00E421	Sony
00E5E4	Sichuan Tianyi Comheart Telecom
00E5F1	Buffalo
00E607	Aurcore
00E60E	Extreme Networks
00E63A	Ruckus
00E666	ARIMA Communications
00E6D3	Nixdorf Computer
00E6E8	Netzin
00E7E3	ZTE
00E8AB	Meggitt Training
00E93A	AzureWave
00EABD	Cisco
00EB2D	Sony
00EBD5	Cisco
00EBD8	Mercusys
00EC0A	Xiaomi
00EDB8	Kyocera
00EE01	Enablers Solucoes e Consultoria em Dispositivos
00EEAB	Cisco
00EEBD	HTC
00F051	KWB
00F22C	Shanghai B-star
00F28B	Cisco
00F361	Amazon
00F39F	Apple
00F3DB	WOO Sports
00F403	Orbis
00F46F	Samsung
00F48D	Liteon
00F4B9	Apple
00F5FD	Huawei
00F620	Google
00F663	Cisco
00F76F	Apple
00F7AD	Huawei
00F81C	Huawei
00F82C	Cisco
00F860	PT. Panggung Electric Citrabuana
00F871	Demant
00F8CC	Sagemcom
00F952	Huawei
00FA21	Samsung
00FA3B	Cloos Electronic
00FAB6	Kontakt Micro-Location Sp z o.o
00FADE	Motorola
00FB4A	Espressif
00FBF9	Axiado
00FC58	WebSilicon
00FC70	Intrepid Control
00FC8B	Amazon
00FC8D	Hitron
00FCBA	Cisco
00FD22	Cisco
00FD45	HPE
00FD4C	Nevatec
00FEC8	Cisco
020701	Racal-datacom
021C7C	PERQ
026086	Logic Replacement
02608C	3COM
027001	Racal-datacom
0270B0	M/a-com Inc. Companies
0270B3	Data Recall
029D8E	Cardiac Recorders
02AA3C	Olivetti Telecomm SPA (olteco)
02BB01	Octothorpe
02C08C	3COM
02CF1C	Communication Machinery
02E6D3	Nixdorf Computer
040067	Stanley Black & Decker
04006E	Google
0401A1	Fortinet
0401BB	Tecno Mobile
04021F	Huawei
0402CA	Shenzhen Vtsonic
040312	Hangzhou Hikvision Digital
0403D6	Nintendo
0404B8	China Hualu Panasonic AVC Networks
0404EA	Valens Semiconductor
0405DD	Shenzhen Cultraview Digital
04072E	VTech
040973	HPE
040986	Arcadyan
0409A5	HFR
040A83	Alcatel-Lucent
040AE0	Xmit AG Computer Networks
040CCE	Apple
040D84	Silicon Laboratories
040E3C	HP
040EC2	ViewSonic Mobile China
040F66	TP-Link
04106B	Xiaomi
04137A	Apple
041471	Huawei
041552	Apple
0415D9	Viwone
04174C	Nanjing SCIYON Wisdom
0417B6	Smart Innovation
04180F	Samsung
041892	Huawei
0418B6	Private
0418D6	Ubiquiti
04197F	Grasphere Japan
041A04	WaveIP
041B6D	LG
041B94	Host Mobility
041BBA	Samsung
041C6C	Intel
041CDB	Siba Service
041D10	Dream Ware
041DC7	ZTE
041E64	Apple
041E7A	DSPWorks
041EFA	BISSELL Homecare
041FB8	vivo
042084	ZTE
04208A	浙江路川科技有限公司
04209A	Panasonic Corporation AVC Networks
042144	Sunitec Enterprise
04214C	Insight Energy Ventures
042234	Wireless Standard Extensions
0422E7	Fiberhome Telecommunication
042322	Texas Instruments
042336	Zyxel
0423A3	Mellanox
042405	OPPO
0425C5	Huawei
0425E0	Taicang T&W
0425E8	Texas Instruments
0425F0	Nokia
042605	Bosch Building Automation
042665	Apple
042728	Microsoft
042758	Huawei
04292E	Samsung
042AE2	Cisco
042B58	Shenzhen Hanzsung
042BBB	PicoCELA
042DAD	Areus
042DB4	First Property (Beijing) Co., Ltd Modern MOMA Branch
042EC1	Apple
042F56	ATOCS (Shenzhen)
0430FA	Cisco
043110	Inspur
043201	Broadcom
0432F4	Partron
04331F	Huawei
043385	Nanchang BlackShark
043389	Huawei
0433C2	Intel
0434C3	Qingdao Goertek Horizons Tecnology
0434CF	Apple
0434F6	Motorola
04359B	WuLu Networks
043604	Gyeyoung I&T
0436B8	I&C
043855	Scopus International Pvt
0438DC	China Unicom Online Information
043926	China Dragon
0439CB	Qingdao HaierTechnology
043A0D	SM Optics
043CE8	Shenzhen SuperElectron
043D6E	Nokia
043D98	ChongQing QingJia
043F72	Mellanox
0440A9	New H3C
044169	GoPro
0441A5	Apple
04421A	ASUS
0443FD	Sichuan Tianyi Comheart Telecom
0444A1	Telecon Galicia
044562	ANDRA Sp. z o. o
0445A1	NIRIT- Xinwei Telecom
044665	Murata
0446CF	Beijing Venustech Cybervision
044707	Texas Instruments
04472A	Palo Alto Networks
0447CA	Gree Electric Appliances, Inc. OF Zhuhai
04489A	Apple
04495D	Huawei
044A50	Ramaxel Technology (Shenzhen)
044A69	Shenzhen Phaten
044A6A	niliwi nanjing big data
044A6C	Huawei
044AC6	Aipon
044BA5	Shenzhen Mercury Communication
044BB1	Huawei
044BED	Apple
044BFF	GuangZhou Hedy Digital
044CEF	Fujian Sanao
044E06	Ericsson
044E5A	CommScope
044EAF	LG
044F17	HUMAX
044F4C	Huawei
044F7A	China Mobile Group Device
044F8B	Adapteva
044FAA	Ruckus
0450DA	Qiku Internet Network Scientific (Shenzhen)
045170	Zhongshan K-mate General
0452C7	Bose
0452F3	Apple
0453D5	Sysorex Global
045453	Apple
0455B2	Huaqin
0455B8	Huawei
0455CA	BriView (Xiamen)
045604	Gionee Communication Equipment
045665	Nokia
0456E5	Intel
04572F	Sertel Electronics UK
045747	GoPro
045791	Shenzhenshi Xinzhongxin
04586F	Sichuan Whayer information industry
045A3D	Nothing
045A95	Nokia
045C06	Zmodo
045C6C	Juniper
045C8E	gosund
045D4B	Sony
045D56	camtron industrial
045E0A	Shenzhen Transchan
045EA4	Netis
045FA6	Shenzhen SDMC Technology CP
045FA7	Shenzhen Yichen Technology Development
045FB9	Cisco
046169	Media Global Links
046273	Cisco
0462D7	Alstom Hydro France
0463D0	Huawei
0463E0	Nome
0464FA	Dell
046565	Testop
046761	Xiaomi
046785	scemtec Hard- und Software fuer Mess- und Steuerungstechnik
046865	Apple
046874	Cloud Network Technology Singapore PTE
04698F	Juniper
0469F8	Apple
046B1B	Sysdine
046B25	Sichuan Tianyi Comheart Telecom
046C59	Intel
046C9D	Cisco
046D42	Bryston
046E02	OpenRTLS
046E49	TaiYear Electronic Technology (Suzhou)
046ECB	ZTE
046F00	LG
047056	Arcadyan
0470BC	Globalstar
047153	Sernet (suzhou)
047179	HPE
047295	Apple
0472EF	Apple
04749E	Huawei
0474A1	Aligera Equipamentos Digitais Ltda
047503	Huawei
0475F5	CSST
0475F9	Taicang T&W
04766E	Alpsalpine
0476B0	Cisco
047863	Shanghai MXCHIP Information
047970	Huawei
047975	Honor
0479B7	Texas Instruments
0479FD	Ciena
047A0B	Xiaomi
047AAE	Huawei
047BCB	Universal Global Scientific Industrial
047C16	Micro-Star INTL
047D50	Shenzhen Kang Ying
047D7B	Quanta Computer
047E23	China Mobile IOT
047E4A	moobox
047F0E	Barrot
04801A	Huawei
0480A7	ShenZhen TianGang Micro
04819B	SKY UK
0481AE	Clack
048308	Espressif
04848A	7inova
048680	Quectel Wireless Solutions
048727	Silicon Laboratories
04885F	Huawei
04888C	Eifelwerk Butler Systeme
0488E2	Beats
04896D	New H3C
048A15	Avaya
048AE1	Flextronics Manufacturing(zhuhai)co
048B42	Skspruce
048C03	ThinPAD Technology (Shenzhen)CO
048C16	Huawei
048C9A	Huawei
048D38	Netis
048F00	Rong-Paisa
049081	Pensando
0490C0	Forvia
049162	Microchip
049226	ASUS
0492EE	iway
04946B	Tecno Mobile
0494A1	Catch THE Wind
0494E9	FAXedge
049573	ZTE
0495E6	Tenda
049645	Wuxi SKY Chip Interconnection
049790	Lartech telecom
04981C	Ningbo Zhixiang
0498F3	Alpsalpine
0499B9	Apple
0499BB	Apple
0499E6	Shenzhen Yoostar
049B9C	Eadingcore Intelligent
049C62	BMT Medical Technology s.r.o
049D05	Apple
049DFE	Hivesystem
049E28	EM Microelectronic
049F06	Smobile
049F15	Humane
049F81	Netscout
049FCA	Huawei
04A151	Netgear
04A222	Arcadyan
04A2F3	Fiberhome Telecommunication
04A316	Texas Instruments
04A3F3	Emicon
04A526	Nokia
04A6C8	Intel
04A741	Cisco
04A81C	Huawei
04A82A	Nokia
04A85A	SZ DJI
04A924	Juniper Mist
04A959	New H3C
04AAB1	Growatt
04AAE1	Beijing Microvision
04AB08	Shenzhen Skyworth Digital
04AB18	Elecom
04AB6A	Chun-il
04AC44	Holtek Semiconductor
04AE47	Xiaomi
04AEC7	Marquardt
04B066	Private
04B0E7	Huawei
04B167	Xiaomi
04B1A1	Samsung
04B247	Espressif
04B3B6	Seamap (UK)
04B3C9	WNC
04B429	Samsung
04B466	BSP
04B4FE	AVM (FRITZ!Box)
04B5B2	Apple
04B5C1	Itel Mobile
04B648	Zenner
04B6BE	CIG Shanghai
04B86A	SKY UK
04B97D	AiVIS Co., Itd
04B9E3	Samsung
04BA1C	Huawei
04BA36	Li Seng
04BA8D	Samsung
04BAD6	D-Link
04BBF9	Pavilion Data
04BC6D	Apple
04BC87	Shenzhen JustLink
04BC9F	Calix
04BD70	Huawei
04BD88	HPE
04BD97	Cisco
04BDBF	Samsung
04BE58	Huawei
04BF1B	Dell
04BF6D	Zyxel
04BFA8	ISB
04BFD5	Apple
04C05B	Tigo Energy
04C06F	Huawei
04C09C	Tellabs
04C103	Clover Network
04C1B9	Fiberhome Telecommunication
04C1D8	Huawei
04C23E	HTC
04C241	Nokia
04C29B	Aura Home
04C461	Murata
04C5A4	Cisco
04C5CD	Mellanox
04C807	Xiaomi
04C845	TP-Link
04C880	Samtec
04C8B0	Google
04C991	Phistek
04C9D9	Dish
04C9DE	Qingdao HaierTechnology
04CA8D	Enfabrica
04CAED	Huawei
04CB01	Samsung
04CB1D	Traka
04CB88	Shenzhen Jingxun Software Telecommunication
04CCBC	Huawei
04CD15	Silicon Laboratories
04CDC0	Juniper Mist
04CE09	Shenzhen Skyworth Digital
04CE14	Wilocity
04CE7E	NXP France Semiconductors France
04CED8	NXP Semiconductors Germany
04CF25	Manycolors
04CF4B	Intel
04CF8C	Xiaomi
04D13A	Xiaomi
04D168	Sunplus
04D190	Kaon
04D320	Itel Mobile
04D395	Motorola
04D3B0	Intel
04D3B5	Huawei
04D3CF	Apple
04D437	ZNV
04D442	Guangdong Genius
04D4C4	ASUS
04D590	Fortinet
04D60E	Funai Electric
04D634	Nanjing RISC-V Institute
04D688	CIG Shanghai
04D6AA	Samsung
04D6F4	GD Midea Air-Conditioning Equipment
04D783	Y&H E&C
04D7A5	New H3C
04D921	Occuspace
04D9C8	Foxconn
04D9F5	ASUS
04DA28	Chongqing Zhouhai Intelligent
04DAD2	Cisco
04DB56	Apple
04DB8A	Suntech
04DBD9	OPPO
04DD4C	Velocytech
04DEDB	Rockport Networks
04DEF2	Shenzhen ECOM
04DF69	Car Connectivity Consortium
04E0B0	Shenzhen YOUHUA
04E0C4	Triumph-adler
04E1C8	IMS Soluções em Energia Ltda
04E229	Qingdao Haier
04E2F8	AEP Ticketing solutions
04E31A	Sagemcom
04E387	Cisco
04E3C8	Fujian Star-net Communication
04E3E5	Silicon Laboratories
04E451	Texas Instruments
04E4B6	Samsung
04E536	Apple
04E548	Cohda Wireless
04E56E	THUB
04E598	Xiaomi
04E662	Acroname
04E676	AMPAK
04E69E	Zhongguancun Xinhaizeyou
04E77E	We
04E795	Huawei
04E892	Shennan Circuits
04E8B9	Intel
04E9E5	Pjrc.com
04EA56	Intel
04EB40	Cisco
04ECBB	Fiberhome Telecommunication
04ECD8	Intel
04ED33	Intel
04ED62	Daikin Europe
04EE03	Texas Instruments
04EE91	x-fabric
04EECD	Hangzhou Hikvision Digital
04EEEE	Laplace System
04EF61	Dell
04F021	Compex Systems Pte
04F03E	Huawei
04F0E4	ShenZhen Hosecom Electronic
04F0EE	Intel
04F128	HMD Global
04F13E	Apple
04F169	Huawei
04F17D	Tarana Wireless
04F352	Huawei
04F41C	Routerboard.com
04F4BC	Xena Networks
04F4D8	Hui Zhou Gaoshengda
04F5F4	Proxim Wireless
04F778	Sony
04F7E4	Apple
04F8C2	Flaircomm Microelectronics
04F8F8	Edgecore Networks
04F938	Huawei
04F993	Infinix mobility
04F9D9	Speaker Electronic(Jiashan)
04F9F8	TP-Link
04FA3F	OptiCore
04FA83	Qingdao Haier
04FB66	Ericsson
04FDE8	Technoalpin
04FE31	Samsung
04FE7F	Cisco
04FE8D	Huawei
04FEA1	Fihonest communication
04FF08	Huawei
04FF51	Novamedia Innovision SP. Z O.O
080001	Computervision
080002	Bridge Communications
080003	Advanced Computer Comm
080004	Cromemco
080005	Symbolics
080006	Siemens
080007	Apple
080008	Bolt Beranek AND Newman
080009	HP
08000A	Nestar
08000B	Unisys
08000C	Miklyn Development
08000D	International Computers
08000E	NCR
08000F	MITEL
080011	Tektronix
080012	Bell Atlantic Integrated Syst
080013	Exxon
080014	Excelan
080015	STC Business
080016	Barrister Info SYS
080017	National Semiconductor
080018	Pirelli Focom Networks
080019	General Electric
08001A	Tiara/ 10net
08001B	Dell
08001C	Kdd-kokusai Debnsin Denwa
08001D	Able Communications
08001E	Apollo Computer
08001F	SHARP
080020	Oracle
080021	3M
080022	NBI
080023	Panasonic Communications
080024	10net Communications/dca
080025	Control Data
080026	Norsk Data A.S
080027	PCS Systemtechnik
080028	Texas Instruments
080029	Megatek
08002A	Mosaic
08002B	Digital Equipment
08002C	Britton LEE
08002D	Lan-tec
08002E	Metaphor Computer
08002F	Prime Computer
080030	CERN
080031	Little Machines
080032	TIGAN
080033	Bausch & Lomb
080034	Filenet
080035	Microfive
080036	Intergraph
080037	FUJIFILM Business Innovation
080038	Bull S.a.s
080039	Spider
08003A	Orcatech
08003B	TORUS
08003C	Schlumberger Well Services
08003D	Cadnetix Corporations
08003E	CODEX
08003F	Fred Koschara Enterprises
080040	Ferranti Computer SYS
080041	Racal-milgo Information SYS
080042	Macnica
080043	Pixel Computer
080044	DAVID
080045	Concurrent Computer
080046	Sony
080047	Sequent Computer
080048	Eurotherm Gauging
080049	Univation
08004A	Banyan
08004B	Planning Research
08004C	Hydra Computer
08004D	Corvus
08004E	3com Europe
08004F	Cygnet
080050	DAISY
080051	ExperData
080052	Insystec
080053	Middle East Tech. University
080055	Stanford Telecomm
080056	Stanford Linear Accel. Center
080057	Evans & Sutherland
080058	Systems Concepts
080059	A/S Mycron
08005A	IBM
08005B	VTA
08005C	Four Phase
08005D	GOULD
08005E	Counterpoint Computer
08005F	SABER
080060	Industrial Networking
080061	Jarogate
080062	General Dynamics
080063	Plessey
080064	Sitasys
080065	Genrad
080066	AGFA
080067	ComDesign
080068	Ridge Computers
080069	Silicon Graphics
08006A	AT&T
08006B	ACCEL
08006C	Suntek Technology Int'l
08006D	Whitechapel Computer Works
08006E	Masscomp
08006F	Philips Apeldoorn
080070	Mitsubishi Precision
080071	Matra (dsie)
080072	Xerox Corp Univ Grant Program
080073	Tecmar
080074	Casio Computer
080075	Dansk Data Electronik
080076	PC LAN
080077	TSL Communications
080078	Accell
080079	THE Droid Works
08007A	Indata
08007B	Sanyo Electric
08007C	Vitalink Communications
08007E	Amalgamated Wireless(aus)
08007F	Carnegie-mellon University
080080	AES Data
080081	Astech
080082	Veritas Software
080083	Seiko Instruments
080084	TOMEN
080085	ELXSI
080086	Konica Minolta
080087	Xyplex
080088	Brocade Communications
080089	Kinetics
08008A	PerfTech
08008B	Pyramid
08008C	Network Research
08008D	Xyvision
08008E	Tandem Computers
08008F	Chipcom
080090	Sonoma
08010F	Sichuan Tianyi Comheart Telecom
080205	Huawei
08023C	Samsung
08028E	Netgear
080299	HC
080342	Palo Alto Networks
080371	KRG Corporate
0804B4	Texas Instruments
080581	Roku
0805CD	DongGuang EnMai Electronic Product
0805E2	Juniper
08085C	Luna Products
0808C2	Samsung
0808EA	AMSC
0809B6	Masimo
0809C7	Zhuhai Unitech Power
080A4E	Planet Bingo® — 3rd Rock Gaming®
080C0B	SysMik GmbH Dresden
080CC9	Mission Technology Group, dba Magma
080D84	GECO
080EA8	Velex
080FE5	Cisco
080FFA	KSP
081031	Lithiunal Energy
081086	NEC Platforms
081093	Samsung
08115E	Bitel
081196	Intel
081287	Jiangxi Risound
0812A5	Amazon
081443	Unibrain
08152F	Samsung
0815AE	China Mobile Group Device
081605	Vodafone Italia
081651	Shenzhen SEA Star
0816D5	Goertek
0816E3	Huawei
081735	Cisco
0817F4	IBM
081814	HPE
08181A	ZTE
08184C	A. S. Thomas
0819A6	Huawei
081A1E	Shenzhen iComm Semiconductor
081AFD	Huawei
081C6E	Xiaomi
081DC4	Thermo Fisher Scientific Messtechnik
081DFB	Shanghai Mexon Communication
081F3F	WondaLink
081F71	TP-Link
081FEB	BinCube
081FF3	Cisco
0820E7	Mellanox
0821EF	Samsung
0823B2	vivo
0823C6	Huawei
08240B	Apple
082522	Advansee
082525	Xiaomi
082573	Apple
082697	Zyxel
082719	APS systems/electronic
08276B	Huawei
0827A8	Arcadyan
0827CE	Nagano Keiki
0827F0	Accton
082802	Shenzhen Chuangwei-rgb
082AD0	SRD Innovations
082CB0	Network Instruments
082CB6	Apple
082CED	Technity Solutions
082E36	Huawei
082E5F	HP
082FE9	Huawei
08306B	Palo Alto Networks
0830CE	Fiberhome Telecommunication
08318B	Huawei
0831A4	Huawei
0833ED	Askey Computer
08351B	Shenzhen Jialihua Electronic
083571	CASwell
08357D	Microsoft
0835B2	CoreEdge Networks
0836C9	Netgear
08373D	Samsung
08379C	Topaz
083869	Hong Kong AMobile Intelligent Corp. Limited Taiwan Branch
0838A5	Funkwerk plettac electronic
0838E6	Motorola
083A2F	Guangzhou Juan Intelligent Tech Joint Stock
083A38	New H3C
083A5C	Junilab
083A88	Universal Global Scientific Industrial
083A8D	Espressif
083AB8	Shinoda Plasma
083AF2	Espressif
083BC1	Hangzhou Hikvision Digital
083BE9	New H3C
083D88	Samsung
083E0C	CommScope
083E5D	Sagemcom
083E8E	Foxconn
083F21	Motorola
083F3E	WSH
083F76	Intellian
083FBC	ZTE
084027	Gridstore
0840F3	Tenda
084218	Asyril
084296	Mobile Technology Solutions
084473	ZTE
0845D1	Cisco
084656	Veo-labs
08468B	Guangdong NanGuang Photo & Video
0846C7	Fiberhome Telecommunication
08474C	Nokia
0847D0	Nokia
08482C	Raycore Taiwan
084857	Suteng Innovation
084ACF	OPPO
084B44	Robert Bosch Elektronika Kft
084E1C	H2A
084EBF	Sumitomo Electric Industries
084F0A	Huawei
084F44	GEW (ec)
084F66	Shenzhen Skyworth Digital
084FA9	Cisco
084FF9	Cisco
085104	Huawei
085114	Qingdao Topscomm Communication
08512E	Orion Diagnostica
0851F2	Sagemcom
085240	EbV Elektronikbau- und Vertriebs
08524E	Shenzhen Fangcheng Baiyi
085411	Hangzhou Hikvision Digital
0854BB	Shenzhen Chuangwei-rgb
085531	Routerboard.com
08569B	WiZ
085700	TP-Link
0857FB	Amazon
0858A5	Beijing Vrv Software Corpoaration
085A11	D-Link
085AE0	Recovision
085B0E	Fortinet
085BD6	Intel
085BDA	CliniCare
085C1B	Huawei
085D53	Apple
085DDD	Mercury
08606E	ASUS
086083	ZTE
086195	Rockwell Automation
086202	Apple
086266	ASUS
086361	Huawei
08638A	Cisco
086480	Black Sesame
086518	Apple
0865F0	JM Zengge
08661F	Palo Alto Networks
086698	Apple
08674E	Hisense broadband multimedia
08688D	New H3C
0868D0	Japan System Design
0868EA	EITO
086A0A	Askey Computer
086A0B	Cisco Meraki
086AC5	Intel
086AE5	Amazon
086BD1	Shenzhen SuperElectron
086BD7	Silicon Laboratories
086D41	Apple
086DF2	Shenzhen MIMOWAVE
086E9C	Huawei
086F48	Shenzhen iComm Semiconductor
087045	Apple
087073	Huawei
08711C	Cisco Meraki
087158	Hanshow
087190	Intel
08736F	EM Microelectronic
087402	Apple
087458	Fiberhome Telecommunication
0874F6	Winterhalter Gastronom
087572	Obelux
087618	ViTrox Technologies Sdn. Bhd
087671	Juniper
087683	AltoBeam
087695	Auto Industrial
0876FF	Thomson Telecom Belgium
087808	Samsung
08798C	Huawei
087999	AIM
087A4C	Huawei
087B0F	Amazon
087B12	Sagemcom
087B87	Cisco
087BAA	Svyazkomplektservice
087C39	Amazon
087C43	Huawei
087CBE	Quintic
087D21	Altasec
087D60	Samjin
087E64	Vantiva USA
087F98	vivo
088039	Cisco
0881B2	Logitech (China)
0881BC	HongKong Ipro
0881F4	Juniper
088466	Novartis Pharma
08849D	Amazon
0884FB	Honor
08855B	Kontron Europe
088620	Tecno Mobile
08863B	Belkin
0887C6	Ingram Micro Services
0887C7	Apple
088AF1	Mercusys
088BC8	Google
088C2C	Samsung
088DC8	Ryowa
088E4F	SF Software Solutions
088E90	Intel
088EDC	Apple
088F2C	Amber
088FC3	Compal Information (kunshan)
0890BA	Danlaw
089115	Amazon
0891A3	Amazon
089204	Dell
089272	Espressif
089356	Huawei
0894EC	Huawei
0894EF	Wistron Infocomm (Zhongshan)
08952A	Vantiva USA
089536	Actiontec
089542	Apple
0896AD	Cisco
0896D7	AVM (FRITZ!Box)
089707	Cisco
089734	HPE
089758	Shenzhen Strong Rising Electronics Co.,Ltd DongGuan Subsidiary
089798	Compal Information (kunshan)
0898EF	Shenzhen Taichi
0899E8	KEMAS
089AC7	ZTE
089B27	GSD Viet NAM
089B4B	iKuai Networks
089BB9	Nokia
089BF1	eero
089C74	Unionman
089C86	Nokia
089DF4	Intel
089E01	Quanta Computer
089E08	Google
089E84	Huawei
089F97	Leroy Automation
08A12B	ShenZhen EZL
08A136	Cloud Network Technology Singapore PTE
08A189	Hangzhou Hikvision Digital
08A5C8	Sunnovo
08A5DF	Samsung
08A6BC	Amazon
08A6F7	Espressif
08A7C0	Vantiva USA
08A842	Huawei
08A8A1	Cyclotronics Power Concepts
08A95A	AzureWave
08AA55	Motorola
08AA89	ZTE
08ACA5	Benu Video
08ACC4	FMTech
08AD0A	Espressif
08AED6	Samsung
08AF78	Totus Solutions
08B055	Askey Computer
08B0A7	Truebeyond
08B258	Juniper
08B2A3	Cynny Italia
08B339	Xiaomi
08B3AF	vivo
08B3D6	Huawei
08B49D	Tecno Mobile
08B4B1	Google
08B4CF	Abicom
08B4D2	Intel
08B61F	Espressif
08B657	AVM (FRITZ!Box)
08B738	Lite-On Technogy
08B7EC	Wireless Seismic
08B8D0	Chipsea Technologies (Shenzhen)
08B95F	Silicon Laboratories
08BA22	Swaive
08BA5F	Qingdao Hisense
08BAB7	Ceragon Networks
08BB3C	Flextronics Tech.(Ind) Pvt
08BBCC	AK-NORD EDV VERTRIEBSGES. mbH
08BC20	Hangzhou Royal Cloud
08BD43	Netgear
08BE09	Astrol Electronic
08BE77	Green
08BEAC	Edimax
08BFA0	Samsung
08BFB8	ASUS
08C021	Huawei
08C06C	Huawei
08C0EB	Mellanox
08C224	Amazon
08C3B3	TCL King Electrical Appliances(Huizhou)Co
08C5E1	Samsung
08C6B3	QTECH
08C729	Apple
08C7B5	Apple
08C7F5	Vantiva Connected Home - Technologies Telco
08C8C2	GN Audio
08CA45	Toyou Feiji
08CBE5	R3 Solutions
08CC27	Motorola
08CC68	Cisco
08CC81	Hangzhou Hikvision Digital
08CCA7	Cisco
08CD9B	samtec automotive electronics & software
08CE94	EM Microelectronic
08D01E	Juniper
08D09F	Cisco
08D0B7	Qingdao Hisense Communications
08D1F9	Espressif
08D23E	Intel
08D29A	Proformatique
08D34B	Techman Electronics (Changshu)
08D40C	Intel
08D42B	Samsung
08D46A	LG
08D593	Texas Instruments
08D59D	Sagemcom
08D5C0	Seers
08D833	Shenzhen RF
08D945	Huawei
08DD03	OPPO
08DD82	Huawei
08DDEB	Silicon Laboratories
08DF1F	Bose
08DFCB	Systrome Networks
08E021	Honor
08E342	Cear
08E4DF	Shenzhen Sande Dacom
08E5DA	Nanjing Fujitsu Computer Products
08E63B	ZTE
08E64B	Apple
08E672	Jebsee
08E689	Apple
08E6C9	Business-intelligence of Oriental Nations
08E7E5	Huawei
08E84F	Huawei
08E9F6	AMPAK
08EA40	Shenzhen Bilian Electronic Co.，ltd
08EA44	Extreme Networks
08EB21	Intel
08EB29	Jiangsu Huitong
08EB74	HUMAX
08EBED	World Elite
08EBF6	Huawei
08ECA9	Samsung
08ECF5	Cisco
08ED9D	Tecno Mobile
08EDB9	Foxconn
08EDED	Zhejiang Dahua
08EE8B	Samsung
08EF3B	MCS Logic
08EFAB	Sayme Wireless Sensor Network
08F01E	eero
08F0B6	Edifier
08F1B3	Cisco Meraki
08F1B7	Towerstream Corpration
08F1EA	HPE
08F2F4	Net One Partners
08F3FB	Cisco
08F458	Huawei
08F4AB	Apple
08F4F0	Cisco
08F606	ZTE
08F69C	Apple
08F6F8	GET Engineering
08F728	GLOBO Multimedia Sp. z o.o. Sp.k
08F7E9	HRCP Research and Development Partnership
08F8BC	Apple
08F97E	Cloud Network Technology Singapore PTE
08F9E0	Espressif
08FA28	Huawei
08FA79	vivo
08FAE0	Fohhn Audio
08FBEA	AMPAK
08FC52	OpenXS
08FC88	Samsung
08FD0E	Samsung
08FD52	Silicon Laboratories
08FD58	Huawei
08FF24	Shenzhen Skyworth Digital
08FF44	Apple
0C014B	ZTE
0C01A5	ZTE
0C01C8	DENSO
0C01DB	Infinix mobility
0C0227	Vantiva USA
0C025B	Microchip
0C02BD	Samsung
0C0400	Jantar d.o.o
0C0535	Juniper
0C07DF	Xiaomi
0C07F3	Huawei
0C08B4	HUMAX
0C0ADF	Texas Instruments
0C0CEA	BLU Products
0C0E76	D-Link
0C0ECB	Huawei
0C0FD8	GSD Viet NAM
0C1105	Akuvox (xiamen) Networks
0C1167	Cisco
0C1262	ZTE
0C12AD	HPE
0C130B	Uniqoteq
0C1420	Samsung
0C14D2	China Mobile Group Device
0C1539	Apple
0C1563	Apple
0C15C5	SDTEC
0C166E	Eagle Wireless Engineering Centre SDN BHD
0C1773	Huawei
0C17F1	Telecsys
0C184E	Huawei
0C191F	Inform Electronik
0C19F8	Apple
0C1A10	Acoustic Stream
0C1A61	Neox FZCO
0C1B7B	Microsoft
0C1BCC	Iflytek
0C1C19	Longconn Electronics(shenzhen)
0C1C1A	eero
0C1C20	Kakao
0C1C31	Mercusys
0C1C57	Texas Instruments
0C1DAF	Xiaomi
0C1DC2	SeAH Networks
0C1EF7	Omni-ID
0C2026	noax
0C20D3	vivo
0C2138	Hengstler
0C2369	Honeywell SPS
0C238D	Huawei
0C2576	Longcheer Telecommunication
0C2643	Cisco
0C2724	Cisco
0C2755	Valuable Techologies
0C2756	Rongcheeng Goer
0C2779	New H3C
0C298F	Tesla
0C29EF	Dell
0C2A69	electric imp
0C2A6F	Silicon Laboratories
0C2A86	Fiberhome Telecommunication
0C2AE7	Beijing General Research Institute of Mining and Metallurgy
0C2C54	Huawei
0C2C7C	Shenzhen Skyworth Digital
0C2D71	Apple
0C2D89	QiiQ Communications
0C2E57	Huawei
0C2FB0	Samsung
0C2FD1	Huawei
0C3021	Apple
0C31DC	Huawei
0C323A	Samsung
0C331B	TydenBrooks
0C3526	Microsoft
0C354F	Nokia
0C35FE	Fiberhome Telecommunication
0C3623	Nokia
0C3747	ZTE
0C3796	Bizlink
0C37DC	Huawei
0C383E	Fanvil
0C393D	eero
0C3956	Observator instruments
0C3AFA	New H3C
0C3B50	Apple
0C3C65	Dome Imaging
0C3CCD	Universal Global Scientific Industrial
0C3D5E	Nanjing Qinheng Microelectronics
0C3E9F	Apple
0C4101	Ruichi Auto Technology (Guangzhou)
0C413E	Microsoft
0C41E9	Huawei
0C42A1	Mellanox
0C4314	Silicon Laboratories
0C43F9	Amazon
0C44C0	ZTE
0C45BA	Huawei
0C469D	MS Sedco
0C473D	Hitron
0C47C9	Amazon
0C4885	LG
0C48C6	Celestica
0C4933	Sichuan Jiuzhou Electronic
0C4B48	Nokia
0C4B54	TP-Link
0C4BEE	Texas Instruments
0C4C39	MitraStar
0C4DE9	Apple
0C4EA0	Espressif
0C4EC0	Maxlinear
0C4F5A	Asa-rt
0C4F9B	Huawei
0C5101	Apple
0C5141	NXP Semiconductors Taiwan
0C517E	Apple
0C51F7	Chauvin Arnoux
0C5203	AGM
0C527F	Check Point Software
0C5331	ETH Zurich
0C53B7	Apple
0C5415	Intel
0C5427	Dongguan Huayin Electronic
0C54A5	Pegatron
0C54B9	Nokia
0C5521	Axiros
0C565C	HyBroad Vision (Hong Kong)
0C57EB	Mueller
0C5842	DME Micro
0C587B	Quectel Wireless Solutions
0C599C	Juniper
0C5A19	Axtion Sdn Bhd
0C5A9E	Wi-SUN Alliance
0C5CD8	DOLI Elektronik
0C5F35	Niagara Video
0C6046	vivo
0C6076	Foxconn
0C6111	Anda Technologies SAC
0C6127	Actiontec
0C61CF	Texas Instruments
0C61F9	Tozed Kangwei
0C62A6	Hui Zhou Gaoshengda
0C63FC	Nanjing Signway
0C6422	Beijing Wiseasy
0C659A	Panasonic Automotive Systems Company of America
0C6714	Sernet (suzhou)
0C6743	Huawei
0C6803	Cisco
0C6825	Suzhou HYC
0C6ABC	Fiberhome Telecommunication
0C6AC4	Apple
0C6AE6	Stanley Security Solutions
0C6E4F	PrimeVOLT
0C6F8B	Apple
0C6F9C	Shaw Communications
0C7043	Sony
0C704A	Huawei
0C715D	Samsung
0C7165	Motorola
0C718C	TCT mobile
0C722C	TP-Link
0C7274	AVM (FRITZ!Box)
0C72D9	ZTE
0C72FB	Cisco
0C7329	Sercomm
0C73BE	Dongguan Haimai Electronie
0C7474	Fiberhome Telecommunication
0C74C2	Apple
0C7512	Shenzhen Kunlun TongTai
0C7523	Beijing Gehua Catv Network
0C756C	Anaren Microwave
0C75BD	Cisco
0C75D2	Hangzhou Hikvision Digital
0C771A	Apple
0C7955	Hui Zhou Gaoshengda
0C7A15	Intel
0C7BC8	Cisco Meraki
0C7C28	Nokia
0C7D7C	Kexiang Information
0C7DB0	Motorola
0C7E24	Garmin
0C7FB2	CommScope
0C802F	Murata
0C8063	TP-Link
0C8112	Private
0C8126	Juniper
0C817D	EEP Elektro-Elektronik Pranjic
0C8230	Shenzhen Magnus
0C8247	CIG Shanghai
0C8268	TP-Link
0C826A	Wuhan Huagong Genuine Optics
0C82D5	Maxio Technology Hangzhou
0C8306	Huawei
0C839A	Huawei
0C83CC	Alpha Networks
0C83F4	Canopy Works
0C8408	Huawei
0C8411	A.O. Smith Water Products
0C8447	Fiberhome Telecommunication
0C8484	Zenovia
0C84DC	Foxconn
0C8509	Tenda
0C8525	Cisco
0C85E1	Apple
0C8610	Juniper
0C86C7	Jabil Circuit (Guangzhou)
0C8772	Fujian Star-net Communication
0C882F	Frog Innovations
0C8832	Nokia
0C8910	Samsung
0C8A87	AgLogica
0C8B7D	Vizio
0C8B95	Espressif
0C8BA2	Huawei
0C8BD3	Itel Mobile
0C8BFD	Intel
0C8C24	Shenzhen Bilian Electronic Co.，ltd
0C8C69	Shenzhen elink smart
0C8C8F	Kamo
0C8CDC	Suunto
0C8D7A	RADiflow
0C8D98	TOP Eight IND
0C8DCA	Samsung
0C8DDB	Cisco Meraki
0C8E29	Arcadyan
0C8FFF	Huawei
0C9043	Realme Chongqing Mobile Telecommunications
0C9160	Hui Zhou Gaoshengda
0C9192	Intel
0C924E	Rice Lake Weighing
0C9301	PT. Prasimax Inovasi Teknologi
0C938F	OPPO
0C93A5	eero
0C93FB	BNS Solutions
0C9505	The Chamberlain
0C9515	Palltronics
0C9541	Chipsea Technologies (shenzhen)
0C96BF	Huawei
0C96CD	Mercury
0C96E6	Cloud Network Technology (Samoa)
0C975F	HPE
0C979B	Fujian Star-net Communication
0C9838	Xiaomi
0C9A3C	Intel
0C9A42	Fn-link
0C9AE6	SZ DJI
0C9B13	Shanghai Magic Mobile Telecommunication
0C9B78	Extreme Networks
0C9D56	Consort Controls
0C9D92	ASUS
0C9E91	Sankosha
0C9F71	Dolphin Electronics (DongGuan)
0CA06C	Industrial Cyber Sensing
0CA138	BLiNQ Networks
0CA280	Fn-link
0CA2F4	Chameleon Technology (UK)
0CA3B2	Apple
0CA402	Alcatel-Lucent IPD
0CA42A	OB Telecom Electronic
0CA64C	Hangzhou Ezviz Software
0CA694	Sunitec Enterprise
0CA8A7	Samsung
0CA94A	Shenzhen Skyworth Digital
0CAAEE	Ansjer
0CAC05	Unitend
0CAC8A	Sagemcom
0CAE39	Intel
0CAE5F	Silicon Laboratories
0CAE7D	Texas Instruments
0CAEBD	Edifier
0CAF31	Cisco
0CAF5A	Genus Power Infrastructures
0CB088	AITelecom
0CB2B7	Texas Instruments
0CB319	Samsung
0CB34F	Shenzhen Xiaoqi Intelligent
0CB459	Marketech
0CB4A4	Xintai Automobile Intelligent Network
0CB4EF	Digience
0CB527	Huawei
0CB5B3	Huawei
0CB5DE	Alcatel Lucent
0CB6D2	D-Link
0CB771	CommScope
0CB787	Huawei
0CB789	Honor
0CB78E	Huawei
0CB7EC	Huawei
0CB815	Espressif
0CB8E8	Renesas Electronics (Penang) Sdn. Bhd
0CB912	Jm-data
0CB937	Ubee Interactive
0CB983	Honor
0CBC35	Netis
0CBC9F	Apple
0CBD51	TCT mobile
0CBD75	OPPO
0CBEF1	Huawei
0CBF15	Genetec
0CBF3F	Shenzhen Lencotion
0CBF74	Morse Micro
0CC0C0	Magneti Marelli Sistemas Electronicos Mexico
0CC119	Shenzhen Phaten
0CC3A7	Meritec
0CC3B8	Shenzhen Jiahua Zhongli
0CC413	Google
0CC47A	Super Micro Computer
0CC47E	Eucast
0CC56C	Apple
0CC574	Fritz!
0CC655	Wuxi YSTen
0CC66A	Nokia
0CC6AC	DAGS
0CC6CC	Huawei
0CC6FD	Xiaomi
0CC731	Currant
0CC763	eero
0CC81F	Summer Infant
0CC844	Cambridge Mobile Telematics
0CC98A	Intel
0CC9C6	Samwin Hong Kong
0CCAFB	TPVision Europe
0CCB0C	iSYS RTS
0CCB85	Motorola
0CCB8D	ASCO Numatics
0CCC26	Airenetworks
0CCC5D	Apple
0CCDB4	Sichuan AI-Link
0CCDD0	China Dragon
0CCDD3	Eastriver
0CCDFB	EDIC
0CCEF6	Guizhou Fortuneship
0CCF89	Shenzhen Bilian Electronic Co.，ltd
0CCFD1	Springwave
0CD0F8	Cisco
0CD292	Intel
0CD2B5	Binatone Telecommunication Pvt
0CD3A1	Monthly Kitchen
0CD502	Westell
0CD5D3	Cisco
0CD696	Amimon
0CD6BD	Huawei
0CD746	Apple
0CD7C2	Axium
0CD86C	Shenzhen Fast
0CD923	GOCLOUD Networks(GAOKE Networks)
0CD996	Cisco
0CD9C1	Visteon
0CDA41	Hangzhou H3C
0CDBEA	Apple
0CDC7E	Espressif
0CDC91	Amazon
0CDCCC	Inala
0CDD24	Intel
0CDDEF	Nokia
0CDFA4	Samsung
0CE041	iDruide
0CE0DC	Samsung
0CE0E4	Plantronics
0CE0FC	Edgecore Americas Networking
0CE159	Shenzhen iStartek
0CE441	Apple
0CE4A0	Huawei
0CE5A1	Apple
0CE5A3	SharkNinja
0CE5B5	Huawei
0CE5D3	DH
0CE623	Huawei
0CE67C	Realme Chongqing Mobile Telecommunications
0CE709	Sentyron
0CE725	Microsoft
0CE82F	Bonfiglioli Vectron
0CE936	Elimos
0CE99A	Atls Altec
0CEA14	Ubiquiti
0CEABF	Mellanox
0CEAC9	CommScope
0CEB25	Power Plus Communications
0CEC80	Texas Instruments
0CEC84	Shenzhen TINNO Mobile
0CEC8D	Motorola
0CED71	Extreme Networks
0CEDC8	Xiaomi
0CEE20	FBC
0CEE99	Amazon
0CEEE6	Foxconn
0CEF15	TP-Link
0CEF7C	AnaCom
0CEFF6	Silicon Laboratories
0CF019	Malgn
0CF07B	Shenzhen Skyworth Digital
0CF0B4	Globalsat
0CF2F5	Sichuan AI-Link
0CF346	Xiaomi
0CF361	Java Information
0CF3EE	EM Microelectronic
0CF405	Beijing Signalway
0CF475	Zliide Technologies ApS
0CF4D5	Ruckus
0CF5A4	Cisco
0CF893	CommScope
0CF9C0	SKY UK
0CFA22	Flipper Devices
0CFC18	Huawei
0CFC83	Airoha
0CFD37	SUSE Linux
0CFE45	Sony
0CFE7B	Vantiva USA
0CFEE5	Texas Instruments
100000	Private
100020	Apple
10003B	Espressif
10005A	IBM
1000E8	National Semiconductor
1000FD	LaonPeople
100177	Huawei
1001CA	Ashley Butterworth
1002B5	Intel
1003CD	Calix
1004C1	JD Cloud Computing
100501	Pegatron
1005B1	CommScope
1005CA	Cisco
1005E1	Nokia
10061C	Espressif
100645	Sagemcom
1006ED	Cisco
10071D	Fiberhome Telecommunication
1007B6	Samsung
10082C	Texas Instruments
1008B1	Foxconn
10090C	Janome
1009F9	Amazon
100BA9	Intel
100C24	pomdevices
100C29	Shenzhen NORCO lntelligent
100C6B	Netgear
100D2F	Online Security
100D32	Embedian
100D7F	Netgear
100D8C	Huawei
100E2B	NEC CASIO Mobile Communications
100E7E	Juniper
100F18	Fu Gang Electronic(KunShan)CO
101081	ZTE
1010B6	McCain
101212	Vivo
101218	Korins
101248	ITG
101250	Integrated Device Technology (Malaysia) Sdn. Bhd
1012B4	Sichuan Tianyi Comheart Telecom
1012D0	ZTE
1012FB	Hangzhou Hikvision Digital
101331	Vantiva Technologies Belgium
1013EE	Justec
1015C1	Zhanzuo (Beijing)
1016B1	OPPO
101849	Weifang Goertek
10189E	Elmo Motion Control
101965	New H3C
101988	Mother Computer
101A92	Akebono Brake Industry
101B54	Huawei
101C0C	Apple
101D51	8Mesh Networks
101D6E	HPE
101DC0	Samsung
101EDA	Ingenico Terminals
101EF4	kiwimoore (Quzhou) Semiconductor
101F74	HP
1020BA	Espressif
102279	ZeroDesktop
102381	Barrot
102407	Huawei
1025CE	ELKA - Torantriebe GmbH u. Co. Betriebs
102779	Sadel
1027BE	TVIP
1027F5	TP-Link
102831	Morion
102834	SALZ Automation
102874	Shenzhen Jingxun
102959	Apple
1029AB	Samsung
102AB3	Xiaomi
102B1C	Motorola
102B41	Samsung
102BAA	Sagemcom
102C6B	AMPAK
102C83	XIMEA
102C8D	GD Midea Air-Conditioning Equipment
102CB1	Smart Innovation
102CEF	EMU Electronic
102D31	Shenzhen Americas Trading
102D41	Sichuan AI-Link
102D96	Looxcie
102E00	Intel
102EAF	Texas Instruments
102F6B	Microsoft
102F6E	Shenzhen Sundray
102FA3	Shenzhen Uvision-tech
102FCA	Apple
102FF8	Vicoretek (Nanjing)
103025	Apple
103034	Cara
103047	Samsung
103089	Resideo
10321D	Huawei
10322C	Murata
10327E	Huawei
103378	Flectron
1033BF	Vantiva USA
10341B	Spacelink
103597	Qorvo Utrecht
10364A	Boston Dynamics
1036AA	Vantiva - Connected Home
103711	Norbit ITS
10381F	Sichuan AI-Link
103917	Samsung
10394E	Hisense broadband multimedia
1039E9	Juniper
103A5D	Emerson
103B54	Huawei
103B59	Samsung
103C59	ZTE
103D0A	Hui Zhou Gaoshengda
103D1C	Intel
103D3E	China Mobile Group Device
103DEA	HFC Technology (Beijing)
103F44	Xiaomi
103F8C	New H3C
1040F3	Apple
104121	Tellescom Industria E Comercio EM Telecomunicacao
10417F	Apple
104210	Apple
104369	Soundmax Electronic
104400	Huawei
10445A	Shaanxi Hitech Electronic
1045BE	Norphonic
1045F8	LNT-Automation
1046B4	FormericaOE
104738	Nokia
104780	Huawei
1047E7	Shenzhen YOUHUA
1048B1	Beijing Duokan
10490E	Huawei
104963	Harting K.K
104A7D	Intel
104B46	Mitsubishi Electric
104C43	Fiberhome Telecommunication
104D15	Viaanix
104D77	Innovative Computer Engineering
104E07	Shanghai Genvision Industries
104E20	HSE Smart
104E89	Garmin
104F58	HPE
104FA8	Sony
105072	Sercomm
105107	Intel
105172	Huawei
1051DB	Espressif
10521C	Espressif
1052BD	Huawei
105403	Intarso
1055E4	Shenzhen Skyworth Digital
105611	CommScope
1056CA	Peplink
105725	Cisco
105887	Fiberhome Telecommunication
105917	Tonal
105932	Roku
105A17	Tuya Smart
105A95	TP-Link
105AF7	ADB Italia
105BAD	Mega Well
105C3B	Perma-Pipe
105CBF	DuroByte
105DDC	Huawei
105EAE	New H3C
105F02	Ruijie Networks
105F06	Actiontec
105F49	Cisco
105F81	Intentsecure
105FAD	Intel
105FD4	Tendyron
10604B	HP
1062C9	Adatis
1062D0	Vantiva USA
1062E5	HP
1062EB	D-Link
10634B	Shenzhen Mercury Communication
1063C8	Liteon
1064E2	ADFweb.com
106519	Shenzhen iComm Semiconductor
106530	Dell
1065A3	Panamax
1065CF	IQSIM
106650	Robert Bosch JuP1
10666A	Zabbly
106682	NEC Platforms
1067A3	Huawei
106838	AzureWave
10683F	LG
106F3F	Buffalo
106FD9	Cloud Network Technology Singapore PTE
106FEF	Ad-Sol Nissin
1070FD	Mellanox
107100	Huawei
1071B3	Zyxel
1071F9	Cloud Telecomputers
1071FA	OPPO
107223	Tellescom Industria E Comercio EM Telecomunicacao
1073C6	August Internet
1073EB	Infiniti Electro-Optics
10746F	Motorola
1074C5	Calix
107636	Earda
10768A	EoCell
107717	Shenzhen Chuangwei-rgb
1077B0	Fiberhome Telecommunication
1077B1	Samsung
10785B	Actiontec
107873	Shenzhen Jinkeyi Communication
1078CE	Hanvit SI
1078D2	Elitegroup Computer
107A2A	Microsoft
107A86	U&U Engineering
107B44	ASUS
107B93	Zhen Shi Information Technology (Shanghai)
107BA4	Olive & Dove
107BCE	Nokia
107BEF	Zyxel
107C61	ASUS
107D1A	Dell
107DC8	Apple
107E59	Calix
1081B4	Hunan Greatwall Galaxy Science and
10823D	Ruijie Networks
108286	Luxshare Precision Industry
1082D7	Realme Chongqing Mobile Telecommunications
108321	Yichip Microelectronics (Hangzhou)
1083B4	Sidora
1083D2	Microseven
10868C	CommScope
1086F4	Huawei
10880F	Daruma Telecomunicações e Informática
1088CE	Fiberhome Telecommunication
1088D3	Huawei
1089FB	Samsung
108A1B	Raonix
108A7B	Nokia
108B6A	Antailiye
108CCF	Cisco
108EBA	Molekule
108EE0	Samsung
108FFE	Huawei
10907D	Funshion Online
1090FA	New H3C
1090FC	Shenzhen DOOGEE Hengtong
109166	Shenzhen Yinwang Intelligent
1091A8	Espressif
1091D1	Intel
109266	Samsung
109327	Giga-byte
109397	CommScope
1093C9	Kingsignal
1093E9	Apple
109497	Logitech Hong Kong
1094BB	Apple
1094EF	Huawei
10954B	Megabyte
10961A	Chipsea Technologies (shenzhen)
10961D	NXP USA
109693	Amazon
1096C6	Cisco
1097BD	Espressif
109819	Dell
109826	Nokia
109836	Dell
10985F	Inventus Power Eletronica do Brasil LTDA
1098C3	Murata
109A93	Telink Micro
109AB9	Tosibox
109ABA	Intel
109ADD	Apple
109C70	Prusa Research s.r.o
109D7A	Huawei
109D9C	EM Microelectronic
109E3A	Zhejiang Tmall
109E6B	Apple
109F41	Apple
109F47	Shenzhen Skyworth Digital
109F4F	New H3C Intelligence Terminal
109FA9	Actiontec
10A13B	Fujikura Rubber
10A145	nexzo india pvt
10A1DA	Apple
10A24E	Gold3link
10A2D3	Apple
10A30F	Huawei
10A3B8	Iskratel d.o.o
10A450	Kwikset
10A4B9	Baidu Online Network Technology (Beijing)
10A4BE	Shenzhen Bilian Electronic Co.，ltd
10A4C9	Apple
10A4DA	Huawei
10A51D	Intel
10A562	Iton
10A5D0	Murata
10A659	Mobile Create
10A71A	Nanjing Qinheng Microelectronics
10A743	SK Mtek
10A793	Vantiva USA
10A829	Cisco
10A85B	Espressif
10A879	Intel
10A932	Beijing Cyber Cloud
10ABC9	Samsung
10AE60	Amazon
10AEA5	Duskrise
10AF78	Shenzhen ATUE
10B06E	Shenzhen Phaten
10B1DF	Cloud Network Technology Singapore PTE
10B1F8	Huawei
10B232	Qingdao Intelligent&Precise
10B26B	base
10B36F	Bowei
10B3C6	Cisco
10B3D5	Cisco
10B3D6	Cisco
10B41D	Espressif
10B588	Apple
10B65E	New H3C
10B676	HP
10B713	Private
10B7A8	CableFree Networks
10B7F6	Plastoform Industries
10B9C4	Apple
10B9F7	Niko-Servodan
10B9FE	Lika
10BA1A	Shenzhen IK World
10BAA5	Gana I&C
10BBF3	Hunan Fn-link
10BC36	Huawei
10BC97	vivo
10BD18	Cisco
10BD3A	Apple
10BD43	Robert Bosch Elektronikai Kft
10BD55	Q-Lab
10BDA3	Espressif
10BE99	Netberg
10BEF5	D-Link
10BF48	ASUS
10BF67	Amazon
10C07C	Blu-ray Disc Association
10C0D5	HOLOEYE Photonics
10C172	Huawei
10C197	Xiaomi
10C22F	China Entropy
10C25A	Vantiva USA
10C283	Suzhou Pairlink Network
10C2BA	UTT
10C34D	Shenzhen Water World
10C37B	ASUS
10C3AB	Huawei
10C4CA	HUMAX
10C586	BIO Sound LAB
10C595	Lenovo
10C5FA	Zyxel
10C60C	Domino UK
10C61F	Huawei
10C65E	Adapt-IP
10C67E	Shenzhen Juchin
10C6FC	Garmin
10C735	Microsoft
10C73F	Midas Klark Teknik
10C753	Qingdao Intelligent&Precise
10C9CA	Ace
10CA81	Precia
10CABF	Texas Instruments
10CB33	NXP Semiconductors Taiwan
10CC1B	Liverock
10CCDB	Aximum Produits Electroniques
10CD54	Huawei
10CD6E	FISYS
10CDAE	Avaya
10CDB6	Essential Products
10CE02	Amazon
10CE45	Miromico
10CEA9	Texas Instruments
10CEE9	Apple
10CF0F	Apple
10D07A	AMPAK
10D0AB	ZTE
10D1DC	INSTAR Deutschland
10D38A	Samsung
10D542	Samsung
10D561	Tuya Smart
10D657	Siemens Industrial Automation Products Ltd., Chengdu
10D680	Tendyron
10D7B0	Sagemcom
10D8B1	AUO
10D8CC	Guangzhou FiiO
10D9A2	Google
10DA43	Netgear
10DA49	Huawei
10DA63	Apple
10DBA2	Texas Instruments
10DC4A	Fiberhome Telecommunication
10DDB1	Apple
10DDF4	Maxway
10DEE4	automationNEXT
10DF8B	Shenzhen CareDear Communication
10DFFC	Siemens
10E177	CommScope
10E18E	Universal Global Scientific Industrial
10E2C9	Apple
10E2D5	Qi Hardware
10E376	Cisco
10E3C7	Seohwa Telecom
10E4AF	APR
10E4C2	Samsung
10E66B	Kaon Broadband
10E676	Cisco
10E68F	Kwangsung Electronics Korea
10E6AE	Source
10E77A	STMicrolectronics
10E7C6	HP
10E83A	Fiberx Distribuidora DE Produtos DE Telecomunicacao Ltda
10E840	Zowee Technology(heyuan)
10E864	Nucode
10E878	Nokia
10E8A7	WNC
10E8EE	PhaseSpace
10E953	Huawei
10E992	Ingram Micro Services
10EA59	Cisco
10EC81	Samsung
10EDC8	NXP Semiconductors Taiwan
10EED9	Canoga Perkins
10F005	Intel
10F068	Ruckus
10F163	TNK
10F1C7	Tachyon Networks
10F1F2	LG
10F311	Cisco
10F3DB	Gridco
10F49A	T3 Innovation
10F605	Realme Chongqing Mobile Telecommunications
10F60A	Intel
10F681	vivo
10F920	Cisco
10F96F	LG
10F9EB	Industria Fueguina de Relojería Electrónica
10F9EE	Nokia
10FACE	Reacheng Communication
10FBF0	KangSheng
10FC33	Huawei
10FC54	Shany Electronic
10FCB6	mirusystems
10FEED	TP-Link
10FFE0	Giga-byte
1100AA	Private
111111	Private
140020	LongSung Technology (Shanghai)
14007D	ZTE
1400E9	Mitel Networks
140152	Samsung
14019C	Ubyon
1402EC	HPE
140338	Huawei
140467	SNK
140498	Apple
140589	Motorola
14064C	Vogl Electronic
1406A7	Cresyn
140708	CP Plus
1407E0	Abrantix
140805	SKY UK
140808	Espressif
1409B4	ZTE
1409DC	Huawei
140A02	Shenzhen Bilian Electronic Co.，ltd
140A29	Tiinlab
140AC5	Amazon
140B9E	Samsung
140C5B	PLNetworks
140C76	Freebox
140D4F	Flextronics
140F42	Nokia
140FA6	Renesas Electronics (Penang) Sdn. Bhd
14109F	Apple
141114	Tecno Mobile
14115D	Skyworth Digital Technology(Shenzhen)
14130B	Garmin
141330	Anakreon UK LLP
141333	AzureWave
141346	Skyworth Digital Technology(Shenzhen)
141357	ATP
1413FB	Huawei
141416	Hui Zhou Gaoshengda
14144B	Ruijie Networks
141459	Vodafone Italia
14147D	Apple
1414E6	Ningbo Sanhe Digital
14157C	Tokyo Cosmos Electric
14169D	Cisco
14169E	Wingtech Group (HongKong）Limited
14172A	Fiberhome Telecommunication
141826	Nokia
141844	Xenon Smart Teknoloji
141877	Dell
1418C3	Intel
141923	Cisco
141973	Beijing Yunyi Times
141A51	Treetech Sistemas Digitais
141A97	Apple
141AA3	Motorola
141AAA	Metal Work
141B30	Shenzhen Yipingfang Network
141BA0	Apple
141BBD	Volex
141BF0	Intellimedia
141F78	Samsung
142004	ZTE
14205E	Apple
142103	Calix
142233	Fiberhome Telecommunication
14223B	Google
1422DB	eero
14230A	Huawei
1423D7	Eutronix
1423F2	Broadcom
1423F3	Broadcom
142475	4DReplay
142720	Bosch Rexroth (Changzhou)
142876	Apple
142882	Midicom
142971	Nemoa Electronics (hk)
142A14	ShenZhen Selenview Digital
142B2F	Espressif
142BD2	Armtel
142BD6	Guangdong Appscomm
142C78	GooWi Wireless
142D27	Foxconn
142D41	Silicon Laboratories
142D4D	Apple
142D79	Fiberhome Telecommunication
142D8B	Incipio
142DF5	Amphitech
142E43	Hisense broadband multimedia
142E5E	Sercomm
142FFD	LT Security
143004	Huawei
14307A	Avermetrics
1430C6	Motorola
1432D1	Samsung
14335C	Espressif
143365	TEM Mobile
143375	Zyxel
1434F6	LV Solution Sdn. BHD
14358B	Mediabridge Products
1435B3	Future Designs
1435B7	Apple
143605	Nokia
14360E	Zyxel
1436C6	Lenovo
143719	PT Prakarsa Visi Valutama
14373B	Procom
14375E	Symbotic
1438FA	Motorola
14392F	LEAR
143A9A	Foxconn
143AEA	Dynapower
143B42	Realfit(Shenzhen) Intelligent
143B51	Huawei
143CC3	Huawei
143DF2	Beijing Shidai Hongyuan Network Communication
143E60	Nokia
143EBF	ZTE
143EC2	Intel
143F27	Noccela
143FA6	Sony
143FC3	SnapAV
144146	Honeywell (China)
1441E2	Monaco Enterprises
1442FC	Texas Instruments
144319	Creative&Link
14444A	Apollo Seiko
14448F	Edgecore Networks
144658	Huawei
1446E4	Avistel
14472D	OPPO
144802	THE Yeolrim
14488B	Shenzhen Doov
144920	Huawei
144978	Digital Control
1449BC	DrayTek
1449C5	Huawei
1449D4	Xiaomi
1449E0	Samsung
144C1A	Max Communication
144CFF	Grandstream Networks
144D67	Zioncom Electronics (Shenzhen)
144E2A	Ciena
144E34	Remote Solution
144F8A	Intel
144FF0	NXP Semiconductors Taiwan
145051	SHARP
145120	Huawei
14517E	New H3C
145290	KNS Group LLC (YADRO Company)
145412	Entis
145594	Huawei
1455B9	Nokia
14563A	Huawei
145645	Savitech
14568E	Samsung
145790	Qingdao Haier
14579F	Huawei
145808	Taicang T&W
1458D0	HP
1459C0	Netgear
1459C3	Creative Chips
145A05	Apple
145A41	Cloud Network Technology Singapore PTE
145A83	Logi-D
145AFC	Liteon
145BB9	ConMet
145BD1	CommScope
145BE1	nyantec
145D34	Shenzhen Bilian Electronic Co.，ltd
145E45	Bamboo
145E69	OPPO
145EBC	Huawei
145F94	Huawei
146080	ZTE
1460CB	Apple
146102	Alps Alpine
14612F	Avaya
1461A4	Honor
146308	Jabil Circuit (shanghai)
146393	Espressif
14656A	Huawei
1466B7	Advanced Design
1469A2	Sichuan Tianyi Comheart Telecom
146A0B	Cypress
146B72	Shenzhen Fortune Ship
146B9A	ZTE
146B9C	Shenzhen Bilian Electronic Co.，ltd
146C27	Dongguan Liesheng Electronic
146E0A	Private
147057	Shennan Circuits
147373	Tubitak Uekae
147411	RIM
14755B	Intel
147590	TP-Link
1475E5	ELMAX
147649	HPE
147740	Huawei
14780B	Varex Imaging Deutschland
147830	Nvidia
1479F3	China Mobile Group Device
147AE4	Apple
147BAC	Nokia
147D05	Sercomm
147DB3	JOA Telecom
147DC5	Murata
147DDA	Apple
147E19	HPE
147EA1	Britania Eletrônicos
147F0F	Texas Instruments
147F67	LG
147FCE	Apple
14801F	Sunnovo
1480CC	Quectel Wireless Solutions
148121	TOP Wing
14825B	Hefei Radio Communication
148430	Mitac Computing
148473	Cisco
148477	New H3C
148501	Rivos
148509	Apple
148554	Earda
14857F	Intel
148692	TP-Link
14876A	Apple
1488E6	Apple
148919	2bps
14893E	Vixtel Technologies Limted
1489CB	Huawei
1489FD	Samsung
148A70	ADS
148C4A	Huawei
148F21	Garmin
148F34	Tecno Mobile
148F79	Apple
148FC6	Apple
14907A	Xiaomi
149090	KongTop industrial(shen zhen)CO
149138	Amazon
149182	Belkin
1492AA	Earda
1492F9	Sichuan AI-Link
149346	PNI sensor
14942F	USYS
149448	BLU Castle
14946C	Apple
149569	Shenzhen iComm Semiconductor
1495CE	Apple
14962D	New H3C
1496E5	Samsung
149877	Apple
14987D	Vantiva USA
14993E	Xiaomi
1499E2	Apple
149A10	Microsoft
149AA3	Huawei
149B2F	JiangSu ZhongXie Intelligent
149BD7	Muli Muwai Furniture Qidong
149BF3	OPPO
149CEF	Texas Instruments
149D09	Huawei
149D99	Apple
149DB0	Cloud Network Technology Singapore PTE
149E5D	JSC "IB Reform"
149ECF	Dell
149F3C	Samsung
149F43	Cisco Meraki
149FB6	Guangdong Genius
149FE8	Lenovo
14A0F8	Huawei
14A1BF	ASSA ABLOY Korea Co., Ltd Unilock
14A1DF	China Mobile Group Device
14A2A0	Cisco
14A32F	Huawei
14A364	Samsung
14A3B4	Huawei
14A417	Shenzhen Belon
14A454	Juniper Mist
14A51A	Huawei
14A62C	S.M. Dezac
14A6B9	Samsung
14A72B	currentoptronics Pvt
14A78B	Zhejiang Dahua
14A86B	ShenZhen Telacom Science&Technology
14A9D0	F5
14A9E3	MST
14AB02	Huawei
14AB56	Wuxi Funide Digital
14ABC5	Intel
14ABEC	HPE
14ABF0	CommScope
14AC60	Cloud Network Technology Singapore PTE
14ADCA	China Mobile Iot
14AE68	KLG Smartec
14AEDB	VTech Telecommunications
14AEE0	Ethernexion Networks PTE
14B126	Industrial Software
14B1C8	InfiniWing
14B2E5	Shenzhen iComm Semiconductor
14B31F	Dell
14B370	Gigaset Digital Technology (Shenzhen)
14B3A1	Juniper
14B457	Silicon Laboratories
14B484	Samsung
14B5CD	Liteon
14B653	Apple
14B6EB	CJ intelligent
14B73D	Archean
14B7F8	Vantiva USA
14B837	Shenzhen YOUHUA
14B903	Huawei
14B968	Huawei
14BA88	Zhejiang Uniview
14BAA2	Extreme Networks
14BAAF	BKS
14BB6E	Samsung
14BBCC	Texas Instruments
14BC68	Cisco
14BD61	Apple
14BEFC	Nanjing Jiahao
14C03E	CommScope
14C050	Guangdong Genius
14C089	Dune HD
14C0A1	UCloud
14C126	Nokia
14C14E	Google
14C19F	Espressif
14C1FF	ShenZhen QianHai Comlan communication
14C213	Apple
14C21D	Sabtech Industries
14C24D	ATW
14C35E	FibRSol Global Network
14C3C2	K.A. Schmersal
14C67D	Vizio
14C697	OPPO
14C7C4	Zyxel
14C88B	Apple
14C913	LG
14C9CF	Sigmastar
14CA56	ZTE
14CAA0	Hu&Co
14CB19	HP
14CB49	Habolink
14CB65	Microsoft
14CC20	TP-Link
14CCB3	AO "GK Nateks"
14CF8D	Ohsung
14CF92	TP-Link
14CFE2	CommScope
14D00D	Apple
14D11F	Huawei
14D169	Huawei
14D19E	Apple
14D1D4	Huawei
14D424	AzureWave
14D4FE	CommScope
14D537	All Inspire Health
14D55C	Apple
14D5C6	slash dev slash agents
14D64D	D-Link
14D67C	Uncord Technologies Private
14D725	Barrot
14D76E	Conch Electronic
14D864	TP-Link
14D881	Xiaomi
14DAB9	Huawei
14DAE9	ASUS
14DB85	S NET Media
14DC51	Xiamen Cheerzing IOT
14DCE2	THALES AVS France
14DD02	Liangang Optoelectronic
14DD48	Shield AI
14DD9C	vivo
14DDA9	ASUS
14DDE5	Mpmkvvcl
14DE39	Huawei
14E01D	Samsung
14E1C9	Silicon Laboratories
14E22A	Cisco
14E289	Abietec
14E4EC	mLogic
14E602	Shenzhen EMTEK Storage
14E6E4	TP-Link
14E7C8	Integrated Device Technology (Malaysia) Sdn. Bhd
14E9B2	Fiberhome Telecommunication
14EA63	Hui Zhou Gaoshengda
14EAA1	Micronet union Technology (chengdu)
14EB03	Shenzhen Ip-com Networks
14EB08	Huawei
14EB33	BSMediasoft
14EBB6	TP-Link
14EDA5	Wächter GmbH Sicherheitssysteme
14EDBB	2Wire
14EDE4	Kaiam
14EE9D	AirNav
14EFCF	Schreder
14F0C5	Xtremio
14F287	Apple
14F28E	ShenYang ZhongKe-Allwin
14F42A	Samsung
14F592	Shenzhen SDG DONZHI
14F5F9	Hunan Fn-link
14F65A	Xiaomi
14F6D8	Intel
14F893	Wuhan FiberHome Digital
14FB70	Huawei
14FEAF	Sagittar
14FEB5	Dell
18002D	Sony
1800DB	Fitbit
18017D	Harbin Arteor
1801E3	Bittium Wireless
1801F1	Xiaomi
18022D	Huawei
1802AE	vivo
180373	Dell
1803FA	IBT Interfaces
180403	vivo
1804ED	Texas Instruments
180675	Dilax Intelcom
1806F5	RAD Data Communications
1806FF	Acer Computer(Shanghai)
180712	Shenzhen Dazoo
180B1B	Amazon
180B52	Nanotron
180BD0	Huawei
180C14	iSonea
180C77	Westinghouse Electric
180C7A	Sagemcom
180CAC	CANON
180D2C	Intelbras
180DF9	Silicon Laboratories
180EAC	Shenzhen Fast
180F76	D-Link
18104E	Cedint-upm
181171	Guangzhou Doctorpai Education
18120C	Zhouhai Intelligence(Shenzhen)
181212	Cepton
18132D	ZTE
181420	TEB
181454	CIG Shanghai
181456	Nokia
18146C	Zhejiang Tmall
1814AE	Nokia
1814F4	Texas Instruments
181628	SharkNinja Operating
1816C9	Samsung
1816E8	Siliconware Precision Industries
181714	Daewoois
181725	Cameo Communications
18188B	FCNT
18193F	Tamtron
1819D6	Samsung
181BEB	Actiontec
181DEA	Intel
181E78	Sagemcom
181E95	AuVerte
181EB0	Samsung
182012	Aztech Associates
182032	Apple
18204C	Kummler+Matter
1820A6	Sage
1820D5	CommScope
182195	Samsung
18227E	Samsung
182439	Yippee Electronics CP
182649	Intel
182654	Samsung
182666	Samsung
182861	AirTies Wireless Networks
182A44	Hirose Electronic System
182A57	Huawei
182A7B	Nintendo
182AD3	Juniper
182B05	8D
182C65	Texas Instruments
182C91	Concept Development
182CA9	DASAN Networks
182CB4	Nectarsoft
182D98	Jinwoo Industrial system
182DF7	JY
183009	Woojin Industrial
18300C	Hisense Electric
18314F	Aidin Robotics
1831BF	ASUS
183219	EM Microelectronic
1832A2	LAON
1832DE	Apple
183386	Huawei
18339D	Cisco
183451	Apple
1834AF	Kaon
1835D1	CommScope
183672	Shaoxing ShunChuang
1836FC	Elecsys
183825	Wuhan Lingjiu High-tech
183864	Cap-tech
1838AE	Conspin Solution
183919	Unicoi
18396E	Sunsea Telecommunications
18399C	Skorpios
183A2D	Samsung
183A48	VostroNet
183BD2	BYD Precision Manufacture
183C98	Shenzhen Hengyi
183CB7	Huawei
183D2D	LCFC(Hefei)
183D5E	Huawei
183DA2	Intel
183EEF	Apple
183F47	Samsung
183F70	Apple
1840A4	Shenzhen Trylong Smart Science and
1841C3	GD Midea Air-Conditioning Equipment
1841FE	KATIM
18421D	Private
18422F	Alcatel Lucent
1842D4	Wuhan Hosan Telecommunication
184462	Riava Networks
1844CF	B+L Industrial Measurements
1844E6	ZTE
184516	Texas Instruments
184593	Taicang T&W
184617	Samsung
184644	Home Control Singapore Pte
18473D	Chongqing Fugui
184859	Castlenet
1848BE	Amazon
1848CA	Murata
1848D8	Fastback Networks
1849F8	Extreme Networks
184A53	Apple
184A6F	Alcatel-Lucent Shanghai Bell
184B0D	Ruckus
184BDF	Caavo
184C08	Rockwell Automation
184CAE	AUMOVIO France S.A.S
184E03	HMD Global
184E16	Samsung
184E94	Messoa
184ECB	Samsung
184F32	Foxconn
184F43	Unionman
184F5D	Japan Radio
18502A	Soarnex
185073	Tianjin HuaLai
185111	Universal
185207	Sichuan Tianyi Comheart Telecom
18523D	Xiamen Jiwu
185253	Pixord
185282	Fiberhome Telecommunication
185345	Nokia
1853E0	Hanyang Digitech
1854CF	Samsung
18550F	Cisco
1855E3	Apple
185644	Huawei
185680	Intel
1856C3	Apple
185869	Sailer Electronic
185880	Arcadyan
185933	Cisco
185936	Xiaomi
1859F5	Cisco
185A58	Dell
185AE8	Zenotech
185B00	Nokia
185BB3	Samsung
185CA1	Jiangxi Risound
185D6F	N3com
185D9A	BobjGear
185E0B	ZTE
185E0F	Intel
185F27	Motorola
186024	HP
186041	Arcadyan
1861C7	lemonbeat
18622C	Sagemcom
1862E4	Texas Instruments
186472	HPE
186571	Top Victory Electronics (Taiwan)
186590	Apple
1865C7	Dongguan YIMO
1866C7	Shenzhen Libre
1866DA	Dell
1866E3	Veros
1866F0	Jupiter
18673F	Hanover Displays
186751	KOMEG Industrielle Messtechnik
1867B0	Samsung
18686A	ZTE
186882	Beward R&D
1868CB	Hangzhou Hikvision Digital
18690A	Silicon Laboratories
186945	TP-Link
1869D4	Samsung
1869D8	Tuya Smart
1869DA	China Mobile Group Device
186A81	Sagemcom
186BE2	Lylink
186C60	Jifeline Networks
186D99	Adanis
186F2D	Shenzhen Sundray
186FA7	Tenda
18703B	Huawei
187117	eta plus electronic
1871D5	Hazens Automotive Electronics(SZ)Co
18742E	Amazon
187532	Sichuan Tianyi Comheart Telecom
187758	Audoo Limited (UK)
1878D4	Verizon
1879A2	GMJ Electric
1879FD	ZTE
187A3B	HPE
187A3E	Silicon Laboratories
187A93	Amiccom
187C0B	Ruckus
187C81	Valeo Vision
187CAA	China Mobile Group Device
187E20	Fujian Star-net Communication
187EB9	Apple
187ED5	shenzhen kaism
187F88	Ring
188025	Hangzhou Hikvision Digital
188090	Cisco
1880CE	Barberry Solutions
1880F5	Alcatel-Lucent Shanghai Bell
18810E	Apple
1881ED	Teracom Telematica
188219	Alibaba Cloud Computing
18828C	Arcadyan
188331	Samsung
1883BF	Arcadyan
188410	CoreTrust
1884C1	Guangzhou Shiyuan Electronic
188637	Ingram Micro Services
18863A	Digital ART System
1886AC	Nokia
1886C3	Nokia
188740	Xiaomi
188796	HTC
188857	Beijing Jinhong Xi-Dian Information
18895B	Samsung
1889A0	Funshion Online
1889CF	Tecno Mobile
1889DF	Omnivision
188A6A	AVPro Global Hldgs
188AF1	Ledvance
188B0E	Espressif
188B15	ShenZhen ZhongRuiJing
188B45	Cisco
188B9D	Cisco
188ED5	TP Vision Belgium N.V. - innovation site Brugge
188EF9	G2C
189024	Astera LED
189067	Shenzhen Jingxun
189088	eero
1890D8	Sagemcom
18922C	Virtual Instruments
1892A4	Ciena
189341	Intel
18937F	AMPAK
1893D7	Texas Instruments
1894A3	Wistron Service(Kunshan)
1894C6	ShenZhen Chenyee
189552	1MORE
189578	DENSO
189677	Annapurna labs
1897F1	KOSTAL (Shanghai) Management
1897FF	TechFaith Wireless
1899F5	Sichuan Changhong Electric
189A67	CSE-Servelec
189C27	CommScope
189C2C	Dongguan Huayin Electronic
189C5D	Cisco
189CE1	Arista Networks
189E2C	Huawei
189E2D	Allwinner
189EAD	Shenzhen Chengqian Information
189EFC	Apple
18A084	Apple
18A28A	Essel-T
18A3E8	Fiberhome Telecommunication
18A4A9	Vanu
18A5FF	Arcadyan
18A6F7	TP-Link
18A788	Shenzhen MEK Intellisys Pte
18A7F1	Qingdao Haier
18A905	HP
18A958	Provision Thai
18A99B	Dell
18A9A6	Nebra
18A9ED	eero
18AA0F	Huawei
18AA1E	Shenzhen Skyworth Digital
18AA45	Fon
18AACA	Sichuan tianyi kanghe communications
18AB1D	Samsung
18ABF5	Ultra Electronics Electrics
18AC9E	Itel Mobile
18ACC2	TCL King Electrical Appliances(Huizhou)Co
18AD4D	Polostar
18AEBB	Siemens Convergence Creators GmbH&Co
18AF61	Apple
18AF8F	Apple
18AF9F	DIGITRONIC Automationsanlagen
18AFA1	Shenzhen Yifang Network
18B0A4	ZTE
18B169	Sonicwall
18B185	Qiao Information Technology (Zhengzhou)
18B209	Torrey Pines Logic
18B3BA	Netlogic
18B430	Google Nest
18B4FE	Tozed Kangwei
18B591	I-Storm
18B657	Huawei
18B6CC	We
18B6F7	NEW POS
18B79E	Invoxia
18B81F	CommScope
18B83D	Samsung
18B842	Apple
18B905	Hong Kong Bouffalo Lab
18B96E	Dongguan Liesheng Electronic
18BB1C	Huawei
18BB26	Fn-link
18BB41	Huawei
18BC57	ADVA Optical Networking
18BC5A	Zhejiang Tmall
18BDAD	L-tech
18BE92	Delta Networks
18BF1C	Jiangsu Huitong
18BFB3	Samsung
18C007	Huawei
18C009	New H3C
18C04D	Giga-byte
18C086	Broadcom
18C19D	Integrated Device Technology (Malaysia) Sdn. Bhd
18C1E2	Qolsys
18C23C	Lumi United
18C241	SonicWall
18C293	Ezurio
18C2BF	Buffalo
18C300	Nokia
18C451	Tucson Embedded
18C501	Shenzhen Gongjin Electronics Co.,lt
18C58A	Huawei
18C8E7	Shenzhen Hualistone
18CAA7	ZTE
18CC18	Intel
18CC23	Philio
18CC88	Hitachi Global Life Solutions
18CE94	Samsung
18CEDF	Quectel Wireless Solutions
18CF24	Huawei
18CF5E	Liteon
18D071	DASAN
18D0C5	OPPO
18D0E1	Mellanox
18D225	Fiberhome Telecommunication
18D276	Huawei
18D3CF	HPE
18D5B6	SMG
18D61C	Shenzhen TINNO Mobile
18D66A	Inmarsat
18D6C7	TP-Link
18D6CF	Kurth Electronic
18D6DD	Huawei
18D717	OPPO
18D949	Qvis Labs
18D98F	Huawei
18D9EF	Shuttle
18DB88	HPE
18DBF2	Dell
18DC12	Silicon Laboratories
18DC56	Yulong Computer Telecommunication Scientific (Shenzhen)
18DE50	Tuya Smart
18DED7	Huawei
18DF26	Ingram Micro Services
18DFB4	Bosung Powertec
18DFC1	Aetheros
18E1CA	wanze
18E1DE	Chengdu ChipIntelli
18E204	Beijing Coolshark
18E215	Nokia
18E288	STT Condigi
18E29F	vivo
18E2C2	Samsung
18E3BC	TCT mobile
18E671	Apple
18E728	Cisco
18E777	vivo
18E7B0	Apple
18E7F4	Apple
18E80F	Viking
18E829	Ubiquiti
18E83B	Citadel Wallet
18E8DD	Moduletek
18E8EC	STMicrolectronics
18E91D	Huawei
18EBD4	Shenzhen Skyworth Digital
18ECE7	Buffalo
18EE69	Apple
18EE86	Inseego Wireless
18EF3A	Sichuan AI-Link
18EF63	Cisco
18EFC0	Sercomm
18F055	Nanjing Qinheng Microelectronics
18F0E4	Xiaomi
18F145	NetComm Wireless
18F18E	ChipER
18F1D8	Apple
18F22C	TP-Link
18F292	Shannon
18F3C2	Ebot Digital Technoloy
18F46A	Foxconn
18F46B	Telenor Connexion
18F58B	GlobalReach Technology EMEA
18F643	Apple
18F650	Multimedia Pacific
18F697	Axiom Memory Solutions
18F76B	Zhejiang Winsight
18F7F6	Ericsson
18F87A	i3
18F87F	Wha Yu Industrial
18F935	Cisco
18F9C4	BAE
18FA6F	ISC applied
18FAB7	Apple
18FB7B	Dell
18FB8E	VusionGroup
18FC26	Qorvo International Pte
18FC9F	Changhe
18FD00	Marelli
18FD74	Routerboard.com
18FE34	Espressif
18FF0F	Intel
18FF2E	Shenzhen Rui Ying Da
1C0042	NARI
1C012D	Ficer
1C0219	OPPO
1C0460	NXP Semiconductors Taiwan
1C05B7	Chongqing Trantor
1C0656	IDY
1C08C1	LG
1C0B52	Epicom
1C0B8B	Ubiquiti
1C0D7D	Apple
1C0EAF	Huawei
1C0EC2	Apple
1C0ED3	Sichuan Tianyi Comheart Telecom
1C0FAF	Lucid Vision Labs
1C0FCF	Sypro Optics
1C112F	vivo
1C1161	Ciena
1C11E1	Wartsila Finland
1C129D	Ieee PES Psrc/sub
1C12B0	Amazon
1C1338	Kimball
1C1386	Huawei
1C13FA	Huawei
1C1448	CommScope
1C14B3	Airwire
1C151F	Huawei
1C17D3	Cisco
1C184A	ShenZhen RicherLink
1C19DE	eyevis
1C1A1B	Shanghai Sunmi
1C1AC0	Apple
1C1ADF	Microsoft
1C1B0D	Giga-byte
1C1B68	CommScope
1C1BB5	Intel
1C1CFD	Dalian Hi-Think Computer
1C1D67	Huawei
1C1D86	Cisco
1C1DD3	Apple
1C1E38	PCCW Global
1C1EE3	Hui Zhou Gaoshengda
1C1FD4	LifeBEAM
1C1FF1	Huawei
1C20DB	Huawei
1C2156	Smappee
1C2226	Cisco
1C2285	Serrature Meroni
1C232C	Samsung
1C234F	EDMI Europe
1C23A2	Fritz!
1C24CD	Askey Computer
1C24EB	Burlywood
1C2575	Xiaomi
1C25E1	China Mobile IOT
1C2704	ZTE
1C27DD	Datang Gohighsec(zhejiang)Information
1C28AF	HPE
1C2904	Espressif
1C2A8B	Nokia
1C2AA3	Shenzhen HongRui Optical
1C2AB0	Xiaomi
1C2CE0	Shanghai Mountain View Silicon
1C2D60	Extreme Networks
1C2E1B	Suzhou Tremenet Communication
1C2FA2	Guangzhou Shiyuan Electronic
1C3003	HPE
1C3008	Hui Zhou Gaoshengda
1C3283	COMTTI Intelligent Technology(Shenzhen)
1C32AC	Huawei
1C330E	PernixData
1C334D	ITS Telecom
1C3477	Innovation Wireless
1C34DA	Mellanox
1C34F1	Silicon Laboratories
1C3576	Samsung
1C35F1	NEW Lift Neue Elektronische Wege Steuerungsbau
1C36BB	Apple
1C37BF	Cloudium
1C3929	Ohsung
1C3947	Compal Information (kunshan)
1C398A	Fiberhome Telecommunication
1C3A4F	AccuSpec
1C3A60	Ruckus
1C3ADE	Samsung
1C3B01	Shanghai Xiaodu
1C3B62	HMD Global
1C3B8F	Selve
1C3BF3	TP-Link
1C3C78	Apple
1C3CD4	Huawei
1C3D2F	Huawei
1C3DE7	Sigma Koki
1C3E84	Foxconn
1C4024	Dell
1C40E8	Shenzhen Progress&win
1C4158	Gemalto M2M
1C4176	China Mobile Group Device
1C4190	Universal
1C427D	OPPO
1C42B8	Taicang T&W
1C42C2	Huawei
1C4363	Huawei
1C43EC	Japan Circuit
1C4419	TP-Link
1C4455	Sieb & Meyer
1C4586	Nintendo
1C4593	Texas Instruments
1C45C2	Huizhou City Sunsin lntelligent
1C46D1	SKY UK
1C472F	Huawei
1C47F6	Zhidao Network Technology(Shenzhen)
1C4840	IMS Messsysteme
1C48CE	OPPO
1C48F9	GN Netcom
1C497B	Gemtek
1C4A3B	Accton
1C4AF7	AMON
1C4BB9	SMG Enterprise
1C4BD6	AzureWave
1C4C27	World WLAN Application Alliance
1C4C48	Itel Mobile
1C4D66	Amazon
1C4D70	Intel
1C4D89	Hangzhou Huacheng Network
1C4EA2	Shenzhen V-Link
1C501E	Sunplus
1C51B5	Techaya
1C5216	Dongguan Hele
1C52A7	Coram AI
1C52D6	Flat Display
1C53F9	Google
1C549E	Universal
1C54E6	Shenzhen Yisheng
1C553A	QianGua
1C568E	Zioncom Electronics (Shenzhen)
1C56FE	Motorola
1C573E	Altice Labs
1C57D8	Kraftway
1C57DC	Apple
1C599B	Huawei
1C5A0B	Tegile
1C5A3E	Samsung
1C5A6B	Philips Electronics Nederland
1C5BA2	HP Globales Mexico
1C5C55	PRIMA Cinema
1C5C60	Shenzhen Belzon
1C5CF2	Apple
1C5D80	Mitubishi Hitachi Power Systems Industries
1C5EE6	Shenzhen Twowing
1C5F2B	D-Link
1C5FFF	Beijing Ereneben Information Technology Co.,Ltd Shenzhen Branch
1C6066	Tejas Networks
1C60D2	Fiberhome Telecommunication
1C60DE	Mercury Communication
1C61B4	TP-Link
1C61BF	Apple
1C627E	Huawei
1C62B8	Samsung
1C6349	Texas Instruments
1C63A5	securityplatform
1C63B7	OpenProducts 237
1C63BF	Shenzhen Broadtel Telecom
1C6499	Comtrend
1C64F0	Motorola
1C659D	Liteon
1C666D	Foxconn
1C66AA	Samsung
1C674A	ZTE
1C6758	Huawei
1C6760	Phonesuite
1C687E	Shenzhen Qihu Intelligent
1C6920	Espressif
1C6932	Hisense Home Appliances Group Co., Ltd. Qingdao Branch
1C697A	EliteGroup Computer
1C69A5	BlackBerry RTS
1C6A1B	Ubiquiti
1C6A76	Apple
1C6A7A	Cisco
1C6BCA	Mitsunami
1C6E4C	Logistic Service & Engineering
1C6E74	EnOcean Edge
1C6E76	Quarion
1C6EE6	Nhnetworks
1C6F65	Giga-byte
1C7022	Murata
1C7055	Huawei
1C70C9	Jiangsu Aisida Electronic
1C7125	Apple
1C7126	snom
1C721D	Dell
1C7328	Connected Home
1C7370	Neotech
1C73E2	Huawei
1C740D	Zyxel
1C7508	Compal Information (kunshan)
1C76CA	Terasic
1C76F2	Samsung
1C7754	Apple
1C77F6	OPPO
1C7839	Shenzhen Tencent Computer System
1C784B	Bouffalo Lab (Nanjing)
1C784E	China Mobile Iot
1C792D	China Dragon
1C7A43	vivo
1C7ACF	vivo
1C7B21	Sony
1C7B23	Qingdao Hisense Communications
1C7C11	EID
1C7C45	Vitek Industrial Video Products
1C7C98	NEC Platforms
1C7CC7	Coriant
1C7D22	FUJIFILM Business Innovation
1C7D51	Hanshow
1C7E51	3bumen.com
1C7EE5	D-Link
1C7F2C	Huawei
1C8341	Hefei Bitland Information
1C83B0	Linked IP
1C83EC	Ubee Interactive
1C8464	Formosa Wireless Communication
1C84A6	Cisco
1C860B	Guangdong Taiying
1C8682	Apple
1C869A	Samsung
1C86AD	MCT
1C872C	ASUS
1C87E3	Tecno Mobile
1C880C	Shenzhen Skyworth Digital
1C8B76	Calix
1C8B84	Espressif
1C8BEF	Xiaomi
1C8C6E	Arista Networks
1C8E2A	Apple
1C8E5C	Huawei
1C8E8E	DB Communication
1C8EE6	Vtech Telecommunications
1C8F57	Espressif
1C8F8A	Phase Motion Control
1C90BE	Ericsson
1C90FF	Tuya Smart
1C9148	Apple
1C9179	Integrated System
1C9180	Apple
1C919D	Dongguan Liesheng Electronic
1C937C	CommScope
1C93C4	Amazon
1C9468	New H3C
1C9492	RUAG Schweiz
1C955D	I-LAX
1C959F	Veethree Electronics And Marine
1C965A	Weifang Goertek
1C973D	PRICOM Design
1C97C5	Ynomia
1C97FB	CoolBitX
1C984B	Extreme Networks
1C98C1	Cloud Network Technology Singapore PTE
1C98EC	HPE
1C994C	Murata
1C9957	Intel
1C99DB	Huawei
1C9C26	Zoovel
1C9C8C	Juniper
1C9D3E	Integrated Device Technology (Malaysia) Sdn. Bhd
1C9D72	Vantiva USA
1C9DC2	Espressif
1C9E46	Apple
1C9ECB	Beijing Nari Smartchip Microelectronics
1C9ECC	Vantiva USA
1C9F4E	Coosea Group (hk)
1CA0B8	Foxconn
1CA2B1	ruwido austria
1CA410	Amlogic
1CA532	Shenzhen Gongjin Electronics Co.,lt
1CA681	Huawei
1CA770	Shenzhen Chuangwei-rgb
1CA852	Sensaio PTE
1CAA07	Cisco
1CAB01	Innovolt
1CAB34	New H3C
1CAB48	Tecno Mobile
1CABA7	Apple
1CABC0	Hitron
1CADD1	Bosung
1CAECB	Huawei
1CAF05	Samsung
1CAF4A	Samsung
1CAFF7	D-Link
1CB044	Askey Computer
1CB094	HTC
1CB17F	NEC Platforms
1CB243	TDC
1CB3C9	Apple
1CB3E9	Shenzhen Zhongke United Communication
1CB46C	Huawei
1CB72C	ASUS
1CB796	Huawei
1CB857	Becon
1CB8BA	Xiamen Leelen
1CB9C4	Ruckus
1CBA8C	Texas Instruments
1CBAB8	vivo
1CBBA8	OJSC "Ufimskiy Zavod "Promsvyaz"
1CBCEC	silex
1CBD0E	Amplified Engineering
1CBDB9	D-Link
1CBFC0	Chongqing Fugui
1CBFCE	Shenzhen Century Xinyang
1CC035	Planex Communications
1CC089	Silicon Laboratories
1CC10C	Intel
1CC11A	Wavetronix
1CC1BC	Yichip Microelectronics (Hangzhou)
1CC1DE	HP
1CC212	Fortinet
1CC316	Xiamen Milesight IoT
1CC3AB	Espressif
1CC3EB	OPPO
1CC586	Absolute Acoustics
1CC63C	Arcadyan
1CC72D	Shenzhen Huapu Digital
1CC8C1	HongKong YiTong
1CC992	Honor
1CCA41	AO
1CCB99	TCT mobile
1CCCD6	Xiaomi
1CCDE5	Shanghai Wind
1CCE51	AzureWave
1CCF82	Palo Alto Networks
1CD107	Realme Chongqing Mobile Telecommunications
1CD11A	Fortinet
1CD1BA	Fiberhome Telecommunication
1CD1D7	Hangzhou BroadLink
1CD1E0	Cisco
1CD21E	Juniper
1CD3AF	LG
1CD40C	Kriwan Industrie-Elektronik
1CD5E2	Shenzhen YOUHUA
1CD6BD	Leedarson Lighting
1CD6BE	WNC
1CDA27	vivo
1CDBD4	Espressif
1CDDEA	OPPO
1CDE57	Fiberhome Telecommunication
1CDEA7	Cisco
1CDF0F	Cisco
1CDF52	Texas Instruments
1CE165	Marshal
1CE192	Qisda
1CE209	Apple
1CE2CC	Texas Instruments
1CE4CB	Espressif
1CE4DD	Technicolor
1CE504	Huawei
1CE57F	Samsung
1CE587	Cisco Meraki
1CE61D	Samsung
1CE62B	Apple
1CE639	Huawei
1CE6AD	Huawei
1CE6C7	Cisco
1CE85D	Cisco
1CE89E	SJIT
1CEA0B	Edgecore Networks
1CEA1B	Nokia
1CEAAC	Xiaomi
1CEC72	Allradio
1CED6F	AVM (FRITZ!Box)
1CEEC9	Elo touch solutions
1CEEE8	Ilshin Elecom
1CEF03	Guangzhou V-SOLUTION Electronic
1CEFCE	bebro electronic
1CF03E	Wearhaus
1CF061	SCAPS
1CF29A	Google
1CF42B	Huawei
1CF43F	Arcadyan
1CF4CA	Private
1CF5E7	Turtle Industry
1CF64C	Apple
1CF8D0	Samsung
1CF9D5	Apple
1CFA68	TP-Link
1CFC17	Cisco
1CFC2A	Huawei
1CFCBB	Realfiction ApS
1CFE2B	Amazon
1CFEA7	IDentytech Solutins
1CFF3F	Cust2mate
1CFF59	Sichuan Tianyi Comheart Telecom
1CFFAD	Huawei
20014F	Linea Research
20019C	Bigleaf Networks
2002AF	Murata
2002C9	Zhejiang Huayi IOT
2002FE	Hangzhou Dangbei Network
20040F	Dell
200484	Apple
2004F3	Honor
200505	Radmax Communication Private
2005B6	OpenWrt
2005E8	OOO InProMedia
200889	ZTE
2008ED	Huawei
200A5E	Xiangshan Giant Eagle Technology Developing
200A87	Guangzhou On-Bright
200B16	Texas Instruments
200B74	AzureWave
200BC5	Cisco
200BC7	Huawei
200BCF	Nintendo
200C86	GX India Pvt
200CC8	Netgear
200D3D	Quectel Wireless Solutions
200DB0	Shenzhen Four Seas Global Link Network
200E0F	Panasonic Marketing Middle East & Africa FZE
200E2B	Apple
200E95	IEC – TC9 Wg43
200F70	Foxtech
200F92	STK
20107A	Gemtek
20108A	ZTE
2010B1	Amazon
20114E	MeteRSit
201257	Most Lucky Trading
2012D5	Scientech Materials
2013E0	Samsung
2014C4	Huawei
201582	Apple
2015DE	Samsung
20163D	Integrated Device Technology (Malaysia) Sdn. Bhd
201642	Microsoft
2016B9	Intel
2016D8	Liteon
201742	LG
201746	Paradromics
20180E	Shenzhen Sunchip
20185B	Shenzhen Jingxun
2019F3	WavTek
201A06	Compal Information (kunshan)
201A94	Apple
201B88	Dongguan Liesheng Electronic
201BA5	Vizio
201BC9	Juniper
201C3A	Nintendo
201D03	Elatec
201E1D	Huawei
201E88	Intel
201F31	Inteno Broadband
201F3B	Google
201F54	Raisecom
201F55	DJI Osmo
202027	Shenzhen Sundray
202051	ZTE
202141	Universal
2021A5	LG
202351	TP-Link
202564	Pegatron
202565	Espressif
202598	Teleview
2025CC	Xiaomi
2025D2	Fiberhome Telecommunication
202680	Samsung
202681	Tecno Mobile
20283E	Huawei
2028BC	Visionscape
2029B9	Ikotek technology SH
202AC5	Petite-En
202B20	Cloud Network Technology Singapore PTE
202BC1	Huawei
202C05	Zhejiang Dahua Zhilian
202CB7	Kong Yue Electronics & Information Industry (Xinhui)
202D07	Samsung
202D23	Collinear Networks
202DF6	Apple
202DF8	Digital Media Cartridge
20311C	vivo
20318D	Giax
2031EB	HDSN
203233	Shenzhen Bilian Electronic Co.，ltd
20326C	Samsung
2032C6	Apple
203389	Google
203462	Xiaomi
2034FB	Xiaomi
203543	Sagemcom
203626	TP-Link
20365B	Megafone
2036D0	Motorola
2036D7	Shanghai Reacheng Communication
203706	Cisco
2037A5	Apple
2037BC	Kuipers Electronic Engineering
2037F0	Arcadyan
203956	HMD Global
203A07	Cisco
203A0C	eero
203A43	Intel
203AEB	ZTE
203AEF	Sivantos
203B34	Xiaomi
203B67	Samsung
203B69	vivo
203CAE	Apple
203CC0	Beijing Tosee
203D66	CommScope
203DB2	Huawei
203DBD	LG
204005	feno
20406A	AMPAK
20415A	Smarteh d.o.o
204181	ESYSE GmbH Embedded Systems Engineering
2041BC	ANY
2043A8	Espressif
20443A	Schneider Electric Asia Pacific
204441	Remote Solution
204569	Itel Mobile
20463A	Apple
2046A1	VECOW
2046F9	Advanced Network Devices (dba:AND)
204747	Dell
2047B5	Sagemcom
2047DA	Xiaomi
2047ED	SKY UK
204AAA	Hanscan Spain
204B22	Sunnovo
204B2E	Pizzato Elettrica
204C03	HPE
204C6D	Hugo Brennenstuhl
204C9E	Cisco
204D52	Mellanox
204E6B	Axxana(israel)
204E71	Juniper
204E7F	Netgear
204EF6	AzureWave
20500D	Espressif
20500F	Fiber Groep
2050E7	AMPAK
2051F5	Earda
20521D	Apple
205383	Huawei
20538D	Foxconn
2053CA	Risk
205476	Sony
2054FA	Huawei
205531	Samsung
205532	Gotech
205721	Salix
20579E	Hunan Fn-link
2057AF	Shenzhen FH-NET OPTOELECTRONICS
205843	WNC
205869	Ruckus
2059A0	Paragon
2059D1	Mellanox
205A00	Coval
205A1D	ZTE
205A8F	Shenzhen Hikeen
205B2A	Private
205B5E	Shenzhen Wonhe
205CFA	Yangzhou ChangLian Network
205D0D	Fiberhome Telecommunication
205D47	vivo
205E64	Huawei
205E97	Nokia
205EF7	Samsung
205F3D	Adtran
206274	Microsoft
206296	Shenzhen Malio
20635F	Abeeway
206432	Samsung
2064CB	OPPO
2064DE	Sunitec Enterprise
20658E	Huawei
2066CF	Freebox
2066FD	Constell8
20677C	HPE
2067B1	Pluto
2067E0	Shenzhen iComm Semiconductor
20689D	Liteon
2068AA	Potron
206980	Apple
206A8A	Wistron Infocomm (Zhongshan)
206A94	Hitron
206AFF	Atlas Elektronik UK
206BD5	vivo
206BE7	TP-Link
206BF4	Huawei
206C8A	Extreme Networks
206D31	Firewalla
206E9C	Samsung
206EF1	Espressif
206FEC	Braemac CA
20719E	SF
2072A9	Xiaomi
207355	CommScope
207454	vivo
2074CF	Shenzhen Voxtech
2074DD	eero
207600	Actiontec
20768F	Apple
207693	Lenovo
207759	Optical Network Video Technologies (shenzhen)
20780B	Delta Faucet
207852	Nokia
2078CD	Apple
2078F0	Apple
207918	Intel
207BD2	ASIX
207C14	Qotom
207C8F	Quanta Microsystems
207D74	Apple
208058	Ciena
208097	Shenzhen OXO
20826A	OPPO
2082C0	Xiaomi
2083F8	Advanced Digital Broadcast
20845F	Apple
2084F5	Yufei Innovation Software(Shenzhen)
20858C	Assa
208756	Siemens
2087AC	AES motomation
2087EC	Huawei
208810	Dell
20896F	Fiberhome Telecommunication
208984	Compal Information (kunshan)
208986	ZTE
20898A	Shenzhen Skyworth Digital
208B37	Skyworth Digital Technology(Shenzhen)
208BD1	NXP Semiconductor (Tianjin)
208C0A	Apple
208C47	Tenstorrent
208C86	Huawei
20906F	Shenzhen Tencent Computer System
209148	Texas Instruments
20918A	Profalux
2091D9	I'M
2091DF	Apple
209339	Juniper
20934D	Fujian Star-net Communication
209395	nVent
20968A	China Mobile (Hangzhou) Information
209727	Teltonika Networks UAB
209771	GSD Viet NAM
20988E	Shenzhen Feasycom
2098D8	Shenzhen Yingdakang
2098ED	AltoBeam
209952	Xiaomi
209A7D	Sagemcom
209AE9	Volacomm
209BA5	Jiaxing Glead
209BA9	Espressif
209BCD	Apple
209BDD	Huawei
209BE6	Guangzhou Shiyuan Electronic
209CB4	HPE
209E79	Universal
209EF7	Extreme Networks
20A171	Amazon
20A200	Huawei
20A2E4	Apple
20A2E7	Lee-Dickens
20A366	vivo
20A5CB	Apple
20A60C	Xiaomi
20A680	Huawei
20A6CD	HPE
20A716	Silicon Laboratories
20A766	Huawei
20A783	miControl
20A787	Bointec Taiwan
20A7F9	Shenzhen Olanboa
20A8B9	Siemens
20A8BF	Huawei
20A90E	TCT mobile
20A99B	Microsoft
20AA25	Ip-net
20AA4B	Linksys
20AB37	Apple
20AB48	Huawei
20AB53	Motorola
20AC9C	China Telecom
20AD56	Aumovio
20AEB6	Huawei
20AF1B	SteelSeries ApS
20B001	Vantiva Technologies Belgium
20B0F7	Enclustra
20B399	Enterasys
20B5C6	Mimosa Networks
20B730	TeconGroup
20B780	Toshiba Visual Solutions
20B7C0	Omicron
20B82B	Sagemcom
20B83D	Unionman
20B868	Motorola
20BA36	u-blox
20BB76	COL Giovanni Paolo
20BBBC	Hangzhou Ezviz Software
20BBC0	Cisco
20BBC6	Jabil Circuit Hungary
20BD1D	Intel
20BEB4	Hisense broadband multimedia
20BEB8	Amazon
20BECD	eero
20BFDB	DVL
20C047	Verizon
20C06D	Shenzhen Spacetek
20C19B	Intel
20C1AF	i Wit Digital
20C2B0	Huawei
20C38F	Texas Instruments
20C3A4	RetailNext
20C60D	Shanghai annijie Information
20C6EB	Panasonic Corporation AVC Networks
20C74F	SensorPush
20C792	Wuhan Maiwe communication
20C8B3	Shenzhen Bul-tech
20C9D0	Apple
20CBCC	GridVisibility
20CC27	Cisco
20CC73	Samsung
20CD39	Texas Instruments
20CD6E	Realme Chongqing Mobile Telecommunications
20CEC4	Peraso
20CF30	ASUS
20CFAE	Cisco
20D160	Private
20D21F	Wincal
20D25F	SmartCap
20D276	Itel Mobile
20D390	Samsung
20D476	Amazon
20D5AB	Korea Infocom
20D5BF	Samsung
20D5C2	Espressif
20D607	Nokia
20D75A	Posh Mobile
20D778	Texas Instruments
20D80B	Juniper
20D906	Iota
20DA22	Huawei
20DBAB	Samsung
20DBEA	Cisco
20DC93	Cheetah Hi-Tech
20DCE6	TP-Link
20DCFD	Huawei
20DE1E	Nokia
20DE88	IC Realtime
20DF3F	Nanjing SAC Power Grid Automation
20DF73	Huawei
20DFB9	Google
20E09C	Nokia
20E15D	TP-Link
20E2A8	Apple
20E407	Spark
20E46F	vivo
20E525	Huawei
20E52A	Netgear
20E564	CommScope
20E59B	Panasonic Automotive
20E6DF	eero
20E791	Siemens Healthcare Diagnostics
20E7B6	Universal
20E7C8	Espressif
20E874	Apple
20E882	ZTE
20EAC7	Shenzhen Riopine
20ED47	Juniper
20ED74	Ability enterprise
20EE28	Apple
20EEC6	Elefirst Science
20EFBD	Roku
20F002	MTData Developments
20F094	Google
20F120	Cisco
20F17C	Huawei
20F19E	CommScope
20F1B2	Tuya Smart
20F307	ZTE
20F375	CommScope
20F3A3	Huawei
20F41B	Shenzhen Bilian Electronic Co.，ltd
20F44F	Nokia
20F452	Shanghai IUV Software Development
20F478	Xiaomi
20F4D4	Apple
20F510	Codex Digital
20F543	Hui Zhou Gaoshengda
20F597	Maasiv
20F77C	vivo
20F83B	Nabu Casa
20F85E	Delta
20FA85	Apple
20FABB	Cambridge Executive
20FADB	Huahao Kunpeng Technology (chengDu)
20FDF1	3com Europe
20FE00	Amazon
20FECD	System In Frontier
20FEDB	M2M Solution S.A.S
20FF0C	Huawei
20FF36	Iflytek
2400BA	Huawei
2400FA	China Mobile (Hangzhou) Information
24016F	Huawei
2401C7	Cisco
240462	Siemens Energy Global GmbH & Co.KG - GT PRM
24050F	MTN Electronic
240588	Google
2405F5	Integrated Device Technology (Malaysia) Sdn. Bhd
2406AA	OPPO
2406F2	Sichuan Tianyi Comheart Telecom
24085D	AUMOVIO Aftermarket
240917	Devlin
240935	Samsung
240995	Huawei
240A11	TCT mobile
240A3F	Samsung
240A63	CommScope
240A64	AzureWave
240AC4	Espressif
240B0A	Palo Alto Networks
240B2A	Viettel
240B88	Taicang T&W
240BB1	KOSTAL Industrie Elektrik
240D65	Shenzhen Vsun Communication
240D6C	SMND
240DC2	TCT mobile
240F5E	Shenzhen z-router
240F9B	Hangzhou Hikvision Digital
241064	Shenzhen Ecsino Tecnical
241125	Hutek
241145	Xiaomi
241148	Entropix
241153	Samsung
2411D0	Chongqing Ehs Science and Technology Development
241281	China Mobile Group Device
241407	Xiamen Sigmastar
241551	Huawei
24161B	Cisco
241651	Chipsea Technologies (Shenzhen)
24166D	Huawei
24169D	Cisco
24181D	Samsung
2418C0	E. Wehrle
2418C6	Hunan Fn-link
241972	Quectel Wireless Solutions
2419A5	New H3C
241A8C	Squarehead
241AE6	Huawei
241AF7	Sichuan Tianyi Comheart Telecom
241B13	Shanghai Nutshell Electronic
241B44	Hangzhou Tuners
241B7A	Apple
241C04	Shenzhen Jehe Technology Development
241D48	Sichuan Tianyi Comheart Telecom
241E2B	Zhejiang Cainiao Supply Chain Management
241EEB	Apple
241F2C	Calsys
241F3A	Silicon Laboratories
241F49	NXP Semiconductors Taiwan
241FA0	Huawei
241FBD	Extreme Networks
2420C7	Sagemcom
242124	Nokia
24215E	Quectel Wireless Solutions
2421AB	Sony
242361	vivo
24240E	Apple
2424B7	Samsung
242642	SHARP
2426BA	Shenzhen Toptel
2426D6	Huawei
242730	GD Midea Air-Conditioning Equipment
2427E5	Huawei
242856	Beijing Gctech
2428FD	Hangzhou Hikvision Digital
242934	Google
2429B0	Huawei
2429FE	Kyocera
242A04	Cisco
242AEA	Apple
242BD6	Ring
242CFE	Zhejiang Tmall
242D4B	F5
242D6C	eero
242E02	Huawei
242E90	Palit Microsystems
242FD0	TP-Link
242FFA	Toshiba Global Commerce Solutions
2430F8	Huawei
243154	Huawei
243184	SHARP
2432AE	Hangzhou Hikvision Digital
24336C	Private
243408	Edgecore Americas Networking
2435CC	Zhongshan Scinan Internet of Things
243672	AMPAK
2436DA	Cisco
24374C	Cisco
2437EF	EMC Electronic Media Communication
243A82	IRTS
243C20	Dynamode
243CB0	Dongguan Mentech Optical & Magnetic
243F30	Oxygen Broadband
243F75	Hui Zhou Gaoshengda
243FAA	Huawei
2440AE	NIIC
24418C	Intel
2441FE	WNC
2442BC	Alinco
2442E3	Shenzhen Ai-Thinker
2443E2	DASAN Network Solutions
244427	Huawei
24456B	Huawei
244597	GEMUE Gebr. Mueller Apparatebau
2446C8	Motorola
2446E4	Huawei
24470E	PentronicAB
244750	Sagemcom
244845	Hangzhou Hikvision Digital
244885	Huawei
24497B	Innovative Converged Devices
244AF8	Silicon Laboratories
244B03	Samsung
244B81	Samsung
244BF1	Huawei
244BFE	ASUS
244C07	Huawei
244CAB	Espressif
244CE3	Amazon
244ECD	Sagemcom
244F1D	iRule
24506F	Thinkcar
24526A	Zhejiang Dahua
2453BF	Enernet
2453ED	Dell
24559A	Apple
24586E	ZTE
24587C	Espressif
245880	VIZEO
24590B	White Sky
2459E5	GD Midea Air-Conditioning Equipment
245A4C	Ubiquiti
245A5F	TP-Link
245AB5	Samsung
245B83	Renesas Electronics (Penang) Sdn. Bhd
245BA7	Apple
245BF0	Liteon
245CBF	NCSE
245CC5	Huawei
245CCB	AXIe Consortium
245D92	Juniper
245E48	Apple
245EBE	QNAP
245EE1	United Automotive Electronic
245F9F	Huawei
245FDF	Kyocera
246078	Huawei
246081	razberi
2460B3	Samsung
24615A	China Mobile Group Device
246278	sysmocom - s.f.m.c
2462AB	Espressif
2462C6	Huawei
2462CE	HPE
246404	GSD Viet NAM
246477	Xiaomi
24649F	Huawei
2464EF	CYG Sunri
246511	AVM (FRITZ!Box)
2465E1	Ciena
246800	Samsung
246830	Shenzhen Shokzhear
246880	Braveridge
2468B0	Samsung
24693E	innodisk
24694A	Jasmine
246968	TP-Link
24698E	Shenzhen Mercury Communication
2469A5	Huawei
246A0E	HP
246AAB	IT-IS
246C60	Huawei
246C84	Cisco
246C8A	YUKAI Engineering
246D10	Apple
246E96	Dell
246F28	Espressif
246F8C	Huawei
247121	Cisco
247152	Dell
247189	Texas Instruments
24724A	Nile Global
247260	Iottech
2474F7	GoPro
24753A	OPPO
2475B3	OPPO
2475FC	ZTE
247625	Texas Instruments
247645	Huawei
247656	Shanghai Net Miles Fiber Optics
24767D	Cisco
247703	Intel
247755	Huawei
247823	Panasonic Entertainment & Communication
2478EF	Nokia
24792A	Ruckus
2479EF	Greenpacket Berhad, Taiwan
2479F3	OPPO
2479F8	KUPSON spol. s r.o
247BA4	China Mobile Group Device
247C46	Flextronics Technologies Mexico S DE RL DE CV
247C4C	Herman Miller
247D4D	Texas Instruments
247E12	Cisco
247E51	ZTE
247E7F	D-Fend Solutions A.D
247F20	Sagemcom
247F3C	Huawei
248000	Westcontrol
24813B	Cisco
24814E	AMD
248185	Extreme Networks
2481AA	KSH
2481C7	Huawei
24828A	Prowave
2482CA	vivo
248498	Beijing Jiaoda Microunion
248602	Bouffalo Lab (Nanjing)
2486F4	Ctek
248707	SEnergy
248894	shenzhen lensun Communication
248A07	Mellanox
248AB3	ICTK
248BE0	Sichuan Tianyi Comheart Telecom
249038	Universal Biosensors
2491BB	Huawei
24920E	Samsung
2493CA	Voxtronic Austria
249442	Open Road Solutions
249493	FibRSol Global Network
249494	Hong Kong Bouffalo Lab
2494CB	CommScope
249504	SFR
24952F	Google
2496D5	Nexcon
249745	Huawei
2497ED	Techvision Intelligent
249900	Fritz!
249AC8	Shenzhen Skyworth Digital
249AD8	Yealink(xiamen) Network
249D2A	LinkData Technology (Tianjin)
249E7D	Beijing Roborock
249EAB	Huawei
249F89	Texas Instruments
24A02D	shenzhen worldelite
24A074	Apple
24A160	Espressif
24A186	CommScope
24A2E1	Apple
24A42C	NETIO products a.s
24A43C	Ubiquiti
24A452	Samsung
24A487	Huawei
24A495	Thales Canada
24A52C	Huawei
24A534	SynTrust
24A5FF	Fairbanks Scales
24A65E	ZTE
24A6FA	Weifang Goertek
24A799	Huawei
24A7DC	SKY UK
24A87D	Panasonic Automotive Systems Asia Pacific(Thailand)Co
24A937	Everpure
24AB81	Apple
24ACAC	Polar Electro
24AECC	Honor
24AF4A	Alcatel-Lucent IPD
24AF54	NEXGEN Mediatech
24AFCC	Chiun Mai Communication System
24B0A9	Shanghai Mobiletek Communication
24B105	Prama Hikvision India Private
24B209	Avaya
24B231	Dongguan Liesheng Electronic
24B2B9	Liteon
24B2DE	Espressif
24B339	Apple
24B5B9	Motorola
24B5F2	Shanghai Ingeek
24B657	Cisco
24B6B8	FRIEM
24B6FD	Dell
24B72A	China Dragon
24B7DA	Fiberhome Telecommunication
24B88C	Crenus
24B8D2	Opzoon
24BA13	Riso Kagaku
24BA23	Cisco
24BA30	Technical Consumer Products
24BA79	New H3C
24BBC1	Absolute Analysis
24BBC9	Shenzhen SuperElectron
24BC82	Dali Wireless
24BCF8	Huawei
24BE05	HP
24BE18	Dadoutek
24BF74	Hamamatsu Photonics K.K
24C013	ZTE
24C0B3	RSF
24C17A	Beijing Iactive Network
24C1BD	Crrc Dalian R&D
24C35D	Duke University
24C3F9	Securitas Direct
24C406	Sunitec
24C42F	Philips Lifeline
24C44A	ZTE
24C613	Samsung
24C696	Samsung
24C848	mywerk Portal
24C86E	Chaney Instrument
24C8D3	McWane India Pvt
24C9A1	Ruckus
24C9DE	Genoray
24CACB	Fiberhome Telecommunication
24CBE1	Ericsson
24CBE7	MYK
24CD8D	Murata
24CE33	Amazon
24CF21	Shenzhen State Micro
24CF24	Xiaomi
24D0DF	Apple
24D13F	MEXUS
24D1A1	Shenzhen Cultraview Digital
24D208	Sensata
24D2CC	SmartDrive
24D337	Xiaomi
24D3F2	ZTE
24D51C	Zhongtian broadband
24D53B	Motorola
24D5E4	Cisco
24D660	Silicon Laboratories
24D76B	Syntronic
24D79C	Cisco
24D7EB	Espressif
24D81E	MirWifi,Joint-Stock
24D904	Sichuan Changhong Network
24D921	Avaya
24DA11	NO NDA
24DA33	Huawei
24DA9B	Motorola
24DAB6	Sistemas de Gestión Energética S.A. de C.V
24DB94	Juniper
24DBAC	Huawei
24DBAD	ShopperTrak RCT
24DBED	Samsung
24DC0F	Phytium
24DCC3	Espressif
24DD1B	Qingdao Hi-image
24DE8A	Nokia
24DEC6	HPE
24DEEB	Huawei
24DF17	Shenzhen Sande Dacom
24DF6A	Huawei
24DFA7	Hangzhou BroadLink
24E124	Xiamen Milesight IoT
24E271	Qingdao Hisense Communications
24E29D	Huawei
24E314	Apple
24E3A4	Fiberhome Telecommunication
24E3DE	China Telecom Fufu Information
24E43F	Wenzhou Kunmei Communication
24E4C8	Fiberhome Telecommunication
24E4CE	Kaon
24E50F	Google
24E5AA	Philips Oral Healthcare
24E6BA	JSC Zavod im. Kozitsky
24E853	LG
24E8CE	Qingdao Haier
24E8E5	Shenzhen Skyworth Digital
24E927	TomTom
24E9B3	Cisco
24E9CA	Huawei
24EA40	Helmholz
24EA9B	Huawei
24EB16	Intel
24EB65	Saet I.S
24EBED	Huawei
24EC4A	Espressif
24EC51	ADF Technologies Sdn Bhd
24EC99	Askey Computer
24ECD6	CSG Science & Technology Co.,Ltd.Hefei
24EDFD	Siemens Canada
24EE3A	Chengdu Yingji Electronic Hi-tech
24EE5D	Vizio
24EE9A	Intel
24EFB4	Shanghai Neardi
24F094	Apple
24F0D3	Samsung
24F0FF	GHT
24F128	Telstra
24F150	Guangzhou Qi'an
24F27F	HPE
24F2DD	Radiant Vision
24F306	Itel Mobile
24F3E3	eero
24F40A	Samsung
24F57E	HWH
24F5A2	Belkin
24F5AA	Samsung
24F603	Huawei
24F677	Apple
24F68D	Nokia
24FAD4	ShenZhen More Star
24FAD6	Emstone
24FAF3	Shanghai Flexem
24FB65	Huawei
24FBE3	HP
24FC4E	Juniper
24FCE5	Samsung
24FD0D	Intelbras
24FD52	Liteon
24FD5B	SmartThings
24FDFA	Private
24FE9A	CyberTAN
2800AF	Dell
28011C	ZTE
2801CD	Mellanox
28022E	Apple
280244	Apple
280245	Konze System
2802D8	Samsung
2803E6	Nokia
28047A	WNC
2804C6	Wanan Hongsheng Electronic
2804E0	Fermax Electronica S.a.u
28052E	Dematic
2805A5	Espressif
28061E	Ningbo Global Useful Electric
28068D	ITL
280708	Samsung
28070D	Guangzhou Winsound Information
280AEE	Renesas Electronics (Penang) Sdn. Bhd
280B5C	Apple
280C28	Unigen DataStorage
280C2D	Qualvision
280C50	Intel
280CB8	Mikrosay Yazilim ve Elektronik A.S
280DFC	Sony
280E8B	Beijing Spirit Technology Development
280FC5	Beijing Leadsec
280FEB	LG
28101B	MagnaCom
28107B	D-Link
2811A5	Bose
2811A8	Intel
2811EC	Huawei
281293	Honor
2812D0	Motorola
281471	Lantis
2815A4	Shenzhen Pinsu Zhilian Information
28162E	2Wire
28167F	Xiaomi
2816A8	Microsoft
2816AD	Intel
281709	Huawei
28172E	Fiberhome Telecommunication
2817CB	Software Freedom Conservancy
2817CE	Omnisense
281878	Microsoft
2818FD	Aditya Infotech
281B04	Zalliant
281D21	IN ONE Smart Technology(h,k,)limited
281DAA	ASTI India Private
281DFB	Huawei
28221E	Huawei
282246	Beijing Sinoix Communication
282373	Digita
2823F5	China Mobile (Hangzhou) Information
2824C9	Amazon
2824FF	WNC
282536	Shenzhen Holatek
28255F	Humax Networks
2826A6	PBR
2827BF	Samsung
28285D	Zyxel
282947	Chipsea Technologies (Shenzhen)
282986	APC by Schneider Electric
2829CC	Corsa
2829D9	GlobalBeiMing technology (Beijing)Co
282A87	Itel Mobile
282B96	Huawei
282BB9	Shenzhen Xiongxin
282CB2	TP-Link
282CC4	Huawei
282D06	AMPAK
282D7F	Apple
282E30	Mechatronics Innovation Technologies, S.l.u
282E89	WNC
282FC2	Automotive Data Solutions
2830AC	Frontiir
283152	Huawei
283166	vivo
28317E	Hongkong Nano IC
2831F8	Huawei
2832C5	HUMAX
283334	Huawei
283410	Enigma Diagnostics
2834A2	Cisco
2834FF	Apple
28353A	Huawei
283545	Shenzhen Chuangwei-rgb
2836F0	Huawei
283713	Shenzhen 3Nod Digital
28372F	Espressif
283737	Apple
28385C	Flextronics
2838CF	Gen2wave
283926	CyberTAN
28395E	Samsung
283984	Qidi Technology (shanghai)
2839E7	Preceno Technology Pte
283A4D	Cloud Network Technology (Samoa)
283B82	D-Link
283B96	Cool Control
283C90	Texas Instruments
283CE4	Huawei
283DC2	Samsung
283DE8	Guangzhou Shiyuan Electronic
283E0C	Preferred Robotics
283E76	Common Networks
283F69	Sony
28401A	C8 MediSensors
2840DD	Sony
284121	OptiSense Network
2841C6	Huawei
2841EC	Huawei
2843DC	United Memory Technology (Jiangsu)
284430	Arcade Communications
2844F4	Honor
2845AC	Huawei
2847AA	Nokia
284846	GridCentric
2848E7	Huawei
284992	Luminator Technology Group Global
2849E9	Apple
284B54	Apple
284C53	Intune Networks
284D7D	ZTE
284D92	Luminator Technology Group Global
284E44	Huawei
284ED7	OutSmart Power
284EE9	mercury corperation
284FCE	Liaoning Wontel Science and Technology Development
285132	Shenzhen Prayfly
285261	Cisco
2852E0	Layon international Electronic & Telecom
2852F9	Zhongxin Intelligent Times (Shenzhen)
28534E	Huawei
2853E0	Sintela
285471	Huawei
28562F	Espressif
28563A	Fiberhome Telecommunication
28565A	Foxconn
2856C1	Harman/Becker Automotive
28575D	Apple
285767	Dish
2857BE	Hangzhou Hikvision Digital
285923	Xiaomi
285AEB	Apple
285B0C	Sichuan Jiuzhou Electronic
285F2F	RNware
285FDB	Huawei
286046	Lantech Communications Global
286094	Capelec
286336	Siemens
2863BD	Aptiv Services US
2864B0	Huawei
2864EF	Shenzhen Fsan Intelligent
28656B	Keystone Microtech
2866E3	AzureWave
286847	Silicon Laboratories
2868D2	Huawei
286926	OPTOKON, a.s
286AB8	Apple
286ABA	Apple
286B35	Intel
286B5C	Cisco
286BB4	SJIT
286C07	Xiaomi
286D97	Samjin
286DCD	Beijing Winner Microelectronics
286DDA	Fiberhome Telecommunication
286ED4	Huawei
286F40	Tonly
286F7F	Cisco
286FB9	Nokia
28704E	Ubiquiti
287184	Spire Payments
2872C5	Smartmatic
2872C6	Samsung
2872F0	Athena
2873F6	Amazon
2874F5	Nokia
2875D8	Fujian Star-net Communication
287610	IgniteNet
287681	Silicon Laboratories
2876CD	Funshion Online
287777	ZTE
2877B1	Tri plus grupa d.o.o
2877F1	Apple
287994	Realplay Digital Technology(Shenzhen)
287AB4	Huawei
287AEE	CommScope
287B09	ZTE
287B11	Hui Zhou Gaoshengda
287CDB	Hefei Toycloud
287E80	Hui Zhou Gaoshengda
287FCF	Intel
288023	HP
28806E	Pirelli Tyre
288088	Netgear
28808A	Huawei
2880A2	Inseego Wireless
28827C	Bosch Automative products(Suzhou)Co.,Ltd Changzhou Branch
288328	Emaldo Technology(hk)limited
288335	Samsung
2883C9	Apple
28840E	silicon valley immigration service
288485	Espressif
2884FA	SHARP
28852D	Touch Networks
2885BB	Zen Exim Pvt
28875F	Annapurna labs
288761	LG
2887AF	Advantech Technology (CHINA)
2887BA	TP-Link
288915	CashGuard Sverige
288A1C	Juniper
288CB8	ZTE
288EB9	Wacom
288EEC	Apple
288FF6	Apple
289104	TP-Link
289176	Indyme Solutions
2891D0	Stage Tec Entwicklungsgesellschaft für professionelle Audiotechnik mbH
289200	Intel
28924A	HP
28937D	Sichuan Tianyi Comheart Telecom
2893FE	Cisco
289401	Netgear
28940F	Cisco
2894AF	Samhwa Telecom
289529	Intel
2896B0	Huawei
2897B8	myenergi
28987B	Samsung
28993A	Arista Networks
2899C7	Lindsay Broadband
289A4B	SteelSeries ApS
289AF7	ADVA Optical Networking
289AFA	TCT mobile
289C6E	Shanghai High-Flying
289E1E	Texas Instruments
289E97	Huawei
289EDF	Danfoss Turbocor Compressors
289EFC	Sagemcom
289F04	Samsung
28A02B	Apple
28A06B	Intel
28A183	Alpsalpine
28A186	enblink
28A192	GERP Solution
28A1EB	Etek Technology (shenzhen)
28A241	exlar
28A24B	Juniper
28A331	Sierra Wireless, ULC
28A44A	Intel
28A53F	vivo
28A574	Miller Electric Mfg
28A5EE	Shenzhen SDGI CATV
28A6AC	seca
28A6DB	Huawei
28A915	Servercom (india) Private
28A9AE	Huawei
28AC67	Mach Power, Rappresentanze Internazionali
28AC9E	Cisco
28AD18	Hui Zhou Gaoshengda
28AD3E	Shenzhen TONG BO WEI
28ADEA	Mallow
28AF0A	Sirius XM Radio
28AF21	ZTE
28AF42	Samsung
28AFE5	Shenzhen C-Data
28AFFD	Cisco
28B0CC	Xenya d.o.o
28B133	SHINEMAN(SHENZHEN) Tech. Cor
28B20B	NXP USA
28B221	Sienda Multimedia
28B27C	Sailing Northern
28B2BD	Intel
28B371	Ruckus
28B3AB	Genmark Automation
28B3AF	Qualynxus
28B446	Shenzhen Chuangwei-rgb
28B448	Huawei
28B4FB	Sprocomm
28B591	Cisco
28B5E8	Texas Instruments
28B67C	KEBODA Intelligent
28B829	Juniper
28B9D9	Radisys
28BA18	NextNav
28BAB5	Samsung
28BAB9	Acme Lighting
28BB59	RNET
28BBB2	Infinix mobility
28BBED	Bouffalo Lab (Nanjing)
28BC05	BLU Products
28BC18	SourcingOverseas
28BC56	EMAC
28BD89	Google
28BE03	TCT mobile
28BE43	vivo
28BE9B	Vantiva USA
28BEF3	Fujian Star-net Communication
28BF89	Fiberhome Telecommunication
28C01B	Shenzhen Skyworth Digital
28C039	Huawei
28C0DA	Juniper
28C13C	Foxconn
28C1A0	Apple
28C21F	Samsung
28C2DD	AzureWave
28C538	Apple
28C5C8	HP
28C5D2	Intel
28C63F	Intel
28C671	Yota Devices
28C68E	Netgear
28C709	Apple
28C718	Altierre
28C7CE	Cisco
28C825	DellKing Industrial
28C87A	CommScope
28C87C	ZTE
28C914	Taimag
28C97A	New H3C
28CA09	ThyssenKrupp Elevators (Shanghai)
28CB5C	Shenzhen CPETEK
28CBEB	One
28CC01	Samsung
28CCFF	Corporacion Empresarial Altra SL
28CD1C	Espotel
28CD4C	Individual Computers
28CD9C	Shenzhen Dynamax Software Development
28CDC1	Raspberry Pi
28CDC4	Chongqing Fugui
28CE15	Shenzhen Xinwei Intelligent
28CF08	ESSYS
28CF51	Nintendo
28CFDA	Apple
28CFE9	Apple
28D043	AzureWave
28D044	Shenzhen Xinyin
28D0CB	Adtran
28D0EA	Intel
28D0F5	Ruijie Networks
28D127	Xiaomi
28D1AF	Nokia
28D1B7	Shenzhen YOUHUA
28D244	LCFC(Hefei)
28D25A	Infinix mobility
28D3EA	Huawei
28D41E	Barrot
28D436	Jiangsu dewosi electric
28D555	vivo
28D576	Premier Wireless
28D5B1	Apple
28D6EC	Huawei
28D93E	Telecor
28D98A	Hangzhou Konke
28D997	Yuduan Mobile
28DB02	ZTE
28DB81	Shanghai Guao Electronic
28DBA7	Silicon Laboratories
28DCC3	Huawei
28DE1C	Samsung
28DE59	Domus NTW
28DE65	HPE
28DEA8	ZTE
28DEE5	Huawei
28DEF6	bioMerieux
28DFEB	Intel
28E02C	Apple
28E14C	Apple
28E297	Shanghai InfoTM Microelectronics
28E31F	Xiaomi
28E347	Liteon
28E34E	Huawei
28E424	New H3C
28E476	Pi-Coral
28E5B0	Huawei
28E608	Tokheim
28E6A9	Samsung
28E6E9	SIS Sat Internet Services
28E71D	Arista Networks
28E794	Microtime Computer
28E7CF	Apple
28E888	Lingban Technology (Hangzhou)
28E971	EM Microelectronic
28E98E	Mitsubishi Electric
28EA0B	Microsoft
28EA2D	Apple
28EA5B	Samsara Networks
28EB0A	Rolling Wireless S.a.r.l. Luxembourg
28EBA6	Nex-T
28EBB7	ambie
28EC22	eero
28EC95	Apple
28EC9A	Texas Instruments
28ED58	JAG Jakob
28ED6A	Apple
28EDE0	AMPAK
28EE2C	Frontline Test Equipment
28EE52	TP-Link
28EED3	Shenzhen Super D
28EF01	Amazon
28F033	Apple
28F076	Apple
28F10E	Dell
28F358	2C - Trifonov
28F366	Shenzhen Bilian Electronic Co.，ltd
28F49B	Leetek
28F52B	Fn-link
28F532	ADD-Engineering
28F5D1	CommScope
28F606	Syes
28F79A	LX Semicon
28F7D6	Fiberhome Telecommunication
28FA19	Shenzhen Jingxun Software Telecommunication
28FA7A	Zhejiang Tmall
28FAA0	vivo
28FBAE	Huawei
28FBD3	Ragentek
28FC51	The Electric Controller and Manufacturing
28FCF6	Shenzhen Xin KingBrand enterprises
28FE65	DongGuan Siyoto
28FECD	Lemobile Information Technology (Beijing)
28FEDE	Comesta
28FF3C	Apple
28FF3E	ZTE
28FF5F	HG Genuine Intelligent Terminal (Xiaogan)
28FFB2	Toshiba
2C002A	Shenzhen TINNO Mobile
2C002C	Unowhy
2C0033	EControls
2C00AB	CommScope
2C00F7	XOS
2C010B	NASCENT Technology, LLC - RemKon
2C01B5	Cisco
2C029F	3ALogics
2C0369	Accton
2C0547	Shenzhen Phaten
2C0613	China Mobile Group Device
2C0623	Win Leader
2C073C	Devline
2C0786	Huawei
2C07F6	SKG Health
2C081C	OVH
2C0823	Sercomm
2C088C	HUMAX
2C08B4	Huawei
2C094D	Raptor Engineering
2C09CB	COBS
2C0B97	Xiaomi
2C0BAB	Huawei
2C0BE9	Cisco
2C0D27	Huawei
2C0DA7	Intel
2C0DCF	Xiaomi
2C0E3D	Samsung
2C10C1	Nintendo
2C1165	Silicon Laboratories
2C157E	Radiodata
2C15BF	Samsung
2C15D9	Huawei
2C15E1	Phicomm (Shanghai)
2C17E0	SYSTEMES ET TECHNOLOGIES IDENTIFICATION (STid)
2C1809	Apple
2C1875	Skyworth Digital Technology(Shenzhen)
2C18AE	Trend
2C195C	Xiaomi
2C1984	IDN Telecom
2C1A01	Huawei
2C1A05	Cisco
2C1A31	Electronics
2C1B3A	Hui Zhou Gaoshengda
2C1B8E	BYD Semiconductor Co，Ltd
2C1BC8	Hunan Topview Network System
2C1CF6	Alien Green
2C1CF7	Apple
2C1DB8	CommScope
2C1E4F	Chengdu Qianli Network
2C1EEA	Aerodev
2C1F23	Apple
2C200B	Apple
2C2080	Huawei
2C2131	Juniper
2C2172	Juniper
2C21D7	IMAX
2C228B	CTR
2C233A	HP
2C245F	Babolat VS
2C2617	Oculus VR
2C26C5	ZTE
2C2768	Huawei
2C27D7	HP
2C27E4	Luxshare Precision Industry (Xuancheng)
2C282D	BBK Educational
2C28B7	Hangzhou Ruiying
2C2997	Microsoft
2C2B86	Sagemcom
2C2BDB	eero
2C2BF9	LG
2C2D48	Commend
2C2FF4	eero
2C301A	Technicolor
2C3033	Netgear
2C3068	Pantech
2C3124	Cisco
2C326A	Apple
2C3311	Cisco
2C3341	China Mobile IOT
2C3358	Intel
2C3361	Apple
2C337A	Foxconn
2C3427	Erco & Gener
2C347B	Shenzhen Junge
2C3557	ELIIY Power
2C36A0	Capisco
2C36F2	Huawei
2C36F8	Cisco
2C3731	Shenzhen Yifang Digital
2C3796	CYBO
2C37C5	Qingdao Haier Intelligent Home Appliance
2C3996	Sagemcom
2C39C1	Ciena
2C3A28	Fagor Electrónica
2C3A91	Huawei
2C3AB1	Huawei
2C3AE8	Espressif
2C3AFD	AVM (FRITZ!Box)
2C3B70	AzureWave
2C3BFD	Netstor
2C3C05	Marinesync
2C3EBF	HOSIN Global
2C3ECF	Cisco
2C3F0B	Cisco Meraki
2C3F38	Cisco
2C3F3E	Alge-Timing
2C3F87	Private
2C402B	Smart iBlue
2C4053	Samsung
2C4138	HP
2C41A1	Bose
2C4205	Lytx
2C431A	Shenzhen YOUHUA
2C43BE	Sunnovo
2C4401	Samsung
2C441B	Spectrum Medical
2C44FD	HP
2C459A	Dixon Technologies (India)
2C4759	Beijing MEGA preponderance Science
2C4881	vivo
2C4A11	Ciena
2C4B14	Sichuan Tianyi Comheart Telecom
2C4C15	Juniper
2C4C7D	New H3C
2C4CC6	Murata
2C4D54	ASUS
2C4D79	Weifang Goertek
2C4DDE	Tecno Mobile
2C4E7D	Chunghua Intelligent Network Equipment
2C4F52	Cisco
2C5089	Shenzhen Kaixuan Visual
2C52AF	Huawei
2C532B	TCT mobile
2C534A	Shenzhen Winyao Electronic
2C53D7	Sonova
2C542D	Cisco
2C5491	Microsoft
2C54CF	LG
2C553C	Vecima Networks
2C557C	Shenzhen YOUHUA
2C55D3	Huawei
2C5683	China Mobile Group Device
2C56DC	ASUS
2C572C	Allwinner
2C5731	Wingtech Group (HongKong）Limited
2C5741	Cisco
2C57CE	Apple
2C584F	CommScope
2C58B9	HP
2C58E8	Huawei
2C5917	Arcadyan
2C598A	LG
2C59E5	HP
2C5A05	Nokia
2C5A0F	Cisco
2C5A8D	SYSTRONIK Elektronik u. Systemtechnik
2C5AA3	Promate Electronic
2C5BB8	OPPO
2C5BE1	Centripetal Networks
2C5D34	OPPO
2C5D93	Ruckus
2C5EAB	Mellanox
2C5FF3	Pertronic Industries
2C600C	Quanta Computer
2C60CD	NR Electric
2C6104	Shenzhen Fenglian
2C61F6	Apple
2C625A	Finest Security
2C6289	Regenersis (Glenrothes)
2C6373	Sichuan Tianyi Comheart Telecom
2C63A1	Huawei
2C641F	Vizio
2C64F6	Wu Qi
2C658D	Cisco
2C66AD	NimbleTech Digital
2C66F5	Shenzhen Electrical Appliances
2C6798	InTalTech
2C67AB	Ezelink Telecom
2C67BE	DWnet Technologies(Suzhou)
2C67FB	ShenZhen Zhengjili
2C693E	Huawei
2C69BA	RF Controls
2C69CC	Valeo Detection
2C6B7D	Texas Instruments
2C6BF5	Juniper
2C6DC1	Intel
2C6E85	Intel
2C6F37	Nokia
2C6F4E	Hubei Yuan Times
2C6F51	Herospeed Digital
2C6FC9	Foxconn
2C704F	ZTE
2C7155	HiveMotion
2C71FF	Amazon
2C72C3	Soundmatters
2C7360	Earda
2C73A0	Cisco
2C750F	Shanghai Dongzhou-Lawton Communication
2C75CB	Novitec
2C7600	Apple
2C768A	HP
2C780E	Huawei
2C784C	Iton
2C793D	Boditech Med
2C79BE	TP-Link
2C79D7	Sagemcom
2C7B5A	Milper
2C7B84	OOO Petr Telegin
2C7BA0	Intel
2C7CE4	Wuhan Tianyu Information Industry
2C7CF2	Apple
2C7E81	CommScope
2C7ECF	Onzo
2C8065	HARTING Inc. of North America
2C8158	Foxconn
2C81BF	Apple
2C8217	Apple
2C86D2	Cisco
2C8A72	HTC
2C8AC7	Ubee Interactive
2C8BF2	Hitachi Metals America
2C8D37	Virtium
2C8D48	Smart Innovation
2C8DB1	Intel
2C9127	Eintechno
2C91AB	AVM (FRITZ!Box)
2C91EF	Golmar Sistemas de Comunicacion
2C922C	Kishu Giken Kogyou
2C93FB	Sercomm
2C9452	Huawei
2C9464	Cincoze
2C9520	Apple
2C9569	CommScope
2C957F	ZTE
2C9662	Invenit
2C9682	MitraStar
2C9717	I.C.Y
2C97B1	Huawei
2C97ED	Sony
2C9811	Cloud Network Technology Singapore PTE
2C9924	CommScope
2C9975	Samsung
2C9AA4	Eolo
2C9C58	Cloud Network Technology Singapore PTE
2C9D1E	Huawei
2C9D4B	Lavelle Networks Private
2C9D5A	Flaircomm Microelectronics
2C9D65	vivo
2C9D90	Mellanox
2C9E00	Sony
2C9E5F	CommScope
2C9EE0	Cavli
2C9EEC	Jabil Circuit Penang
2C9EFC	CANON
2C9FFB	WNC
2CA02F	Veroguard
2CA042	Huawei
2CA157	acromate
2CA17D	CommScope
2CA2B4	Fortify
2CA2E5	Cisco
2CA30E	Power Dragon Development
2CA327	Oraimo
2CA539	Parallel Wireless
2CA59C	Hangzhou Hikvision Digital
2CA774	Texas Instruments
2CA780	True
2CA797	Huawei
2CA79E	Huawei
2CA7EF	OnePlus
2CA835	RIM
2CA89C	Creatz
2CA9F0	OPPO
2CAA8E	Wyze Labs
2CAB00	Huawei
2CAB25	Shenzhen Gongjin Electronics Co.,lt
2CAB33	Texas Instruments
2CAB46	Ruckus
2CABA4	Cisco
2CABEB	Cisco
2CABEE	EM Microelectronic
2CAC44	Conextop
2CAD13	Shenzhen Zhilu
2CAE2B	Samsung
2CAE46	Cloud Network Technology Singapore PTE
2CAFC4	Private
2CB05D	Netgear
2CB0DF	Soliton Technologies Pvt
2CB0FD	Shenzhen MiaoMing Intelligent
2CB115	Integrated Device Technology (Malaysia) Sdn. Bhd
2CB1B7	Mellanox
2CB21A	Phicomm (Shanghai)
2CB301	Honor
2CB43A	Apple
2CB471	Tuya Smart
2CB68F	Huawei
2CB693	Radware
2CB69D	RED Digital Cinema
2CB6C2	ZTE
2CB6C8	Raisecom
2CB7A1	Huawei
2CB8ED	SonicWall
2CBABA	Samsung
2CBACA	Cosonic Electroacoustic
2CBC87	Apple
2CBCBB	Espressif
2CBE08	Apple
2CBE97	Ingenieurbuero Bickele und Buehler
2CBEEB	Nothing
2CBEEE	Nothing
2CC1F4	Nokia
2CC253	Apple
2CC260	Oracle
2CC3E6	Shenzhen Bilian Electronic Co.，ltd
2CC407	machineQ
2CC546	Huawei
2CC548	IAdea
2CC5D3	Ruckus
2CC682	Quectel Wireless Solutions
2CC6A0	Lumacron
2CC81B	Routerboard.com
2CC8F5	Huawei
2CCA0C	Withus Planet
2CCA16	Apple
2CCA75	Robert Bosch GmbH AnP
2CCC15	Nokia
2CCC44	Sony
2CCC7A	AltoBeam
2CCCE6	Skyworth Digital Technology(Shenzhen)
2CCD27	Precor
2CCD43	Summit
2CCD69	Aqavi.com
2CCE1E	Cloudtronics
2CCF58	Huawei
2CCF67	Raspberry Pi
2CD02D	Cisco
2CD05A	Liteon
2CD066	Xiaomi
2CD1C6	Murata
2CD1DA	Keysight
2CD26B	Fn-link
2CD2E3	Guangzhou Aoshi Electronic
2CD2E7	Nokia
2CD3AD	Texas Instruments
2CD444	Fujitsu
2CD748	Itron
2CD7FF	Lancom
2CD8AE	Shenzhen SEI Robotics
2CD8DE	AltoBeam
2CD974	Hui Zhou Gaoshengda
2CDA3F	DongGuan Ramaxel Memory
2CDA46	Samsung
2CDB07	Intel
2CDC78	Descartes Systems (USA)
2CDCAD	WNC
2CDCC1	EM Microelectronic
2CDCD7	AzureWave
2CDD0C	Discovergy
2CDD5F	Shenzhen iComm Semiconductor
2CDD95	Taicang T&W
2CDDA3	Point Grey Research
2CDDE9	Arista Networks
2CDEDF	Guangxi Konaixin Precision
2CDEF5	TVS Regza
2CDF68	Apple
2CDFE6	Raisecom
2CE032	TCL King Electrical Appliances(Huizhou)Co
2CE099	Fujian Star-net Communication
2CE187	New H3C
2CE2A8	DeviceDesign
2CE2D9	Huawei
2CE310	Stratacache
2CE38E	Cisco
2CE412	Sagemcom
2CE5BD	Ubiquiti
2CE64D	GD Midea Air-Conditioning Equipment
2CE6CC	Ruckus
2CE7A7	SJIT
2CE871	Alert Metalguard ApS
2CEA7F	Dell
2CEADA	ICC Intelligent Platforms
2CEADC	Askey Computer
2CEAFC	Intel
2CECA6	Huawei
2CECF7	Shenzhen SDMC
2CED89	Huawei
2CEDB0	Huawei
2CEDEB	Alpheus Digital
2CEE26	Petroleum Geo-Services
2CF05D	Micro-Star INTL
2CF06A	Huawei
2CF0A2	Apple
2CF0EE	Apple
2CF1BB	ZTE
2CF203	Emko Elektronik SAN VE TIC
2CF295	Huawei
2CF2A5	Sagemcom
2CF432	Espressif
2CF4C5	Avaya
2CF7F1	Seeed
2CF814	Cisco
2CF89B	Cisco
2CF8EC	Quectel Wireless Solutions
2CFAA2	Alcatel-Lucent Enterprise
2CFB0F	Sagemcom
2CFC8B	OPPO
2CFCE4	CTEK Sweden
2CFD37	Blue Calypso
2CFDA1	ASUS
2CFDAB	Motorola
2CFDB3	Tonly
2CFDB4	Shenzhen Jingxun Software Telecommunication
2CFE4F	Xiaomi
2CFE8B	Microchip
2CFEE2	Qingdao Hisense Communications
2CFF65	Oki Electric Industry
2CFFEE	vivo
3000FC	Nokia
3001AF	Cisco
3003C8	Cloud Network Technology Singapore PTE
30045C	Shenzhen SuperElectron
300475	Qbic Communications Dmcc
300505	Intel
30053F	JTI
30055C	Brother industries
30074D	Samsung
30075C	Netis
3007A3	Shenzhen Skyworth Digital
3007EB	Xiaomi
30084D	Trumpf Hüttinger
300916	Apple
3009C0	Motorola
300A9D	Axino Solutions
300AC5	Ruio telecommunication
300B9C	Delta Mobile
300C23	ZTE
300D2A	Zhejiang Wellcom
300D43	Microsoft
300D9E	Ruijie Networks
300E43	Apple
300EB8	LG
300ED5	Foxconn
300EE3	Aquantia
3010B3	Liteon
3010E4	Apple
301389	Siemens AG, Automations & Drives
30138B	HP
30142D	Piciorgros
30144A	WNC
301518	Ubiquitous Communication
301577	Zyxel
30168D	ProLon
30169D	Mercusys
3017C8	Sony
3018CF	DEOS control
301966	Samsung
301984	Huawei
301A28	Mako Networks
301A30	Mako Networks
301ABA	OPPO
301B97	Lierda Science
301C22	HPE
301D49	Firmus
301F48	ZTE
30215B	Shenzhen Ostar Display Electronic
302303	Belkin
302364	Nokia
3023BA	Accelerated Memory Production
3023CD	Fujian Star-net Communication
302432	Intel
302450	Hangzhou Huacheng Network
302478	Sagemcom
3024A9	HP
3027CF	Canopy Growth
30292B	eero
30294B	Huawei
302952	Hillstone Networks
3029BE	Shanghai MRDcom
302BDC	Top-Unum
302DE8	JDA, LLC (JDA Systems)
302F1E	Siemens
302FAC	Zhejiang HuaRay
30305F	Valeo Schalter und Sensoren
3030D0	Texas Instruments
3030F9	Espressif
30317D	Hosiden
303180	Shenzhen Skyworth Digital
303235	Qingdao Intelligent&Precise
303294	W-IE-NE-R Plein & Baus
3032D4	Hanilstm
303335	Boosty
303422	eero
3034D2	Availink
3034DB	LG
3034F6	Vantiva Connected Home - Subcomponents
3035AD	Apple
3035C5	Huawei
3037A6	Cisco
3037B3	Huawei
303855	Nokia
303926	Sony
303955	Shenzhen Jinhengjia Electronic
3039A9	Hongshan Information Science and Technology (HangZhou)
3039F2	ADB Broadband Italia
303A4A	eero
303A64	Intel
303ABA	Guangzhou BaoLun
303B49	Cisco Meraki
303B7C	Apple
303D08	Glintt TES
303EA7	Intel
303EAD	Sonavox Canada
303F5D	PT HAN Sung Electoronics Indonesia
303F7B	Shenzhen YOUHUA
303FBB	HPE
304074	ZTE
3040FA	EM Microelectronic
304174	Altec Lansing
3041DB	vivo
304225	Burg-wächter
304240	ZTE
3042A1	ilumisys Inc. DBA Toggled
304449	PLATH Signal Products
304487	Hefei Radio Communication
3044A1	Shanghai Nanchao Information
304511	Texas Instruments
304596	Huawei
30469A	Netgear
30487D	Tuya Smart
30493B	Nanjing Z-Com Wireless
30499E	Huawei
304A26	Shenzhen Trolink
304AC4	Barrot
304B07	Motorola
304C7E	Panasonic Electric Works Automation Controls Techno
304D1F	Amazon
304E1B	Huawei
304EC3	Tianjin Techua
304F00	OPPO
304F75	Zhone
305075	GN Audio
3050CE	Xiaomi
3050F1	Ennoconn
3050FD	Skyworth Digital Technology(Shenzhen)
3051F8	BYK-Gardner
305223	GD Midea Air-Conditioning Equipment
305253	BuildJet
30525A	NST
3052CB	Liteon
30535B	Shenzhen Comnect
3053C1	Cresyn
3055ED	Trex Network
30560F	Giga-byte
305684	Shenzhen Yunji Intelligent
305696	Infinix mobility
305714	Apple
30578E	eero
3057AC	IRLAB
305890	Frontier Silicon
3058EB	ZTE
30595B	streamnow
3059B7	Microsoft
305A3A	ASUS
305A99	Sichuan Tianyi Comheart Telecom
305D38	Beissbarth
305DA6	Advaly System
305F77	New H3C
30600A	CIG Shanghai
306023	CommScope
306112	PAV
306118	Paradom
3061A2	Huawei
306222	Samsung
30636B	Apple
306371	Shenzhenshi Xinzhongxin
3063CF	Zhejiang Cainiao Supply Chain Management
3063EA	Juniper
3065EC	Wistron (ChongQing)
3066D0	Huawei
3067A1	Sagemcom
30688C	Reach
306893	TP-Link
30694B	RIM
306A4F	Roku
306A85	Samsung
306CBE	Skymotion Technology (HK)
306D34	Wu Qi
306DF9	OPPO
306E5C	Validus
306F07	Nations
3071B2	Hangzhou Prevail Optoelectronic Equipment
307350	Inpeco
307467	Samsung
307496	Huawei
307512	Sony
30766F	LG
3076F5	Espressif
3077CB	Maike Industry(Shenzhen)CO
3077DF	Terex
30785C	Partow Tamas Novin (Parman)
30786B	TIANJIN Golden Pentagon
3078C2	Innowireless / QUCELL Networks
3078D3	Virgilant
307A05	Huawei
307A57	Accuenergy (CANADA)
307AD2	Apple
307BAC	New H3C
307BC9	Shenzhen Bilian Electronic Co.，ltd
307C30	RIM
307C4A	Huawei
307C5E	Juniper
307CB2	Anov France
307ECB	SFR
307F10	OPPO
30809B	New H3C
308216	Apple
30836B	SteeRetail
308398	Espressif
3083D2	Motorola
308454	OPPO
3085A9	ASUS
3085EB	Fiberhome Telecommunication
30862D	Arista Network
3086F1	Fiberhome Telecommunication
308730	Huawei
3087D9	Ruckus
308841	Sichuan AI-Link
308944	DEVA Broadcast
30894A	Intel
308976	Dalian Lamba
308999	Guangdong East Power
3089A6	Huawei
3089D3	Hongkong Ucloudlink Network
3089EC	Nintendo
308AF7	Huawei
308B23	Annapurna labs
308BB2	Cisco
308CFB	Dropcam
308D99	HP
308DD4	Huawei
308E7A	Shenzhen iComm Semiconductor
308ECF	Huawei
309048	Apple
3090AB	Apple
309176	Skyworth Digital Technology(Shenzhen)
30918F	Vantiva Technologies Belgium
3092F6	Shanghai Sunmon Communication Technogy
3093BC	Sagemcom
309435	vivo
309587	Hunan Fn-link
3095E3	Shanghai Simcom
309610	Huawei
30963B	Huawei
30964C	Egym SE
3096FB	Samsung
309935	ZTE
309BAD	BBK Educational
309C23	Micro-Star INTL
309E1D	Ohsung
309E62	Huawei
309FFB	Ardomus Networks
30A023	Rock Path
30A033	Apple
30A176	Fiberhome Telecommunication
30A1FA	Huawei
30A220	ARG Telecom
30A243	Shenzhen Prifox Innovation
30A2C2	Huawei
30A30F	Huawei
30A3B5	Jiangsu Best Tone Information Service
30A452	Arrival Elements
30A612	ShenZhen Hugsun
30A771	Jiang Su Fulian Communication
30A7F5	Apple
30A889	Decimator Design
30A8DB	Sony
30A998	Huawei
30A9DE	LG
30AABD	Shanghai Reallytek Information
30AAE4	Huawei
30AB6A	Samsung
30ACED	Packet Clearing House
30AE7B	Deqing Dusun Electron
30AEA4	Espressif
30AEF6	Radio Mobile Access
30AF7E	Texas Instruments
30AFCE	vivo
30B037	New H3C
30B0EA	Shenzhen Chuangxin Internet Communication
30B164	Power
30B1B5	Arcadyan
30B216	Hitachi Energy Germany
30B237	GD Midea Air-Conditioning Equipment
30B29F	Evident
30B346	Cjsc Norsi-trans
30B3A2	Shenzhen Heguang Measurement & Control
30B49E	TP-Link
30B4B8	LG
30B5C2	TP-Link
30B5F1	Aitexin
30B62D	Mojo Networks
30B64F	Juniper
30B7D4	Hitron
30B851	Siemens
30B89A	Kryon Technology Private
30B930	ZTE
30B9B0	Intracom Asia
30BB43	Sixi Networks
30BB7D	OnePlus
30BC4F	Beijing Jianguo Bite
30BD13	Zyxel
30BDFE	Sichuan Tianyi Comheart Telecom
30BE29	AltoBeam
30BE3B	Mitsubishi Electric
30C01B	Shenzhen Jingxun Software Telecommunication
30C0AE	Apple
30C3D9	Alpsalpine
30C507	ECI Telecom
30C50F	Huawei
30C599	ASUS
30C695	Overview
30C6AB	ZTE
30C6D7	New H3C
30C6F7	Espressif
30C750	MIC
30C7AE	Samsung
30C82A	Wi-biz
30C8A2	Shenzhen Transchan
30C91B	Zhen Shi Information Technology（Shanghai）Co
30C922	Espressif
30C9AB	Cloud Network Technology Singapore PTE
30C9CC	Samsung
30CB36	Belden Singapore Pte
30CB89	OnLogic
30CBC7	Cambium Networks
30CBF8	Samsung
30CC21	ZTE
30CDA7	Samsung
30D042	Dell
30D16B	Liteon
30D17E	Huawei
30D32D	devolo
30D357	Logosol
30D386	ZTE
30D46A	Autosales
30D4E2	Huawei
30D51F	Prolights
30D53E	Apple
30D587	Samsung
30D659	Merging
30D6C9	Samsung
30D7A1	Apple
30D875	Apple
30D941	Raydium Semiconductor
30D959	Shanghai Longcheer
30D97F	Tech4home, Lda
30D9D9	Apple
30DCE7	ZTE
30DDAA	Zhejiang Dahua Technologyco
30DE4B	TP-Link
30DE52	Samsung
30DE86	Cedac Software
30DF17	Alpsalpine
30DF8D	Shenzhen Gongjin Electronics Co.,lt
30E044	Google
30E04F	Apple
30E090	Genevisio
30E171	HP
30E1F1	Intelbras
30E226	Apple
30E271	Fsas
30E283	Texas Instruments
30E37A	Intel
30E396	Huawei
30E3A4	Intel
30E3D6	Spotify USA
30E48E	Vodafone UK
30E4D8	Huawei
30E4DB	Cisco
30E7BC	OPPO
30E8E4	Qorvo International Pte
30E98E	Huawei
30EA26	Sycada
30EB15	Huawei
30EB1F	Skylab M&C
30EB25	Intek Digital
30EB5A	EYKON Solutions
30EC7C	Shenzhen Along
30ECA3	Alfatron
30ED96	LS Mecapion
30EDA0	Espressif
30EFD1	Alstom Strongwish (Shenzhen)
30F028	Bosch Sicherheitssysteme
30F03A	UEI Electronics Private
30F23C	Tecno Mobile
30F31D	ZTE
30F335	Huawei
30F33A	+plugg
30F42F	ESP
30F527	New H3C
30F600	Sagemcom
30F65D	HPE
30F6B9	Ecocentric Energy
30F6EF	Intel
30F70D	Cisco
30F772	Foxconn
30F77F	S Mobile Devices
30F7C5	Apple
30F7D7	Thread
30F856	Extreme Networks
30F947	Shenzhen Skyworth Digital
30F94B	Universal
30F9ED	Sony
30FAB7	Tunai Creative
30FB10	Silicon Laboratories
30FB68	Wuhan Zmvision
30FB94	Shanghai Fangzhiwei Information
30FBB8	Huawei
30FC68	TP-Link
30FC8C	Vantiva - Connected Home
30FCEB	LG
30FD11	Macrotech (usa)
30FD34	COMMANDO Networks Pvt
30FD38	Google
30FD65	Huawei
30FE31	Nokia
30FE6C	Apple
30FEFA	Cisco
30FFF6	HangZhou KuoHeng
30FFFD	Huawei
3400A3	Huawei
340286	Intel
34029B	Plexonics
34029C	D-Link
34033D	HP
3403DE	Texas Instruments
340557	vivo
34074F	AccelStor
3407AC	Pronyx Trading
3407FB	Ericsson
340804	D-Link
3408BC	Apple
3408E1	Texas Instruments
340962	Hangzhou Hikvision Digital
3409C9	Dongguan Huayin Electronic
3409E9	Harman/Becker Automotive
340A22	Top-access
340A33	D-Link
340A98	Huawei
340AFF	Qingdao Hisense Communications
340B40	Mios Elettronica
340CED	Moduel
340E22	Apple
340F66	Web Sensing
34105D	Texas Instruments
3410BE	Apple
3410D0	Huawei
3410F4	Silicon Laboratories
341290	Treeview
341298	Apple
3412DC	Qingdao HaierTechnology
3412F9	Huawei
341343	GE Lighting
3413A8	Mediplan
3413E8	Intel
341453	Gantner Electronic
34145F	Samsung
3414B5	Texas Instruments
341513	Texas Instruments
341530	vivo
341593	Ruckus
34159E	Apple
341736	Shenzhen iComm Semiconductor
3417DD	Sercomm
3417EB	Dell
34194D	Arcadyan
341A35	Fiberhome Telecommunication
341A4C	Shenzhen Weibu
341B22	Grandbeing
341B2D	Cisco
341CF0	Xiaomi
341E6B	Huawei
341FC4	Shenzhen V-Link
341FE4	CommScope
342003	Shenzhen Feitengyun
3420D3	Shenzhen Ip-com Networks
3420E3	Ruckus
342109	Jensen Scandinavia
3422CF	Aumovio
342387	Foxconn
3423BA	Samsung
34243E	ZTE
34255D	Shenzhen Loadcom
3425B4	Silicon Laboratories
3425BE	Amazon
342601	Huawei
342606	CarePredict
3426E6	CIG Shanghai
342792	Freebox
342840	Apple
342844	Kyung In
342865	Juniper
3428F0	ATN
342912	Huawei
3429EA	MCD Electronics SP. Z O.O
3429EF	Qingdao Haier
342AF1	Texas Instruments
342B6E	Apple
342B70	Arris
342C8E	Ufispace
342CC4	Compal Broadband Networks
342D0D	Samsung
342D0F	ZTE
342DA3	Fiberhome Telecommunication
342EB6	Huawei
342EB7	Intel
342F6E	Anywire
342FBD	Nintendo
343111	Samsung
34317F	Panasonic Appliances
34318F	Apple
3431C4	AVM (FRITZ!Box)
3432E6	Panasonic Industrial Devices Europe
343607	Pinewave PTE
343638	Huawei
34363B	Apple
343654	ZTE
343759	ZTE
343794	Hamee
343839	NEC Platforms
3438AF	Inlab Networks
3438B7	HUMAX
343916	Google
343932	Xiaomi
343A20	HPE
343C30	NXP Semiconductor (Tianjin)
343D7F	Klipsch
343D98	JinQianMao
343DA9	Huawei
343DC4	Buffalo
343E25	Ohsung
343EA4	Ring
3440B5	IBM
34415D	Intel
3441A8	ER-Telecom
344262	Apple
34466F	HiTEM Engineering
3446EC	Huawei
344763	Comtrend
34479A	OPPO
3447D4	Chengdu Quanjing Intelligent
3448ED	Dell
344951	Eliyan
34495B	Sagemcom
344A1B	ZTE
344A86	Honor
344AC3	HuNan ZiKun Information
344B3D	Fiberhome Telecommunication
344B50	ZTE
344CA4	amazipoint
344CC8	Echodyne
344DEA	ZTE
344DF7	LG
344E2F	LEAR
344EE2	Huawei
344F3F	IO-Power
344F5C	R&amp;M
344F69	Ekinops
34516F	Skychers Creations ShenZhen
345180	TCL King Electrical Appliances (Huizhou)
345184	Huawei
3451AA	JID Global
3451C9	Apple
3453D2	Sagemcom
34543C	Takaoka Toko
3454EF	Cisco
345506	Guangdong Genius
345594	Fujian Star-net Communication
3455E5	SJIT
3456ED	Goerdyna
3456FE	Cisco Meraki
345760	MitraStar
345840	Huawei
34587C	Mirae Information
34588A	Cisco
345A06	SHARP
345A18	Alignment Engine
345A60	Micro-Star INTL
345ABA	tcloud intelligence
345B11	EVI Heat
345B98	EM Microelectronic
345BBB	GD Midea Air-Conditioning Equipment
345C40	Cargt
345CF3	Chipsea Technologies (Shenzhen)
345D10	Wytek
345D9E	Sagemcom
345DA8	Cisco
345E08	Roku
345EE7	Hangzhou ChengFengErLai Digial
345F45	Espressif
3460F9	TP-Link
346178	The Boeing
346288	Cisco
3462B4	Renesas Electronics (Penang) Sdn. Bhd
3463D4	Bionix Supplychain Technologies SLU
3464A9	HP
346679	Huawei
346691	Apple
3466EA	VERTU
34684A	Teraworks
346893	Tecnovideo
346895	Foxconn
3468B5	Texas Instruments
346987	ZTE
346AC2	Huawei
346B46	Sagemcom
346B5B	New H3C
346BD3	Huawei
346C0F	Pramod Telecom Pvt
346D9C	Carrier
346E68	Huawei
346E8A	Ecosense
346E9D	Ericsson
346F11	Qingdao Zhipai Information
346F24	AzureWave
346F3F	Foxconn
346F71	TenaFe
346F90	Cisco
346F92	White Rodgers Division
346FED	Enovation Controls
347069	Cisco
347146	Huawei
34732D	Cisco
34735A	Dell
347379	xFusion Digital
347563	Shenzhen Rf-link
3475C7	Avaya
3476C5	I-O Data
347839	ZTE
347877	O-Net Communications (Shenzhen)
3478D7	Gionee Communication Equipment
347916	Huawei
347A60	CommScope
347C25	Apple
347DE4	Shenzhen Bilian Electronic Co.，ltd
347DF6	Intel
347E00	Huawei
347E39	Nokia
347E5C	Sonos
347ECA	Nextwill
347F63	Concept Pro Surveillance
34800D	Marvell Semiconductors
3480B3	Xiaomi
348137	Unicard
3481C4	AVM (FRITZ!Box)
3481F4	SST Taiwan
348296	Apple
3482C5	Samsung
3482DE	Kiio
348302	iFORCOM
3483D5	Huawei
348446	Ericsson
3484E4	Texas Instruments
348511	Shenzhen Skyworth Digital
348518	Espressif
348584	Extreme Networks
34862A	Heinz Lackmann
34865D	Espressif
3486DA	Honor
34873D	Quectel Wireless Solutions
3487FB	GTAI
348818	Cisco
34885D	Logitech Far East
348A12	HPE
348A3B	Huawei
348A7B	Samsung
348AAE	Sagemcom
348B75	Lava International(h.k)
348C5E	Apple
348D13	Silicon Laboratories
348D52	Sichuan Tianyi Comheart Telecom
348E89	Hangzhou BroadLink
348F27	Ruckus
3490EA	Murata
34916F	UserGate
3491F0	DJI Baiwang
3492C2	Square Route
349342	TTE
34936F	Juniper
349454	Espressif
3495DB	Logitec
349671	Huawei
349672	TP-Link
349677	ZTE
34976F	Rootech
3497D7	Yealink(xiamen) Network
3497F6	ASUS
3497FB	Advanced RF
34987A	Espressif
34987C	AltoBeam
3498B5	Netgear
34996F	VPI Engineering
349971	Quanta Storage
3499D7	Universal Flow Monitors
349A0D	ZBD Displays
349B5B	Maquet
349D90	Heinzmann
349E34	Evervictory Electronic
349F7B	CANON
34A137	Huawei
34A183	AWare
34A27D	Unisyue Technologies Co;LTD
34A2A2	Huawei
34A34E	NevadaNano
34A395	Apple
34A3BF	Terewave
34A55D	Technosoft
34A5B4	Navtech PTE
34A5E1	Sensorist ApS
34A68C	Shine Profit Development
34A6EF	Shenzhen Phaten
34A709	Trevil
34A7BA	Fischer
34A843	KYOCERA Display
34A84E	Cisco
34A8A0	Huawei
34A8DB	SenArch ApS
34A8EB	Apple
34AA31	Shenzhen Skyworth Digital
34AA8B	Samsung
34AA99	Nokia
34AAEE	Mikrovisatos Servisas UAB
34AB37	Apple
34AB95	Espressif
34AC11	China Mobile Group Device
34AC2F	ZTE
34AD61	Celestica
34ADE4	Shanghai Chint Power
34AF2C	Nintendo
34AFA3	Recogni
34AFB3	Amazon
34B126	TP-Link
34B1EB	Apple
34B1F7	Texas Instruments
34B20A	Huawei
34B354	Huawei
34B472	Espressif
34B4F0	Hasselblad (Shenzhen) Trading CompanyLimited
34B571	PLDS
34B5A3	CIG Shanghai
34B7DA	Espressif
34B7FD	Guangzhou Younghead Electronic
34B883	Cisco
34B98D	Xiaomi
34BA38	PAL Mohan Electronics PVT
34BA51	Se-Kure Controls
34BA75	Everest Networks
34BA9A	Asiatelco
34BB1F	BlackBerry RTS
34BB26	Motorola
34BC5E	eero
34BCA6	Beijing Ding Qing
34BD20	Hangzhou Hikrobot
34BDC8	Cisco
34BDF9	Shanghai WDK Industrial
34BDFA	Cisco
34BE00	Samsung
34BF90	Fiberhome Telecommunication
34C059	Apple
34C0F9	Rockwell Automation
34C103	Hangzhou Huamu
34C1E9	Ulak Communications
34C229	Calix
34C232	Samsung
34C386	Apple
34C3AC	Samsung
34C3D2	Fn-link
34C3FD	Cisco
34C459	Texas Instruments
34C515	HPE
34C5D0	Hagleitner Hygiene
34C69A	Enecsys
34C6DD	Hangzhou Ezviz Software
34C731	Alpsalpine
34C7E9	Google
34C803	Nokia
34C93D	Intel
34C99D	Eidolon Communications
34C9F0	LM
34CA81	New H3C Intelligence Terminal
34CB1A	Procter & Gamble
34CC28	Nexpring
34CD6D	CommSky
34CDB0	Espressif
34CDBE	Huawei
34CE00	Xiaomi
34CE69	Nokia
34CE94	Parsec (Pty)
34CF6C	Hangzhou Taili wireless communication equipment
34CFB5	Robotic d.o.o
34CFF6	Intel
34D09B	MobilMAX
34D262	SZ DJI
34D270	Amazon
34D2C4	RENA GmbH Print Systeme
34D4E3	Atom Power
34D509	Genexis
34D693	Huawei
34D712	Smartisan Digital
34D72F	Shenzhen SuperElectron
34D737	IBG Industriebeteiligungsgesellschaft mbH &b
34D772	Xiamen Yudian Automation
34D7B4	Tributary
34D856	Shenzhen Skyworth Digital
34D868	Broadcom
34D954	WiBotic
34DAA1	Apple
34DAB7	ZTE
34DAC1	SAE Technologies Development(Dongguan)
34DB9C	Sagemcom
34DBFD	Cisco
34DC99	New H3C
34DD04	Minut
34DD7E	Umeox Innovations
34DDCC	Google
34DE1A	Intel
34DE34	ZTE
34DF20	Shenzhen Comstar
34DF2A	Fujikon Industrial
34E0CF	ZTE
34E0D7	Dongguan Qisheng Electronics Industrial
34E12D	Intel
34E1A9	AVM (FRITZ!Box)
34E1D7	NXP Semiconductors Taiwan
34E2FD	Apple
34E380	Genexis
34E3DA	Hoval Aktiengesellschaft
34E3FB	Samsung
34E42A	Automatic Bar Controls
34E5EC	Palo Alto Networks
34E6AD	Intel
34E6D7	Dell
34E6E6	LG
34E70B	HAN Networks
34E71C	Shenzhen YOUHUA
34E894	TP-Link
34E911	vivo
34E9FE	Metis
34EA10	Orbic North America
34EA34	HangZhou Gubei
34EAE7	Shanghai High-Flying
34ECB6	Phyplus Microelectronics
34ED0B	Shanghai XZ-COM
34ED1B	Cisco
34EE16	Apple
34EE2A	ConMet
34EF44	2Wire
34EF8B	NTT Docomo Business
34EFB6	Edgecore Networks
34EFD7	Huawei
34F015	Xiaomi
34F043	Samsung
34F084	Samsung
34F0CA	Shenzhen Linghangyuan Digital
34F150	Hui Zhou Gaoshengda
34F223	Fujian Newland Communication Science
34F39A	Intel
34F39B	WizLAN
34F5D7	Huawei
34F62D	SHARP
34F64B	Intel
34F68D	Apple
34F6D2	Panasonic Taiwan
34F716	TP-Link
34F86E	Parker Hannifin
34F890	Nanjing RISC-V Institute
34F8DD	Apple
34F8E7	Cisco
34F968	ATEK Products
34FA1C	Xiaomi
34FA40	Guangzhou Robustel
34FA9F	Ruckus
34FC6F	ALCEA
34FC99	SJIT
34FCA1	Micronet union Technology(Chengdu)Co
34FCB9	HPE
34FCEF	LG
34FD6A	Apple
34FD70	Intel
34FE1C	Choung HWA
34FE77	Apple
34FE9E	Fujitsu
34FEC5	Shenzhen Sunwoda intelligent hardware
34FFF3	Huawei
380025	Intel
380118	ULVAC
380146	Shenzhen Bilian Electronic Co.，ltd
380195	Samsung
380197	TSST Global
38019F	Shenzhen Fast
3802DE	Sercomm
3802E3	Yichen (shenzhen)
380484	Apple
380546	Foctek Photonics
3805AC	Piller
3806B4	A.D.C
3806E6	Arcadyan
380716	Freebox
3807D4	Zeppelin
3808FD	Silca
3809A4	Firefly Integrations
3809FB	Apple
380A0A	Sky-City Communication and
380A4F	Prachi Enterprises
380A94	Samsung
380AAB	Formlabs
380B26	Mindray
380B3C	Texas Instruments
380B40	Samsung
380DD4	Primax
380E4D	Cisco
380E7B	V.P.S. Thai
380F4A	Apple
380FAD	Huawei
380FE4	Dedicated Network Partners
3810D5	AVM (FRITZ!Box)
3810F0	HPE
38127B	Crenet Labs
38141B	Secure Letter
381428	Dell
38144E	Fiberhome Telecommunication
3814A1	LG
38165A	ZTE
381672	Shenzhen SuperElectron
3816B3	HP
3816D1	Samsung
381730	Ulrich Lippert
381766	Promzakaz
3817B1	Sagemcom
3817C3	HPE
3817E1	Vantiva USA
38182B	Espressif
38184C	Sony
381868	Intel
38192F	Nokia
381A52	Epson
381B9E	Qingdao Intelligent&Precise
381C1A	Cisco
381C23	Hilan
381C4A	SIMCom Wireless Solutions
381D14	Skydio
381DD9	Fn-link
381EC7	Chipsea Technologies(Shenzhen)
381F8D	Tuya Smart
382028	Huawei
382056	Cisco
3820A8	ColorTokens
382187	Midea
3821C7	HPE
382228	Telink Micro
38229D	ADB Broadband Italia
3822D6	Hangzhou H3C
3822E2	HP
3822F4	Huawei
3823DA	Even Realities
3824F1	Private
38256B	Microsoft
3825F3	Mellanox
38262B	UTran
382656	TCL King Electrical Appliances(Huizhou)Co
3826CD	Andtek
382835	ZTE
3828EA	Fujian Netcom
38295A	OPPO
3829DD	ONvocal
382A19	Technica Engineering
382A8B	nFore
382A8C	ALL Winner (Hong Kong)
382B78	ECO Plugs Enterprise
382C4A	ASUS
382CDB	Arista Networks
382CE5	Tuya Smart
382DD1	Samsung
382DE8	Samsung
382FB0	GD Midea Air-Conditioning Equipment
3830F9	LG
38315A	Rinnai
3831AC	WEG
38327A	Routerboard.com
3833C5	Microsoft
3835FB	Sagemcom
38378B	Huawei
38384B	vivo
3838A6	Arista Networks
383904	ittim
38396C	Huawei
38398F	Silicon Laboratories
3839CD	vivo
3839DD	Nokia
383B26	Jiangsu Qinheng
383BC8	2Wire
383C9C	Fujian Newland Payment
383D5B	Fiberhome Telecommunication
383E51	Espressif
383F10	DBL
383FB3	Vantiva USA
383FE8	Huawei
38420B	Sonos
384233	Wildeboer Bauteile
3842A6	Ingenieurbuero Stahlkopf
384369	Patrol Products Consortium
38437D	Compal Broadband Networks
3843E5	Grotech
3844BE	Espressif
38453B	Ruckus
38454C	Light Labs
384554	Harman/Becker Automotive
38458C	MyCloud
384608	ZTE
384712	Luxottica Tristar (Dongguan) Optical
3847BC	Huawei
3847F2	Recogni
38484C	Apple
384A80	Samsung
384B24	Siemens
384B5B	ZTRON
384B76	AIRTAME ApS
384C4F	Huawei
384C90	CommScope
384DD2	Huawei
384E56	Texas Instruments
384F49	Juniper
384FF0	AzureWave
38521A	Nokia
385247	Huawei
385319	34ED LLC DBA Centegix
38539C	Apple
385439	Guangzhou Shiyuan Electronic
38549B	ZTE
3854F5	AltoBeam
385610	Candy House
38563D	Microsoft
3856B5	Peerbridge Health
38580C	Panaccess
3859F8	MindMade Sp. z o.o
3859F9	Foxconn
385AA8	Beijing Zhongdun Security Technology Development
385B44	Silicon Laboratories
385C76	Plantronics
385CFB	Silicon Laboratories
385F66	Cisco
385FC3	Yu Jeong System
386077	Pegatron
3861A5	Grabango
386233	Apple
38637F	Fiberhome Telecommunication
3863BB	HP
3863F6	3nod Multimedia(shenzhen)co
386407	Qingdao Intelligent&Precise
386504	Honor
3865B2	Apple
386645	OOSIC
3866F0	Apple
386793	Asia Optical
386893	Intel
3868A4	Samsung
3868BE	Sichuan Tianyi Comheart Telecom
3868DD	Inventec
386A77	Samsung
386B1C	Shenzhen Mercury Communication
386BBB	CommScope
386C9B	Ivy Biomedical
386DED	Juniper
386E21	Wasion
386E88	ZTE
386EA2	vivo
386EB2	Huawei
386F6B	OPPO
386FF4	Amazon
38700C	CommScope
387035	Nintendo
3870F2	Huawei
3871DE	Apple
3872C0	Comtrend
38736E	Huawei
387605	Inogeni
3876CA	Shenzhen Smart Intelligent
3876D1	Euronda
387707	AltoBeam
3877CD	Kokusai Electric
387862	Sony
387A0E	Intel
387A3C	Fiberhome Telecommunication
387ACC	Shenzhen Bilian Electronic Co.，ltd
387B01	Shenzhen MiaoMing Intelligent
387B47	AKELA
387C76	Universal Global Scientific Industrial
387F8B	Apple
3880DF	Motorola
3881D7	Texas Instruments
388345	TP-Link
38839A	Shenzhen Rf-link
388479	Cisco Meraki
3885BB	Commodore
388602	Flexoptix
3886F7	Google
38879C	Ei
3887D5	Intel
38881E	Huawei
388871	Askey Computer
3888A4	Apple
38892C	Apple
3889DC	Opticon Sensors Europe
388A06	Samsung
388A21	UAB "Teltonika Telematics"
388AB7	ITC Networks
388ABE	OPPO
388B59	Google
388C50	LG
388CEF	Samsung
388D3D	WNC
388E7A	Autoit
388EE7	Fanhattan
388F30	Samsung
389052	Huawei
3890A5	Cisco
3890AF	ZTE
3890FE	New H3C
389148	ZTE
3891B7	Cisco
3891D5	Hangzhou H3C
3891FB	Xenox Holding
389201	Tianyi Telecom Terminals
38922E	ArrayComm
389231	Tecno Mobile
389461	Renesas Electronics (Penang) Sdn. Bhd
389496	Samsung
3894E0	Syrotech Networks
3894ED	Netgear
389592	Tendyron
3897A4	Elecom
3897D6	Hangzhou H3C
3898D8	Meritech
3898E9	Huawei
389AF6	Samsung
389B73	GSD Viet NAM
389CB2	Apple
389D92	Epson
389E4C	HPE
389E80	ZTE
389F5A	C-Kur TV
389F77	Suzhou Retronic Interconnect
389F83	OTN Systems N.V
38A067	Nokia
38A28C	Shenzhen Rf-link
38A3E0	1Finity
38A44B	Huawei
38A4ED	Xiaomi
38A53C	COMECER Netherlands
38A5B6	Shenzhen Megmeet Electrical
38A5C9	Tuya Smart
38A659	Sagemcom
38A6CE	SKY UK
38A746	Compal Information (kunshan)
38A851	Quickset Defense
38A86B	Orga
38A89B	Fiberhome Telecommunication
38A91C	New H3C
38A95F	Actifio
38A9EA	HK Dapu Electronic
38AA09	Cisco
38AA20	ZTE
38AA3C	Samsung
38AB16	NPO RTT
38AB41	Texas Instruments
38AC3D	Nephos
38ACDD	Valenco
38AD2B	Hitron
38AD8E	New H3C
38ADBE	New H3C
38AF29	Zhejiang Dahua
38AFD0	Nevro
38AFD7	Fujitsu
38B12D	Sonotronic Nagel
38B1DB	Foxconn
38B3F7	Huawei
38B4D3	BSH Hausgeräte
38B54D	Apple
38B5BD	E.G.O. Elektro-Ger
38B5C9	Ingram Micro Services
38B5D3	SecuWorks
38B725	Wistron Infocomm (Zhongshan)
38B74D	Fijowave
38B800	WNC
38B9AF	NXP Semiconductors Taiwan
38BAB0	Broadcom
38BAF8	Intel
38BB23	OzVision America
38BB3C	Avaya
38BC01	Huawei
38BC1A	MEIZU
38BC61	Starkoff
38BD7A	HPE
38BEAB	AltoBeam
38BF2F	Espec
38BF33	NEC CASIO Mobile Communications
38C096	Alpsalpine
38C0EA	Fortinet
38C1ED	Xiaomi
38C22D	Mellanox
38C2BA	Cctv Neotech
38C43A	Apple
38C4E8	NSS Sp. z o.o
38C612	Phytium
38C6BD	Xiaomi
38C6CE	Nintendo
38C70A	WiFiSong
38C7BA	CS Services
38C804	Hui Zhou Gaoshengda
38C85C	Cisco
38C986	Apple
38C9A9	SMART High Reliability Solutions
38C9B1	ZTE
38CA73	Shenzhen MiaoMing Intelligent
38CA84	HP
38CA97	Contour Design
38CADA	Apple
38CD07	Beijing FaceCam
38D09C	Huawei
38D135	EasyIO Corporation Sdn. Bhd
38D269	Texas Instruments
38D2CA	Zhejiang Tmall
38D40B	Samsung
38D518	GooWi Wireless
38D547	ASUS
38D57A	Cloud Network Technology Singapore PTE
38D620	Limidea Concept Pte
38D6E0	Topdon
38D7CA	7hugs Labs
38D82F	ZTE
38D9A5	Mikotek Information
38DBBB	Sunbow Telecom
38DE35	Guangzhou Yuandianhe Communication
38DE60	Mohlenhoff
38DEAD	Intel
38E054	Security Design
38E08E	Mitsubishi Electric
38E13D	Apple
38E158	Flaircomm Microelectronics
38E1AA	ZTE
38E1F4	Sagemcom
38E26E	ShenZhen Sweet Rain
38E2C4	Texas Instruments
38E2CA	Katun
38E2DD	ZTE
38E39F	Motorola
38E3C5	Taicang T&W
38E563	OPPO
38E595	Shenzhen Gongjin Electronics Co.,lt
38E60A	Xiaomi
38E7C0	Hui Zhou Gaoshengda
38E7D8	HTC
38E8DF	b gmbh medien + datenbanken
38E8EE	Nanjing Youkuo Electric
38E98C	Reco
38EAA7	HP
38EADD	Juniper
38EB47	Huawei
38EC07	Motorola
38EC0D	Apple
38EC11	Novatek Microelectronics
38ECE4	Samsung
38ED18	Cisco
38EE9D	Anedo
38EFE3	Ingenico Terminals
38F098	Vapor Stone Rail
38F0BB	CompuSoft
38F0C8	Logitech
38F135	SensorTec-Canada
38F18F	Technicolor
38F195	Huawei
38F20D	Juniper
38F23E	Microsoft
38F25D	Hangzhou Ezviz Software
38F32E	Skullcandy
38F33F	Tatsuno
38F3AB	LCFC(Hefei)
38F3FB	Asperiq
38F406	Jinan USR IOT
38F45E	H1-Radio
38F554	Hisense Electric
38F557	Jolata
38F597	home2net
38F601	Solid State Storage
38F6CF	ZTE
38F6ED	EVK DI Kerschhaggl
38F708	National Resource Management
38F73D	Amazon
38F7B2	Seojun Electric
38F7F1	Huawei
38F85E	HUMAX
38F889	Huawei
38F8B7	V2com Participacoes
38F8CA	OWIN
38F8F6	Adtran
38F9D3	Apple
38F9F5	Garmin
38FACA	Skyworth Digital Technology(Shenzhen)
38FB14	Huawei
38FBA0	Shenzhen Baseus Technology CoLtd
38FC34	Huawei
38FC98	Intel
38FDF5	Renesas Electronics (Penang) Sdn. Bhd
38FDF8	Cisco
38FEC5	Ellips
38FF13	Joint Stock Company "Research Instinite "Masshtab"
38FF36	Ruckus
38FF59	Dell
3C01EF	Sony
3C0268	Infinera
3C02B1	Creation Technologies LP
3C0461	CommScope
3C04BF	Pravis
3C0518	Samsung
3C058E	Huawei
3C05AB	Product Creation Studio
3C0630	Apple
3C0664	Beijing Leagrid
3C06A7	TP-Link
3C0754	Apple
3C0771	Sony
3C07D7	Apple
3C081E	Beijing Yupont Electric Power
3C0868	Power Plus Communications
3C08CD	Juniper
3C08F6	Cisco
3C096D	Powerhouse Dynamics
3C0A7A	Samsung
3C0AF3	Cloud Network Technology Singapore PTE
3C0B4F	Intertech Services
3C0B59	Tuya Smart
3C0C48	Servergy
3C0C7D	Tiny Mesh
3C0CDB	Union MAN
3C0D0D	Espressif
3C0D2C	Liquid-Markets
3C0E23	Cisco
3C0F02	Espressif
3C0FC1	KBC Networks
3C1040	daesung network
3C1060	Fiberhome Telecommunication
3C106F	Albahith
3C10E6	PHAZR
3C11B2	Fraunhofer FIT
3C135A	Xiaomi
3C1367	CxTEK Innovations India Pvt
3C13BB	Huawei
3C13CC	Cisco
3C1512	Shenzhen Huanhu
3C155A	Nokia
3C15C2	Apple
3C15EA	Tescom
3C15FB	Huawei
3C1640	Qingdao Haier
3C1710	Sagemcom
3C189F	Nokia
3C18A0	Luxshare Precision Industry
3C1915	GFI Chrono Time
3C195E	Samsung
3C197D	Ericsson
3C19CB	Tecno Mobile
3C1A0F	ClearSky Data
3C1A57	Cardiopulmonary
3C1A65	Nokia
3C1A79	Huayuan
3C1A9E	VitalThings
3C1ACC	Quectel Wireless Solutions
3C1BF8	Hangzhou Hikvision Digital
3C1CBE	JADAK
3C1E04	D-Link
3C1E13	Hangzhou Sunrise
3C1EB5	Apple
3C1F52	eero
3C2093	GD Midea Air-Conditioning Equipment
3C20F6	Samsung
3C219C	Intel
3C227F	Quectel Wireless Solutions
3C22FB	Apple
3C2319	final
3C240A	Huawei
3C25D7	Nokia
3C25F8	Dell
3C26D5	Sotera Wireless
3C26E4	Cisco
3C2763	SLE quality engineering
3C286D	Google
3C28A6	ALE
3C2983	Samsung
3C2AB3	Telesystem communications Pte
3C2AF4	Brother Industries
3C2C30	Dell
3C2C94	杭州德澜科技有限公司（HangZhou Delan Technology Co.,Ltd）
3C2C99	Edgecore Networks
3C2CA6	Xiaomi
3C2CCD	Apple
3C2D9E	Vantiva - Connected Home
3C2DB7	Texas Instruments
3C2EF5	Silicon Laboratories
3C2EF9	Apple
3C2EFF	Apple
3C2F3A	Sforzato
3C300C	Dewar
3C306F	Huawei
3C3174	Google
3C3178	Qolsys
3C318A	Samsung
3C32B9	OPPO
3C3300	Shenzhen Bilian Electronic Co.，ltd
3C3332	D-Link
3C3464	Apple
3C3556	Cognitec
3C3558	Cloud Network Technology Singapore PTE
3C3576	Itel Mobile
3C363D	Nokia
3C366A	Huawei
3C36E4	CommScope
3C3712	AVM (FRITZ!Box)
3C3786	Netgear
3C381F	Huawei
3C3824	Xiaomi
3C3888	ConnectQuest
3C38F4	Sony
3C39A8	Shenzhen Taichi
3C39C3	JW
3C39C8	Apple
3C3A73	Avaya
3C3B4D	Toyo Seisakusho Kaisha
3C3B77	Apple
3C3B99	Itel Mobile
3C3BAD	China Dragon
3C3F51	2CRSI
3C4015	12mm Health Technology (Hainan)
3C404F	Guangdong Pisen
3C410E	Cisco
3C438E	CommScope
3C450B	Sentry Equipment
3C457A	SKY UK
3C4645	Shanghai Infinity Wireless
3C46A1	Ruckus
3C46D8	TP-Link
3C4711	Huawei
3C479B	Theissen Training
3C4937	ASSMANN Electronic
3C49FF	Unionman
3C4A92	HP
3C4AC9	Huawei
3C4C69	Infinity System S.L
3C4CD0	Ceragon Networks
3C4DBE	Apple
3C4E47	Etronic
3C4E56	Shenzhen Chuangwei-rgb
3C5002	Apple
3C510E	Cisco
3C5282	HP
3C52A1	TP-Link
3C53D7	CEDES
3C5447	Huawei
3C5576	Cloud Network Technology Singapore PTE
3C55DB	Shenzhen Skyworth Digital
3C566E	Infinix mobility
3C5731	Cisco
3C574F	China Mobile Group Device
3C5765	Unionman
3C576C	Samsung
3C57BD	Kessler Crane
3C57D5	FiveCo
3C5836	Sagemcom
3C585D	Sagemcom
3C58C2	Intel
3C591E	TCL King Electrical Appliances (Huizhou)
3C59C0	Huawei
3C5A37	Samsung
3C5AB4	Google
3C5CC3	Shenzhen First Blue Chip
3C5CC4	Amazon
3C5CF1	eero
3C5D29	Zhejiang Tmall
3C5EC3	Cisco
3C5F01	Synerchip
3C6104	Juniper
3C6105	Espressif
3C6200	Samsung
3C6278	Shenzhen Jetnet
3C62F0	Sercomm
3C64CF	TP-Link
3C65D1	Huawei
3C6716	Lily Robotics
3C672C	Sciovid
3C678C	Huawei
3C6816	VXi
3C69D1	ADC Automotive Distance Control System
3C6A48	TP-Link
3C6A7D	Niigata Power
3C6A9D	Dexatek
3C6AA7	Intel
3C6AD2	TP-Link
3C6D66	Nvidia
3C6D89	Apple
3C6E63	Mitron
3C6F45	Fiberpro
3C6F9B	ZTE
3C6FEA	Panasonic India Pvt
3C6FF7	EnTek
3C7059	MakerBot Industries
3C714B	Humax Networks
3C71BF	Espressif
3C7437	RIM
3C754A	CommScope
3C75DE	OPPO
3C7625	ZTE
3C7787	Huawei
3C77E6	Foxconn
3C7843	Huawei
3C7873	Airsonics
3C7895	TP-Link
3C792B	Dongguan Auklink TechnologyCo
3C7A8A	CommScope
3C7AAA	China Dragon
3C7AC4	Chemtronics
3C7AF0	Itel Mobile
3C7C3F	ASUS
3C7D0A	Apple
3C7DB1	Texas Instruments
3C7F6E	Xiaomi
3C7F6F	Telechips
3C806B	Hunan Voc Acoustics
3C80AA	Ransnet Singapore Pte
3C8129	Inheco Industrial Heating and Cooling
3C81D8	Sagemcom
3C82C0	Vantiva USA
3C831E	CKD
3C8375	Microsoft
3C83B5	Advance Vision
3C8427	Espressif
3C846A	TP-Link
3C869A	Huawei
3C86A8	Sangshin elecom
3C86D1	vivo
3C87CF	Quanta Computer
3C894D	Dr. Ing. h.c. F. Porsche
3C8970	Neosfar
3C8994	SKY UK
3C89A6	Kapelse
3C8A1F	Espressif
3C8AB0	Juniper
3C8AE5	Tensun Information Technology(Hangzhou)
3C8B6E	Mellanox
3C8B7F	Cisco
3C8BCD	Alcatel-Lucent Shanghai Bell
3C8BFE	Samsung
3C8C40	Hangzhou H3C
3C8C93	Juniper
3C8CF8	TRENDnet
3C8D20	Google
3C8F06	Shenzhen Libtor
3C9066	SmartRG
3C90E0	Huawei
3C912B	Vexata
3C9157	Yulong Computer Telecommunication Scientific (Shenzhen)
3C9174	Along Communication
3C9180	Liteon
3C92DC	Octopod
3C93F4	Huawei
3C94D5	Juniper
3C94FD	Juniper Mist
3C9509	Liteon
3C970E	Wistron InfoComm(Kunshan)Co
3C9722	shenzhen worldelite
3C977E	IPS
3C9872	Sercomm
3C98BF	Quest Controls
3C996D	Marelli Europe
3C998C	Houwa System Design
3C99F7	Lansentechnology
3C9A77	Vantiva USA
3C9BC6	Huawei
3C9BD6	Vizio
3C9C0F	Intel
3C9D56	Huawei
3C9EC7	SKY UK
3C9F81	Shenzhen CATIC Bit Communications
3C9FC3	Beijing Sinead
3C9FCD	Shenzhen Neoway
3CA00E	Shenzhen Skyworth Digital
3CA067	Liteon
3CA070	Blink by Amazon
3CA10D	Samsung
3CA161	Huawei
3CA239	DGSQ
3CA2C3	vivo
3CA308	Texas Instruments
3CA315	Bless Information & Communications
3CA31A	Oilfind
3CA348	vivo
3CA37E	Huawei
3CA581	vivo
3CA616	vivo
3CA62F	AVM (FRITZ!Box)
3CA6F6	Apple
3CA72B	MRV Communications (Networks)
3CA7AE	ZTE
3CA80A	vivo
3CA82A	HP
3CA8ED	smart light
3CA916	Huawei
3CA9AB	Nintendo
3CA9F4	Intel
3CAA3F	iKey
3CAB72	Nanjing Qinheng Microelectronics
3CAB8E	Apple
3CAE69	ESA Elektroschaltanlagen Grimma
3CAFB7	Xiaomi
3CB07E	Arounds Intelligent Equipment
3CB0ED	Nothing
3CB15B	Avaya
3CB17F	Wattwatchers Pty Ld
3CB233	Huawei
3CB43D	SZ Tenveo video
3CB53D	Hunan Goke Microelectronics
3CB6B7	vivo
3CB6E7	Handheld Scientific
3CB72B	PLUMgrid
3CB74B	Vantiva USA
3CB792	Hitachi Maxell, Ltd., Optronics Division
3CB87A	Private
3CB8D6	Bluebank Communication
3CB922	Huawei
3CB9A6	Belden Deutschland
3CBB73	Shenzhen Xinguodu
3CBBFD	Samsung
3CBCD0	ZTE
3CBD14	Diebold Nixdorf
3CBD3E	Xiaomi
3CBD69	Nokia
3CBDC5	Arcadyan
3CBDD8	LG
3CBE8E	Guangzhou Shiyuan Electronic
3CBEE1	NIKON
3CBF60	Apple
3CBFD7	Apple
3CC03E	Huawei
3CC079	Shenzhen One-Nine Intelligent Electronic Science and
3CC0C6	d&b audiotechnik
3CC12C	AES
3CC1F6	Melange Systems Pvt
3CC243	Nokia
3CC2E1	Xinhua Control Engineering
3CC5C7	Huawei
3CC5DD	Hui Zhou Gaoshengda
3CC683	Sichuan AI-Link
3CC786	Dongguan Huarong Communication
3CC801	Shenzhen Sundray
3CC99E	Huiyang
3CCA61	Tecno Mobile
3CCA87	Iders
3CCB01	Beijing Lingji innovations
3CCB4D	Avikus
3CCB7C	TCT mobile
3CCD36	Apple
3CCD40	Apple
3CCD57	Xiaomi
3CCD5A	Technische Alternative
3CCD5D	Huawei
3CCD73	Nebula Electronic
3CCD93	LG
3CCE0D	Shenzhen juduoping
3CCE15	Mercedes-Benz USA
3CCE73	Cisco
3CCF5B	Icomm HK
3CCFB4	Telink Semiconductor (Shanghai)
3CD0F8	Apple
3CD16E	Telepower Communication
3CD1C9	Groupe SEB
3CD2E5	New H3C
3CD35C	Luna Innovations
3CD4D6	WirelessWERX
3CD7DA	SK Mtek microelectronics(shenzhen)limited
3CD92B	HP
3CD9CE	Eclipse WiFi
3CDA2A	ZTE
3CDA6D	Tiandy
3CDC75	Espressif
3CDCBC	Samsung
3CDD57	Apple
3CDD89	SOMO
3CDF1E	Cisco
3CDFA9	CommScope
3CDFBD	Huawei
3CE002	Texas Instruments
3CE038	Omnifi
3CE064	Texas Instruments
3CE072	Apple
3CE1A1	Universal Global Scientific Industrial
3CE36B	Zhejiang Dahua
3CE3E7	China Mobile Group Device
3CE441	Amazon
3CE4B0	Texas Instruments
3CE5A6	Hangzhou H3C
3CE5B4	Kidasen Industria E Comercio DE Antenas Ltda
3CE624	LG Display
3CE824	Huawei
3CE86E	HPE
3CE90E	Espressif
3CE9F7	Intel
3CEA4F	2Wire
3CEAF9	Jubixcoltd
3CEAFB	NSE
3CECDE	Fujian Star-net Communication
3CECEF	Super Micro Computer
3CEF42	TCT mobile
3CEF8C	Zhejiang Dahua
3CEFA5	Cloud Network Technology Singapore PTE
3CF011	Intel
3CF083	Arcadyan
3CF341	Hosenso
3CF392	Virtualtek
3CF4F9	Moda-InnoChips
3CF52C	Dspecialists
3CF591	OPPO
3CF5CC	New H3C
3CF652	ZTE
3CF692	Huawei
3CF72A	Nokia
3CF748	Shenzhen Linsn Technology Development
3CF75D	Zyxel
3CF7A4	Samsung
3CF7D1	OMRON
3CF808	Huawei
3CF862	Intel
3CF9F0	ZTE
3CFA06	Microsoft
3CFA30	Palo Alto Networks
3CFA43	Huawei
3CFA80	Huawei
3CFB02	Apple
3CFB5C	Fiberhome Telecommunication
3CFB96	Emcraft
3CFDFE	Intel
3CFEAC	Cisco
3CFFD8	Huawei
3CFFDD	vivo
3CFFE4	Siemens
4000E0	Derek(Shaoguan)Limited
400107	Arista
40017A	Cisco
4001C6	3com Europe
400326	NXP Semiconductor (Tianjin)
40040C	A&T
400589	T-Mobile, USA
400634	Huawei
4006A0	Texas Instruments
4006D5	Cisco
4007C0	Railtec
400877	Xiaomi
400999	Cisco
400AE7	BSH Hausgeräte
400D10	CommScope
400E67	Tremol
400E85	Samsung
400EB9	Huawei
400EF3	ZTE
400FC1	Vantiva USA
4010ED	G
4011C3	Samsung
4011DC	Sonance
401277	Microsoft
4012E4	Compass-EOS
4013D9	Global ES
401482	Cisco
4014AD	Huawei
401597	Protect America
40163B	Samsung
40167E	ASUS
40169F	TP-Link
4016FA	EKM Metering
4017E2	INTAI
4017F6	TKH Security,s.l.u
4018B1	Extreme Networks
4018D7	Smartronix
401920	Movon
401A58	WNC
401B5F	Weifang Goertek
401C83	Intel
401CD4	Huawei
401D59	Biometric Associates, LP
402230	Shenzhen SuperElectron
4022D8	Espressif
4022ED	Digital Projection
402343	Chongqing Fugui
4024B2	Sichuan AI-Link
4024D2	Huawei
402508	Highway 9 Networks
4025C2	Intel
402619	Apple
402641	Huawei
40268E	Shenzhen Photon Leap
40270B	Mobileeco
4027A8	Cisco Meraki
402814	RFI Engineering
402A6C	Zhejiang Hyxi
402A8F	Shanghai High-Flying
402B50	CommScope
402B69	Kumho Electric
402BA1	Sony
402BD6	Espressif
402CF4	Universal Global Scientific Industrial
402E28	MiXTelematics
402E71	Texas Instruments
402F51	Maxtek Optoelectronics
402F86	LG
403004	Apple
403059	Silicon Laboratories
403067	Conlog (Pty)
40311B	Genbyte
40313C	Xiaomi
40329D	Union Image
403306	Taicang T&W
40331A	Apple
40336C	Godrej & Boyce Mfg
4035E6	Samsung
403668	E&B Telecom
4036B7	Juniper
4037AD	Macro Image
403802	Silicon Laboratories
403B7B	Huawei
403CFC	Apple
403DEC	HUMAX
403E22	VusionGroup
403F43	Extreme Networks
403F8C	TP-Link
404022	ZIV
404028	ZIV
40406B	Icomera
40406C	Icomera
4040A7	Sony
404101	Rockwell Automation
40410D	Huawei
404229	Layer3TV
404244	Cisco
4044CE	Huawei
4044F7	Nintendo
4044FD	Realme Chongqing Mobile Telecommunications
4045A0	vivo
4045C4	Huawei
4045DA	Spreadtrum Communications (Shanghai)
40475E	eero
40476A	Astro Gaming
40486E	Nokia
40490F	Foxconn
40497C	eero
40498A	Synapticon
404A03	Zyxel
404A18	Addrek Smart Solutions
404AD4	Widex
404C77	CommScope
404CCA	Espressif
404D7F	Apple
404D8E	Huawei
404E36	HTC
404EEB	Higher Way Electronic
404F42	Huawei
4050B5	Shenzhen New Species
4050E0	Milton Security
40516C	Grandex
40520D	Pico
40538C	LG
405493	ZTE
4054E4	Wearsafe Labs
405539	Cisco
405548	Quectel Wireless Solutions
405582	Nokia
40560C	In Home Displays
40562D	Smartron India Pvt
405662	GuoTengShengHua
405846	vivo
405899	Logitech Far East
405925	Kaon Broadband
405A9B	ANOVO
405ADD	Actions Microelectronics
405B7F	Broadcom
405BD8	Chongqing Fugui
405CFD	Dell
405D82	Netgear
405ECF	Esconet
405EE1	Shenzhen H&T Intelligent Control
405EF6	Samsung
405F7D	TCT mobile
405FBE	RIM
405FC2	Texas Instruments
40605A	Hawkeye
406186	Micro-star Int'l
40618E	Stella-Green
406231	GIFA
406234	Telink Semiconductor (Shanghai)
4062B6	Tele system communication
4062EA	China Mobile Group Device
4062EE	Chicony
4064A4	THE Furukawa Electric
4064DC	X-speed lnformation
4065A3	Sagemcom
40667A	mediola - connected living
406768	Huawei
406792	Cisco
40679B	Shenzhen Skyworth Digital
406826	Thales UK
4068F9	Shenzhen SuperElectron
406918	EM Microelectronic
406A8E	Hangzhou Puwell OE
406AAB	RIM
406C8F	Apple
406E0F	Skyastar Technologles(zhuhai)
406F27	Huawei
406F2A	BlackBerry RTS
407009	CommScope
40704A	Power Idea
407074	Life Technology (China)
4070A5	Sichuan Tianyi Comheart Telecom
4070F5	Apple
407183	Juniper
407218	Tonly
40734D	New H3C
407496	aFUN
4074E0	Intel
4075C3	Vantiva USA
4076A9	Huawei
4077A9	New H3C
40786A	Motorola
407875	IMBEL - Industria de Material Belico do Brasil
407911	Apple
407912	Texas Instruments
407955	Datacolor
407A80	Nokia
407AA4	Zhejiang Dahua Technologyco
407B1B	Mettle Networks
407C7D	Nokia
407D0F	Huawei
407F5F	Juniper
407FE0	Glory Star Technics (ShenZhen)
4080E1	Fn-link
408256	AUMOVIO Germany
40827B	STMicroelectronics Rousset
40831D	Apple
4083DE	Zebra
408432	Microchip
408493	Clavister
408556	AUMOVIO Technologies Romania
40862E	JDM Mobile Internet Solution
4086CB	D-Link
4087E5	Wu Qi
408805	Motorola
40882F	Extreme Networks
4088E0	Beijing Ereneben Information Technology Limited Shenzhen Branch
4089A8	WiredIQ
4089C2	Apple
4089C6	Amazon
408A9A	Titeng
408B07	Actiontec
408BF6	Shenzhen TCL New
408C1F	OPPO
408C4C	Shenzhen MiaoMing Intelligent
408D5C	Giga-byte
408E2C	Microsoft
408EDF	Huawei
408EF6	Infinix mobility
408F9A	KanEL Sweden
408F9D	Juniper
409151	Espressif
40921A	Apple
409249	Shanghai Baud Data Communication
409505	Acoinfo
409558	Aisino
409595	TP-Link
4095BD	NTmore
4097D1	BK Electronics cc
40984C	Casacom Solutions
40984E	Texas Instruments
40987B	Aisino
4098AD	Apple
4098E1	VusionGroup
409922	AzureWave
4099E3	Guangzhou Mudi Information
4099F6	Telink Semiconductor(Shanghai)
409A30	Tecno Mobile
409B0D	Shenzhen Yourf Kwan Industrial
409B21	Nokia
409BCD	D-Link
409C28	Apple
409CA6	Curvalux
409CA7	China Dragon
409EA4	Juniper
409F38	AzureWave
409F87	Jide Technology (Hong Kong)
409FC7	Baekchun I&C
40A108	Motorola
40A2DB	Amazon
40A2E5	3onedata
40A3CC	Intel
40A44A	Google
40A53B	Nokia
40A5EF	Shenzhen Four Seas Global Link Network
40A63D	SignalFire Telemetry
40A654	Huawei
40A677	Juniper
40A6A4	PassivSystems
40A6B7	Intel
40A6D9	Apple
40A6E8	Cisco
40A746	Broadcom
40A786	Tecno Mobile
40A8F0	HP
40A93F	Pivotal Commware
40A9CF	Amazon
40AA56	China Dragon
40AC8D	Data Management
40ACBF	Hangzhou Hikvision Digital
40AE30	TP-Link
40B02F	Miele & Cie
40B034	HP
40B076	ASUS
40B0A1	Valcom
40B0FA	LG
40B15C	Huawei
40B215	Extreme Networks
40B2C8	Nortel Networks
40B30E	Integrated Device Technology (Malaysia) Sdn. Bhd
40B31E	Universal
40B395	Apple
40B3CD	Chiyoda
40B3FA	Apple
40B3FC	Logital
40B4CD	Amazon
40B4F0	Juniper
40B570	Hangzhou Hikvision Digital
40B5C1	Cisco
40B607	OPPO
40B688	LEGIC Identsystems
40B6B1	Sungsam
40B6E7	Huawei
40B70E	Huawei
40B7F3	CommScope
40B7FC	Phyplus Microelectronics
40B82D	Ruckus
40B837	Sony
40B89A	Foxconn
40B8C2	Osmozis
40B93C	HPE
40BA09	Dell
40BA61	ARIMA Communications
40BB56	TeraNXT Global India Pvt
40BC60	Apple
40BC68	Funshion Online
40BC73	Cronoplast S.L
40BC8B	itelio
40BD32	Texas Instruments
40BD9E	Physio-Control
40BEEE	Shenzhen Yunding Information
40BF17	Digistar Telecom
40C02F	Actiontec
40C0EE	365mesh
40C1F6	Shenzhen Jingxun
40C245	Shenzhen Hexicom
40C2BA	Compal Information (kunshan)
40C3BC	Huawei
40C3C6	SnapRoute
40C48C	N-iTUS
40C4D6	ChongQing Camyu Technology Development
40C62A	Shanghai Jing Ren Electronic
40C711	Apple
40C729	Sagemcom
40C73C	Intel
40C7C9	Naviit
40C81F	Shenzhen Xinguodu
40C8CB	AM Telecom
40CA63	Seongji Industry
40CBA8	Huawei
40CBC0	Apple
40CD3A	Z3
40CD7A	Qingdao Hisense Communications
40CE24	Cisco
40D133	Intel
40D160	Apple
40D25F	Itel Mobile
40D28A	Nintendo
40D32D	Apple
40D357	Ison
40D3AE	Samsung
40D40E	Biodata
40D4BD	SK Networks Service
40D4F6	Honor
40D521	LG
40D559	Micro S.e.r.i
40D563	HANA
40D63C	Equitech Industrial(DongGuan)Co
40D95A	AMPAK
40DA5C	Apple
40DC9D	HAJEN
40DCA5	Huawei
40DDD1	Beautiful Card
40DE17	Shenzhen Lanfeng Times Industrial
40DE24	Samsung
40DEAD	Juniper
40DF02	LINE BIZ Plus
40E11C	shenzhen Cloud High Communication
40E171	Jiangsu Huitong
40E1E4	Nokia
40E230	AzureWave
40E317	Extreme Networks
40E3D6	HPE
40E4C6	Nokia
40E64B	Apple
40E730	DEY Storage
40E762	Calix
40E767	Extreme Networks
40E793	Shenzhen Siviton
40E99B	Samsung
40EACE	Founder Broadband Network Service
40EB21	Huawei
40EC99	Intel
40ECBD	Intel
40ECF8	Siemens
40ED00	TP-Link
40ED7B	Zscaler
40EDCF	Apple
40EE15	Zioncom Electronics (Shenzhen)
40EE6D	Huawei
40EEBE	NXP Semiconductor (Tianjin)
40EEDD	Huawei
40EF4C	Fihonest communication
40F02F	Liteon
40F04E	Integrated Device Technology (Malaysia) Sdn. Bhd
40F078	Cisco
40F14C	ISE Europe SPRL
40F201	Sagemcom
40F21C	Zhone
40F2E9	IBM
40F308	Murata
40F3B0	Texas Instruments
40F407	Nintendo
40F413	Rubezh
40F420	Sichuan Tianyi Comheart Telecom
40F49F	Cisco
40F4C9	Fn-link
40F4EC	Cisco
40F4FD	Union MAN
40F520	Espressif
40F52E	Leica Microsystems (Schweiz)
40F6BC	Amazon
40F8DF	CANON
40F946	Apple
40F9D5	Tecore Networks
40FA7F	Preh Car Connect
40FAFE	Motorola
40FC89	CommScope
40FDF3	AMPAK
40FE0D	MAXIO
40FE95	New H3C
40FF40	GloquadTech
440010	Apple
440049	Amazon
44004D	Huawei
4401BB	Shenzhen Bilian Electronic Co.，ltd
44032C	Intel
4403A7	Cisco
440444	OPPO
44053F	Sagemcom
4405B8	Huawei
4405E8	twareLAB
44070B	Google
4409B8	Salcomp (Shenzhen)
4409C6	Huawei
4409DA	Apple
440BAB	Positivo Tecnologia
440C4B	Huawei
440CEE	Robert Bosch Elektronikai Kft
440CFD	NetMan
440FB4	GSD Viet NAM
441030	Google
4410FE	Huizhou Foryou General
441102	EDMI Europe
441146	The Chamberlain
4411C2	Telegartner Karl Gartner
441244	HPE
441319	WKK
4413D0	ZTE
441404	eero
441441	AudioControl
441524	Sagemcom
441622	Microsoft
441690	Wuxi Ranke
4416FA	Samsung
44177A	IZT Cloud
441793	Espressif
441847	Hunan Scrown Electronic Information
44184F	Fitview
4418FD	Apple
4419B6	Hangzhou Hikvision Digital
441A4C	xFusion Digital
441A5C	Cisco
441A84	Quectel Wireless Solutions
441AAC	Elektrik Uretim AS EOS
441AFA	New H3C
441B88	Apple
441BF6	Espressif
441C12	Vantiva USA
441C7F	Motorola
441CA8	Foxconn
441D64	Espressif
441DB1	Aptiv Services US
441DE5	XCENA
441E91	ARVIDA Intelligent
441E98	Ruckus
441EA1	HP
442063	AUMOVIO Germany
44227C	Huawei
442295	China Mobile Iot
4422BE	rescuetrack
4422F1	S.FAC
44237C	Xiaomi
4423AA	Farmage
442538	WNC
4425BB	Bamboo Entertainment
4425F4	Apple
44272E	Huawei
442745	LG
4427F3	70mai
4428A3	Jiangsu fulian Communication
44291E	AltoBeam
442938	NietZsche enterprise
442A60	Apple
442AFF	E3
442B03	Cisco
442C05	AMPAK
442D49	Extreme Networks
44303F	Huawei
443192	HP
44321D	Huawei
44322A	Avaya
443262	ZTE
4432C2	GOAL
4432C8	Vantiva USA
44334C	Shenzhen Bilian Electronic Co.，ltd
44348F	MXT Industrial Ltda
4434A7	CommScope
44356F	Neterix
443583	Apple
4435B9	NetComm Wireless
4435D3	GD Midea Air-Conditioning Equipment
443659	Robert Bosch
44365D	Shenzhen HippStor
443708	MRV Comunications
44370B	Guangzhou Shiyuan Electronic
443719	2 Save Energy
44376F	Young Electric Sign
4437E6	Foxconn
443839	Cumulus Networks
44388C	Sumitomo Electric Industries
4438E8	Intel
4438F3	EM Microelectronic
4439AA	G
4439C4	Universal Global Scientific Industrial
443B14	MitraStar
443B32	Intelbras
443C88	Ficosa Maroc
443C9C	Pintsch
443D21	Nuvolt
443D54	Amazon
443E07	Electrolux
443E8A	Texas Instruments
443EB2	Deotron
4441F0	ZTE
444201	Amazon
44422F	Testop
444450	OttoQ
444520	EM Microelectronic
44456F	Shenzhen Onega
4445BA	Edgecore Americas Networking
444648	Foxconn
444687	Realme Chongqing MobileTelecommunications
4447CC	Hangzhou Hikvision Digital
444891	HDMI Licensing
4448B9	MitraStar
4448C1	HPE
4448FF	Qingdao Haier
444963	Woven By Toyota U.S
444988	Intel
4449C0	Nvidia
444A37	Xiaomi
444A4C	vivo
444A65	Silverflare
444AB0	Zhejiang Moorgen Intelligence
444AD6	Shenzhen Rinocloud
444ADB	Apple
444B5D	GE Healthcare
444B7E	Fiberhome Telecommunication
444C0C	Apple
444CA8	Arista Networks
444E1A	Samsung
444E6D	AVM (FRITZ!Box)
444F5E	Pan Studios
444F8E	WiZ
4451DB	Raytheon BBN
4454C0	Thompson Aerospace
44552B	Samsung
4455B1	Huawei
4455C4	Huawei
44568D	PNC
4456B7	Spawn Labs
4456E2	Sichuan Tianyi Comheart Telecom
44579F	Xiaomi
445829	Cisco
445925	Square
445943	ZTE
44599F	Criticare
4459E3	Huawei
445ADF	Mikami
445BED	HPE
445CE9	Samsung
445D5E	SHENZHEN Coolkit
445E82	Zyxel
445ECD	Razer
445EF3	Tonalite Holding
445F7A	Shihlin Electric & Engineering
445F8C	Intercel
446132	ecobee
44619C	FONsystem
4461DF	Skyquad Electronics & Appliances Pvt
446246	Comat
446370	LCFC(Hefei)
4463B6	Apple
4463C2	Zyxel
44643C	Cisco
44650D	Amazon
44656A	Mega Video Electronic(HK) Industry
44657F	Calix
44658A	Dukelana
4465E0	Merlion Consulting Services (Shenzhen)
44666E	Ip-line
446690	TP-Link
4466FC	OPPO
446747	Huawei
446752	Wistron INFOCOMM (Zhongshan)
446755	Orbit Irrigation
44680C	Wacom
4468AB	JUIN
446A2E	Huawei
446AB7	CommScope
446B1F	Texas Instruments
446C24	Reallin Electronic
446D05	NoTraffic
446D57	Liteon
446D6C	Samsung
446D7F	Amazon
446EE5	Huawei
446FF8	Dyson
44700B	IFFU
447098	Ming Hong Technology (shen Zhen)
447147	Xiaomi
4471B3	Logitech Far East
4472AC	AltoBeam
4473D6	Logitech
44746C	Sony
447609	New H3C
447654	Huawei
4476E7	Tecno Mobile
447831	Huawei
44783E	Samsung
447B30	Espressif
447B45	Amazon
447BBB	Shenzhen YOUHUA
447BC4	DualShine Technology(SZ)Co
447C7F	Innolight
447CAC	Invictus-AV
447DA5	Vtion Information Technology (fujian)
447E76	Trek Technology (S) Pte
447E95	Alpha and Omega
447F77	Connected Home
4480EB	Motorola
4482E5	Huawei
448312	Star-Net
448346	Texas Instruments
448500	Intel
448502	Shenzhen SuperElectron
4485DA	Shenzhen Skyworth Digital
4486C1	Siemens Low Voltage & Products
448723	Hoya Service
448763	Fn-link
4487DB	Tymphany Acoustic Technology (Huizhou)
4487FC	Elitegroup Computer
448816	Cisco
4488BE	Texas Instruments
4488CB	Camco
44896D	Tellescom Industria E Comercio EM Telecomunicacao
448A5B	Micro-Star INT'L
448A7F	Murata
448C00	Realme Chongqing Mobile Telecommunications
448C52	KTIS
448CAB	Beijing Flitlink Vientiane
448CEC	Anhui Sunchip semiconductor technology Co;Ltd
448DBF	Rhino Mobility
448DD5	Cisco
448E12	DT Research
448E81	VIG
448EEC	China Mobile Group Device
448F17	Samsung
449046	Honor
4490BA	China Dragon
4490BB	Apple
449160	Murata
44917C	HMD Global
4491DB	Shanghai Huaqin Telecom
44938D	Innolux
4494FC	Netgear
44953B	RLTech India Private
4495FA	Qingdao Santong Digital
44962B	Aidon
44975A	Shenzhen Fast
44995B	GX India Pvt
449A52	ZTE
449B78	The Now Factory
449BC1	Huawei
449BC6	EOSS
449CB5	Alcomp
449E8B	Apple
449EF9	vivo
449F46	Huawei
449F79	onsemi
449F7F	DataCore Software
449FDA	Silicon Laboratories
44A038	Huawei
44A10E	Apple
44A191	Huawei
44A3BB	Intel
44A3C7	ZTE
44A42D	TCT mobile
44A466	Groupe Ldlc
44A54E	Qorvo International Pte
44A56E	Netgear
44A61E	Ingram Micro Services
44A642	Hangzhou Hikvision Digital
44A689	Promax Electronica
44A6E5	Thinking
44A7CF	Murata
44A7F4	Apple
44A842	Dell
44A8C2	SEWOO
44A8FC	Apple
44AA27	udworks
44AA50	Juniper
44AAE8	Nanotec Electronic
44AAF5	CommScope
44AC85	eero
44AD19	Xingfei （h.k）limited
44ADB1	Sagemcom
44ADD9	Cisco
44AE25	Cisco
44AE44	Huawei
44AEAB	OPPO
44AF28	Intel
44B176	Espressif
44B295	Sichuan AI-Link
44B32D	TP-Link
44B382	Kuang-chi Institute of Advanced
44B3C5	Huawei
44B412	SIUS
44B423	Hanwha Vision Vietnam
44B433	tide
44B462	Flextronics Tech.(Ind) Pvt
44B4A0	Mellanox
44B4B2	Amazon
44B59C	Tenet Networks Private
44B6BE	Cisco
44B7D0	Microchip
44B994	Douglas Lighting Controls
44BA46	Sichuan Tianyi Comheart Telecom
44BB3B	Google
44BD8D	Espressif
44BDC8	Xiaomi
44BDDE	BHTC
44BE0B	Huawei
44BE23	Pegatron
44BFE3	Shenzhen Longtech
44C15C	Texas Instruments
44C20C	Cisco
44C233	Guangzhou Comet Technology Development
44C277	Shenzhen Kingspec
44C306	Sifrom
44C346	Huawei
44C39B	OOO Rubezh NPO
44C3B6	Huawei
44C4A9	Opticom Communication
44C532	Huawei
44C56F	NGN Easy Satfinder (Tianjin) Electronic
44C63C	Samsung
44C65D	Apple
44C69B	Wuhan Feng Tian Information Network
44C7FC	Huawei
44C874	China Mobile Group Device
44C9A2	Greenwald Industries
44CB8B	LG
44CBAD	Xiaomi
44CC6E	Rockwell Automation
44CD0E	Flextronics Manufacturing(zhuhai)co
44CE1D	Nokia
44CE3A	Jiangsu Huacun Electronic
44CE7D	SFR
44D15E	Shanghai Kingto Information
44D1FA	Shenzhen Yunlink
44D244	Epson
44D267	Snorble
44D2CA	Anvia TV
44D3AD	Shenzhen TINNO Mobile
44D3CA	Cisco
44D437	Inteno Broadband
44D453	Sagemcom
44D454	Sagemcom
44D465	NXP Semiconductors Taiwan
44D47F	Ingenico Terminals
44D4E0	Sony
44D506	Sichuan Tianyi Comheart Telecom
44D5A5	AddOn Computer
44D5C1	EM Microelectronic
44D5CC	Amazon
44D63D	Talari Networks
44D6E1	Snuza
44D77E	Robert Bosch
44D791	Huawei
44D7B7	eero
44D832	AzureWave
44D878	Hui Zhou Gaoshengda
44D884	Apple
44D980	Everybot
44D9E7	Ubiquiti
44DA30	Apple
44DB60	Nanjing Baihezhengliu
44DBBE	Huawei
44DBD2	Yealink(xiamen) Network
44DC4E	Itel Mobile
44DC91	Planex Communications
44DCCB	Semindia Systems PVT
44DF65	Xiaomi
44E08E	Cisco
44E137	CommScope
44E213	Xiaomi
44E2F1	NewRadio
44E2F8	Silicon Laboratories
44E49A	Omnitronics
44E4D9	Cisco
44E4E6	Extreme Networks
44E4EE	WNC
44E517	Intel
44E59B	Huawei
44E64A	Shenzhen iComm Semiconductor
44E66E	Apple
44E6B0	China Mobile IOT
44E761	Infinix mobility
44E853	Apple
44E8A5	Myreka Technologies Sdn. Bhd
44E968	Huawei
44E9DD	Sagemcom
44EA30	Samsung
44EA4B	Actlas
44EA54	Udisense DBA Nanit
44EAD8	Texas Instruments
44EB2E	Alpsalpine
44ECCE	Juniper
44ED57	Longicorn
44EE02	MTI
44EE14	Texas Instruments
44EE30	Budelmann Elektronik
44EF26	Qingdao Intelligent&Precise
44EFBF	China Dragon
44EFCF	Ugene Solution
44F034	Kaon
44F09E	Apple
44F21B	Apple
44F436	ZTE
44F459	Samsung
44F477	Juniper
44F4E7	Cohesity
44F53E	Earda
44F770	Xiaomi
44F79F	Cloud Network Technology Singapore PTE
44F849	Union Pacific Railroad
44F971	Shenzhen Mercury Communication
44FA66	Cloud Network Technology Singapore PTE
44FB42	Apple
44FB5A	ZTE
44FB76	vivo
44FDA3	Everysight
44FE3B	Arcadyan
44FEEF	OPPO
44FFBA	ZTE
480020	HPE
480031	Huawei
480033	Vantiva USA
48007D	DTS Elektronik San. Tic. Ltd. STI
4800B3	Cisco
4801C5	OnePlus
48022A	B-Link Electronic
480234	Huawei
480286	Realme Chongqing Mobile Telecommunications
4802AF	Telit Communication
480362	Desay Electronics(huizhou)co
48049F	Elecom
480560	Meta Platforms
4805E2	Huawei
48062B	Private
48066A	Tempered Networks
480951	Guangzhou Trustmo Information System
480A28	Apple
480C49	Nakayo
480E13	ittim
480EEC	TP-Link
480FCF	HP
481063	NTT Innovation Institute
481249	Luxcom
481258	Huawei
48128F	Huawei
48137E	Samsung
481389	Mellanox
4813F3	BBK Educational
481693	Lear
48174C	MicroPower
481842	Shanghai Winaas Co. Equipment
48188D	Weifang Goertek
4818FA	Nocsys
481A84	Pointer Telocation
481B40	Vantiva USA
481BA4	Cisco
481BD2	Intron Scientific
481CB9	SZ DJI
481D70	Cisco
481F2D	Shenzhen Jie Shi Lian Industrial
481F66	China Mobile Group Device
48210B	Pegatron
48216C	China Mobile IOT
4821B8	Guangzhou V-Solution Telecommunication
482218	Shenzhen Yipingfang Network
48221D	Bose
482254	TP-Link
482335	Dialog Semiconductor Hellas
482567	Poly
4825F3	Huawei
48262C	Apple
48264C	BSH Electrical Appliances (Jiangsu)
4826E8	Tek-Air
482759	Levven
4827C5	Huawei
4827E2	Espressif
4827EA	Samsung
48282F	ZTE
482952	Sagemcom
4829D6	OPPO
4829E4	AO
482AE3	Wistron InfoComm(Kunshan)Co
482CA0	Xiaomi
482CD0	Huawei
482CEA	Motorola
482D63	Wavarts
482E72	Cisco
482F6B	HPE
482FD7	Huawei
483106	Nvidia
483133	Robert Bosch Elektronika Kft
483177	Nintendo
4831B7	Espressif
4831DB	Huawei
4832BF	Rincom Tech India Private
4833DD	Zennio Avance Y Tecnologia, S.L
48343D	IEP
48352B	Apple
48352E	Shenzhen Wolck Network Product
483543	OPPO
483584	Huawei
4835AB	Apple
48365F	Wintecronics
483871	Huawei
4838B6	Auhui Taoyun
483974	Proware
483A02	Fortinet
483B38	Apple
483C0C	Huawei
483D32	Syscor Controls &amp; Automation
483E5E	Sernet (suzhou)
483F72	Samsung
483FDA	Espressif
483FE9	Huawei
4840D5	Intel
48417B	Nokia
48435A	Huawei
48437C	Apple
4843DD	Amazon
484487	Cisco
4844F7	Samsung
484520	Intel
4845CF	LLC Proizvodstvennaya Kompania "TransService"
4845E6	Cloud Network Technology Singapore PTE
48468D	Zepcam
4846C1	Fn-link
4846F1	Uros
4846FB	Huawei
48474B	Huawei
484982	Huawei
484996	Huawei
4849C7	Samsung
484A30	George Robotics
484AE9	HPE
484BAA	Apple
484BD4	Vantiva USA
484C29	Huawei
484C86	Huawei
484D7E	Dell
484EFC	CommScope
485073	Microsoft
485169	Samsung
4851B7	Intel
4851C5	Intel
4851CF	Intelbras
4851D0	Jiangsu Xinsheng Intelligent
485261	Soreel
485415	NET Rules Tecnologia Eireli
485519	Espressif
485541	Iskratel d.o.o
48555C	Wu Qi
48555E	Shenzhen Skyworth Digital
48555F	Fiberhome Telecommunication
485702	Huawei
4857D2	Broadcom
4857DD	Facebook
485929	LG
4859A4	ZTE
485A0D	Juniper
485A3F	WISOL
485A67	Shaanxi Ruixun Electronic Information
485AB6	Foxconn
485AEA	Fiberhome Telecommunication
485B39	ASUS
485C2C	Earda
485D35	AVM (FRITZ!Box)
485D36	Verizon
485D60	AzureWave
485DEB	Just Add Power
485DED	Sichuan Tianyi Comheart Telecom
485F08	TP-Link
485F2D	Amazon
485F99	Cloud Network Technology (Samoa)
485FDF	ZTE
48605F	LG
4860BC	Apple
4861A3	Concern "Axion" JSC
4861EE	Samsung
486264	Arlo
486276	Huawei
486345	Huawei
486834	Silicon Motion
48684A	Intel
486B2C	BBK Educational
486B91	Fleetwood
486DBB	Vestel Elektronik San ve Tic. A.S
486E70	Zhejiang Tmall
486E73	Pica8
486EFB	Davit System
486F33	Kyungwoo.system
486FD2	StorSimple
48701E	Texas Instruments
48706F	Huawei
4870D4	Cisco Meraki
487119	SGB
487310	Juniper
487397	New H3C
4873CB	Tiinlab
487410	Cisco
487412	OnePlus
48746E	Apple
487583	Intellion
487604	Private
487696	Huaan Zhongyun
487706	NXP Semiconductor (Tianjin)
487746	Calix
4877BD	OPPO
48785B	Hangzhou Hikvision Digital
48785E	Amazon
48794D	Samsung
487A55	ALE
487ADA	Hangzhou H3C
487AF6	NCS Electrical SDN BHD
487AFF	ESSYS
487B2F	Microsoft
487B5E	SMT Telecomm HK
487B6B	Huawei
487D2E	TP-Link
487E48	Earda
487F80	Fritz!
488002	Cisco
48814E	E&M Solution
4881D4	Ruijie Networks
488244	Life Fitness / Div. of Brunswick
4882DF	Huawei
4882F2	Appel Elektronik
48836F	EM Microelectronic
4883B4	OPPO
4883C7	Sagemcom
48849D	Texas Instruments
4886E8	Microsoft
48872D	Shen Zhen DA XIA Long QUE
488759	Xiaomi
488764	vivo
4887B8	TCL King Electrical Appliances(Huizhou)Co
488803	ManTechnology
48881E	EthoSwitch
488899	Shenzhen SuperElectron
4888CA	Motorola
4889E7	Intel
488AD2	Mercury Communication
488AE8	vivo
488B0A	Cisco
488C63	Huawei
488C78	Alpha Networks
488D36	Arcadyan
488E42	Digalog
488EB7	Zebra
488EEF	Huawei
488F4C	shenzhen trolink
488F5A	Routerboard.com
48902F	LG
4890F0	Dell
489153	Weinmann Geräte für Medizin GmbH +
4891D5	Cisco
4891F6	Shenzhen Reach software
4892C1	Ohsung
4893DC	Uniway Infocom PVT
489507	OPPO
4896D9	ZTE
4898AB	Wistron InfoComm(Chongqing)Co
4898CA	Sichuan AI-Link
489A42	Technomate
489A58	Samsung
489A5B	Shenzhen iComm Semiconductor
489BD5	Extreme Networks
489BE0	Realme Chongqing Mobile Telecommunications
489BE2	SCI Innovations
489D18	Flashbay
489D24	BlackBerry RTS
489D31	Espressif
489DD1	Samsung
489E9D	Hui Zhou Gaoshengda
489EBD	HP
489ECB	HPE
48A0F8	Fiberhome Telecommunication
48A170	Cisco
48A17A	EM Microelectronic
48A195	Apple
48A22D	Shenzhen Huaxuchang Telecom
48A2B7	Kodofon JSC
48A2B8	Chengdu Vision-Zenith
48A2E6	Resideo
48A380	Gionee Communication Equipment
48A3BD	Texas Instruments
48A472	Intel
48A48C	Shanghai Zenchant Electornics
48A493	Taiyo Yuden
48A4FD	AltoBeam
48A516	Huawei
48A5E7	Nintendo
48A6B8	Sonos
48A6D2	GJsun Optical Science and
48A73C	Sichuan tianyi kanghe communications
48A74E	ZTE
48A91C	Apple
48A964	Apexsha Smarttech Private
48A98A	Routerboard.com
48A9D2	WNC
48AA5D	Store Electronic
48AABB	Sagemcom
48AD08	Huawei
48AD9A	Intel
48AFF3	Espressif
48B02D	Nvidia
48B253	Marketaxess
48B25D	Huawei
48B313	Idesco
48B423	Amazon
48B424	eero
48B4C3	HPE
48B5A7	Glory Horse Industries
48B620	ROLI
48B8A3	Apple
48B8DE	Homewins
48B977	PulseOn
48B9C2	Teletics
48BA4E	HP
48BC0E	Sichuan AI-Link
48BCA6	​asung Techno
48BCE1	Samsung
48BD0E	Quanta Storage
48BD3D	New H3C
48BD4A	Huawei
48BDA7	Honor
48BDCE	Vantiva USA
48BE2D	Symanitron
48BF6B	Apple
48BF74	Baicells
48C030	Kogniza
48C049	Broad Telecom
48C093	Xirrus
48C1AC	Plantronics
48C1EE	Honor
48C35A	Lenovo
48C381	TP-Link
48C3B0	Pharos
48C461	OPPO
48C58D	Lear
48C663	GTO Access
48C796	Samsung
48C862	Simo Wireless
48C8B6	SysTec
48CA43	Espressif
48CA68	Apple
48CAC6	Union MAN
48CB6E	Cello Electronics (UK)
48CDD3	Huawei
48CFA9	Huawei
48D017	Telecom Infra Project
48D01C	AltoBeam
48D0CF	Universal
48D18E	Metis Communication
48D224	Liteon
48D24F	Sagemcom
48D343	CommScope
48D35D	Private
48D475	Lampuga
48D539	Huawei
48D54C	Jeda Networks
48D682	ZTE
48D6D5	Google
48D705	Apple
48D7FF	BLANKOM Antennentechnik
48D845	Shenzhen Mainuoke
48D855	Telvent
48D875	China TransInfo
48D890	Fn-link
48D8FE	ClarIDy Solutions
48DA96	Eddy Smart Home Solutions
48DB50	Huawei
48DC2D	Huawei
48DC9D	Grandprint(Beijing)
48DCFB	Nokia
48DD0C	eero
48DD9D	Itel Mobile
48DF1C	Wuhan NEC Fibre Optic Communications industry
48DF37	HPE
48E150	Intel
48E15C	Apple
48E1AF	Vity
48E1CA	Apple
48E1E9	Chengdu Meross
48E244	Foxconn
48E27E	Sagemcom
48E2AD	Humax Networks
48E3C3	JENOPTIK Advanced
48E533	Sunnovo
48E695	Insigma
48E6C0	SIMCom Wireless Solutions
48E729	Espressif
48E7DA	AzureWave
48E9CA	creoline
48E9F1	Apple
48EA62	HP
48EA63	Zhejiang Uniview
48EAA9	ShenZhen C&D
48EB30	Eterna
48EB62	Murata
48EB65	Henan KunLun
48EC5B	Nokia
48ED80	daesung eltec
48EDE6	Zyxel
48EE07	Silver Palm
48EE0C	D-Link
48EE86	UTStarcom (China)
48EEE2	Roamwifi Technology(hk)
48EF1C	Samsung
48EF61	Huawei
48F027	Chengdu newifi
48F07B	Alpsalpine
48F17F	Intel
48F1EB	Nintendo
48F230	Ubizcore
48F317	Private
48F3F3	Baidu Online Network Technology (Beijing)
48F47D	TechVision Holding Internation
48F6EE	Espressif
48F73C	Elecom
48F7BC	Huawei
48F7C0	Vantiva USA
48F7F1	Nokia
48F8B3	Linksys
48F8DB	Huawei
48F8E1	Nokia
48F8FF	Chengdu KT Electronic Hi-tech
48F925	Maestronic
48F97C	Fiberhome Telecommunication
48FC07	Huawei
48FC7C	Shenzhen Huidu
48FCB6	Lava International(h.k)
48FCB8	Woodstream
48FD8E	Huawei
48FDA3	Xiaomi
48FEEA	HOMA
4C0082	Cisco
4C0143	eero
4C01F7	Cisco
4C0220	Xiaomi
4C022E	CMR Korea
4C0289	LEX Computech
4C034F	Intel
4C0573	Moka Global
4C0617	Taicang T&W
4C068A	Basler Electric
4C06B7	ProDVX Europe
4C07C9	Computer Office
4C0997	Arista Networks
4C09B4	ZTE
4C09D4	Arcadyan
4C09FA	Frontier Smart
4C0A3D	Adnacom
4C0A4E	Extreme Networks
4C0B3A	TCT mobile
4C0BBE	Microsoft
4C0DEE	Jabil Circuit (shanghai)
4C0F3E	Intel
4C0F6E	Foxconn
4C0FC7	Earda
4C10D5	TP-Link
4C1154	Mobiwire Mobiles (NingBo)
4C1159	Vision Information & Communications
4C11AE	Espressif
4C11BF	Zhejiang Dahua
4C1265	CommScope
4C12E8	Vietnam Post AND Telecommunication Industry Technology Join Stock
4C1365	Emplus
4C1480	Noregon
4C14A3	TCL Technoly Electronics (Huizhou)
4C1694	shenzhen sibituo
4C16F1	ZTE
4C16FC	Juniper
4C1744	Amazon
4C17EB	Sagemcom
4C189A	OPPO
4C195D	Sagemcom
4C1A3A	PRIMA Research And Production Enterprise
4C1A3D	OPPO
4C1A95	Novakon
4C1B86	Arcadyan
4C1D96	Intel
4C1F86	Hangzhou Hikvision Digital
4C1FCC	Huawei
4C20B8	Apple
4C2113	Nokia
4C218C	Panasonic India Private
4C21D0	Sony
4C2219	Yuanfudao HK Limted
4C2258	cozybit
4C22C9	ZTE
4C22F3	Arcadyan
4C231A	Extreme Networks
4C2338	Cloud Network Technology Singapore PTE
4C2498	Texas Instruments
4C24CE	Sichuan AI-Link
4C2578	Nokia
4C26E7	Welgate
4C2B3B	Huawei
4C2C80	Beijing Skyway
4C2C83	Zhejiang KaNong Network
4C2E5E	Samsung
4C2EB4	Apple
4C2EFE	Shenzhen Comnect
4C2F7B	AltoBeam
4C2F9D	ICM Controls
4C2FD7	Huawei
4C306A	Nintendo
4C3089	Hitachi Rail GTS Deutschland
4C312D	Sichuan AI-Link
4C322D	Teledata Networks
4C3275	Apple
4C32D9	M Rutty
4C3329	Sweroam
4C334E	Hightech
4C3488	Intel
4C364E	Panasonic Connect
4C37DE	AltoBeam
4C38D5	Mitac Computing
4C38D8	CommScope
4C3909	HPL Electric & Power Private
4C3910	Newtek
4C3946	Samsung
4C3B6C	GARO
4C3B74	Vogtec(h.k.)
4C3BDF	Microsoft
4C3C16	Samsung
4C3C8F	Shenzhen Jingxun
4C3CE2	Huawei
4C3FA7	uGrid Network
4C3FD3	Texas Instruments
4C4088	Sanshin
4C421E	Cisco
4C4341	Calix
4C43F6	SZ DJI
4C445B	Intel
4C4553	Silicon Laboratories
4C4576	China Mobile(Hangzhou) Information
4C46D1	Guangzhou V-Solution Telecommunication
4C48DA	Beijing Autelan
4C4929	TCL King Electrical Appliances(Huizhou)Co
4C494F	ZTE
4C4968	Ruijie Networks
4C496C	Intel
4C49E3	Xiaomi
4C4AB4	Juniper
4C4B1F	Cloud Network Technology Singapore PTE
4C4B68	Mobile Device
4C4CD8	ZTE
4C4D66	Nanjing Jiahao
4C4E03	TCT mobile
4C4E35	Cisco
4C4FEE	OnePlus
4C5077	Huawei
4C50DD	Hui Zhou Gaoshengda
4C50F1	OPPO
4C5262	Fujitsu Technology Solutions
4C52EC	Solarwatt
4C5369	YanFeng Visteon(ChongQing) Automotive Electronic
4C53FD	Amazon
4C5427	Linepro Sp. z o.o
4C548B	Cerebras System
4C5499	Huawei
4C5585	Hamilton
4C55B2	Xiaomi
4C55B8	Turkcell Teknoloji
4C55CC	Zentri
4C569D	Apple
4C56DF	Targus US
4C5739	Samsung
4C57CA	Apple
4C5BB3	Silicon Laboratories
4C5CDF	Itel Mobile
4C5D3C	Cisco
4C5D6A	Apple
4C5DCD	Oy Finnish Electric Vehicle
4C5E0C	Routerboard.com
4C5ED3	Unisyue Technologies Co;
4C5F70	Intel
4C5FD2	Alcatel-Lucent
4C60AD	Amazon
4C60BA	AltoBeam
4C60D5	airPointe of New Hampshire
4C60DE	Netgear
4C617E	Huawei
4C6255	Sanmina-sci System DE Mexico S.a. DE C.V
4C627B	SmartCow AI Technologies Taiwan
4C62CD	Nokia
4C62DF	Hangzhou Hikvision Digital
4C631B	Huawei
4C6371	Xiaomi
4C63AD	Huawei
4C63EB	Application Solutions (Electronics and Vision)
4C6460	Itel Mobile
4C64D9	Guangdong Leawin
4C6641	Samsung
4C66A6	Samsung
4C6AF6	HMD Global
4C6BB8	Hui Zhou Gaoshengda
4C6BE8	Apple
4C6C13	IoT Company Solucoes Tecnologicas Ltda
4C6CA1	Chipsea Technologies (Shenzhen) Crop
4C6D58	Juniper
4C6E6E	Comnect
4C6F9C	OPPO
4C70CC	Blyott
4C710C	Cisco
4C710D	Cisco
4C7167	PoLabs d.o.o
4C7274	Shenzhenshi Xinzhongxin
4C72B9	Pegatron
4C734F	Juniper
4C7367	Genius Bytes Software Solutions
4C73A5	KOVE
4C7403	BQ
4C7487	Leader Phone Communication
4C74BF	Apple
4C7525	Espressif
4C7625	Dell
4C7713	Renesas Electronics (Penang) Sdn. Bhd
4C774F	Embedded Wireless Labs
4C7766	Shenzhen Mercury Communication
4C776D	Cisco
4C77CB	Intel
4C7872	Cav. Uff. Giacomo Cimberio
4C7897	Arrowhead Alarm Products
4C796E	Intel
4C7975	Apple
4C79BA	Intel
4C7A48	Nippon Seiki (Europe)
4C7A88	Cisco
4C7B35	Unionman
4C7C5F	Apple
4C7CD9	Apple
4C7F62	Nokia
4C804F	Armstrong Monitoring
4C8093	Intel
4C80BA	Wuhan Tianyu Information Industry
4C80FB	Google
4C8120	Taicang T&W
4C8125	ZOWEE TECHNOLOGY(HEYUAN)Co
4C820C	Apple
4C8237	Telink Micro
4C82A9	Cloud Network Technology Singapore PTE
4C82CF	Dish
4C83DE	Cisco
4C83FE	Shenzhen Mercury Communication
4C8421	Espressif
4C858A	Buffalo
4C875D	Bose
4C889E	Huawei
4C8B30	Actiontec
4C8B55	Grupo Digicon
4C8BEF	Huawei
4C8D53	Huawei
4C8D79	Apple
4C8E19	Xiaomi
4C8ECC	Silkan
4C8FA5	Jastec
4C902D	Fujian Star-net Communication
4C90DB	JL Audio
4C910C	Lanix Internacional, S.A. de C.V
4C9157	Fujian LANDI Commercial Equipment
4C92D2	OPPO
4C9614	Juniper
4C962D	Fresh
4C968A	Wacom
4C97A1	Silicon Laboratories
4C97CC	Apple
4C98EF	Zeo
4C9992	vivo
4C99E8	Zhejiang Dahua Technologyco
4C9B63	LG
4C9D22	ACES
4C9E6C	Broadex
4C9E80	Kyokko Electric
4C9EE4	Hanyang Navicom
4C9EFF	Zyxel
4C9FF1	Apple
4CA003	VITEC
4CA03D	Bouffalo Lab (Nanjing)
4CA0D4	Telink Semiconductor (Shanghai)
4CA161	Rain Bird
4CA38F	shenzhen trolink
4CA3A7	Tecno Mobile
4CA515	Baikal Electronics JSC
4CA56D	Samsung
4CA64D	Cisco
4CA74B	Alcatel Lucent
4CA919	Tuya Smart
4CA928	Insensi
4CA954	Intel
4CAA16	AzureWave Technologies (Shanghai)
4CAB33	KST
4CAB4F	Apple
4CABF3	Universal
4CABF8	Askey Computer
4CABFC	ZTE
4CAC0A	ZTE
4CAD35	Apple
4CADA8	Panoptics
4CADDF	Công ty Cổ phần Thiết bị Công nghiệp GEIC
4CAE13	Huawei
4CAE1C	SaiNXT Technologies LLP
4CAE31	ShengHai Electronics (Shenzhen)
4CAEA3	HPE
4CAEEC	Guangzhou limee
4CB008	Shenzhen Gwelltimes
4CB04A	Intel
4CB087	Huawei
4CB0E8	Beijing RongZhi xinghua
4CB16C	Huawei
4CB199	Apple
4CB1CD	Ruckus
4CB21C	Maxphotonics
4CB44A	Nanowave
4CB4EA	HRD (S) PTE
4CB76D	Novi Security
4CB7E0	Shenzhen Mercury Communication
4CB81C	SAM
4CB82C	Cambridge Mobile Telematics
4CB8B5	Shenzhen YOUHUA
4CB910	Apple
4CB911	Raisecom
4CB99B	Weifang Goertek
4CB9C8	CONET
4CB9EA	iRobot
4CBA7D	Gemtek
4CBAA3	Bison
4CBAD7	LG
4CBB47	Nvidia
4CBB58	Chicony
4CBB6F	Infinix mobility
4CBC42	Shenzhen Hangsheng
4CBC48	Cisco
4CBC72	Primex Wireless
4CBCA5	Samsung
4CBCB4	ABB SpA - DIN Rail
4CBCE9	LG
4CBD8F	Hangzhou Hikvision Digital
4CC00A	vivo
4CC096	Shenzhen SuperElectron
4CC206	Somfy
4CC382	Espressif
4CC449	Icotera
4CC452	Shang Hai Tyd. Electon
4CC53E	Zyxel
4CC5D9	Dell
4CC602	Radios
4CC64C	Xiaomi
4CC681	Shenzhen Aisat Electronic
4CC7D6	Flextronics Manufacturing(zhuhai)co
4CC844	Maipu Communication
4CC8A1	Cisco Meraki
4CC94F	Nokia
4CC95E	Samsung
4CCA53	Skyera
4CCA95	Huawei
4CCBEA	Huawei
4CCBF5	ZTE
4CCC34	Motorola
4CCC6A	Micro-Star INTL
4CCDB6	Apple
4CCE2D	Danlaw
4CCF7C	HP
4CD012	Apple
4CD08A	HUMAX
4CD0CB	Huawei
4CD0DD	Huawei
4CD0F9	Cisco
4CD1A1	Huawei
4CD2FB	Unionman
4CD3AF	HMD Global
4CD4B1	NXP Semiconductor (Tianjin)
4CD546	HPE
4CD577	Chongqing Fugui
4CD587	HPE
4CD629	Huawei
4CD637	Qsono
4CD717	Dell
4CD73A	ShenZhen XinZhongXin Technology Co.，
4CD74A	Vantiva USA
4CD7B6	Helmer Scientific
4CD7C8	Guangzhou V-Solution Telecommunication
4CD98F	Dell
4CD9C4	Magneti Marelli Automotive Electronics (Guangzhou)
4CDA38	Texas Instruments
4CDC0D	Coral Telecom
4CDD31	Samsung
4CDD7D	LHP Telematics
4CDE48	Huawei
4CDF3D	Team Engineers Advance Technologies India PVT
4CE0DB	Xiaomi
4CE136	Private
4CE175	Cisco
4CE176	Cisco
4CE19E	Tecno Mobile
4CE1BB	Zhuhai HiFocus
4CE20F	Xiaomi
4CE2F1	Udino
4CE4B6	Motorola
4CE5AE	Tianjin Beebox Intelligent
4CE650	Apple
4CE65E	Huawei
4CE676	Buffalo
4CE6C0	Apple
4CE705	Siemens Industrial Automation Products Ltd., Chengdu
4CE933	RailComm
4CE9E4	New H3C
4CEA27	Shenzhen Skyworth Digital
4CEAAE	OPPO
4CEB42	Intel
4CEB76	Murrelektronik
4CEBB0	Samsung
4CEBBD	Chongqing Fugui
4CEBD6	Espressif
4CEC0F	Cisco
4CECEE	Samsung
4CECEF	Soraa
4CEDDE	Askey Computer
4CEDFB	ASUS
4CEEB0	SHC Netzwerktechnik
4CEF56	Shenzhen Sundray
4CEFC0	Amazon
4CEFE1	Dynacon Sp. z o.o
4CF02E	Vifa Denmark
4CF19E	Groupe Atlantic
4CF202	Xiaomi
4CF2BF	Cambridge Industries(Group)
4CF45B	Blue Clover Devices
4CF475	Huawei
4CF55B	Huawei
4CF5A0	Scalable Network
4CF5DC	Hangzhou Hikvision Digital
4CF737	SamJi
4CF95D	Huawei
4CFA9A	Shenzhen Quanxing
4CFAC9	BWS IoT
4CFACA	Cambridge Industries(Group)
4CFB45	Huawei
4CFBF4	Optimal Audio
4CFBFE	Sercomm
4CFC22	Shanghai Hi-tech Control System
4CFCAA	Tesla
4CFE2E	DongGuan Siyoto
4CFF12	Fuze Entertainment
500084	Siemens Canada
50008C	Hong Kong Telecommunications (HKT)
5000E0	Cisco
5000E6	Mellanox
50016B	Huawei
5001BB	Samsung
5001D9	Huawei
500238	Nokia
500291	Espressif
5003CF	CANON
500401	TelHi
5004B8	Huawei
50053D	CyWee
50056E	OPPO
500604	Cisco
5006AB	Cisco
5006F5	Roku
5007C3	Amazon
500959	Vantiva USA
5009E5	Drimsys
500A52	Huiwan
500A9C	Extreme Networks
500B23	Huawei
500B26	Huawei
500B32	Foxda Technology Industrial(ShenZhen)Co
500B88	Moxa
500E5B	Quectel Wireless Solutions
500E6D	TrafficCast
500F59	STMicrolectronics
500F80	Cisco
500FC6	solum
500FF5	Tenda
5011EB	SilverNet
50125C	Sony
50131D	Motorola
501365	Vola Networks
501395	Sichuan AI-Link
50139D	Sierra Wireless, ULC
501408	AiNET
501479	iRobot
5014B5	Richfit Information
5014C1	Huawei
5016F4	Motorola
5017FF	Cisco
50184C	Platina
501AA5	GN Netcom
501AC5	Microsoft
501B32	Taicang T&W
501B6A	Sunitec
501CB0	Cisco
501CBF	Cisco
501D93	Huawei
501E2D	StreamUnlimited Engineering
501FC6	Apple
502065	Quectel Wireless Solutions
50206B	Copeland - Transportation Solutions ApS
5021EC	Huawei
502267	PixeLINK
5022C9	Bel Power Solutions
50236D	Nintendo
5023A2	Apple
50252B	Nethra Imaging
502690	Fujitsu
5026D2	AVIRE Trading
5026EF	Murata
5027A9	eero
5027C7	Technart
5027E4	Marvell Semiconductors
50284A	Intel
502873	Huawei
50294D	Nanjing IOT Sensor
50297B	China Mobile Group Device
5029F5	OPPO
502A7E	Smart electronic
502A8B	Telekom Research and Development Sdn Bhd
502B73	Tenda
502B98	Es-tech
502CC6	Gree Electric Appliances, Inc. OF Zhuhai
502D1D	Nokia
502DA2	Intel
502DBB	GD Midea Air-Conditioning Equipment
502DF4	Phytec Messtechnik
502DFB	IGShare
502E5C	HTC
502E66	Cloud Network Technology Singapore PTE
502E91	AzureWave
502ECE	Asahi
502F54	CIG Shanghai
502F9B	Intel
502FA8	Cisco
502FBB	Motorola
5030F4	Exascend
503123	Fn-link
5031AD	ABB Global Industries and Services Private
503237	Apple
50325F	Silicon Laboratories
503275	Samsung
50338B	Texas Instruments
5033F0	Yichen (shenzhen)
5037CD	Quectel Wireless Solutions
50382F	ASE Group Chung-Li
5038AB	PROVE
50392F	Ingram Micro Services
503955	Cisco
503A0F	ALL Winner (Hong Kong)
503A7D	AlphaTech PLC Int’l
503AA0	Shenzhen Mercury Communication
503B70	Apple
503CC4	Lenovo
503CCA	Tecno Mobile
503CEA	OPPO
503D7F	Nokia
503DA1	Samsung
503DC6	Xiaomi
503DD1	TP-Link
503DE5	Cisco
503DEB	Zhejiang Tmall
503E7C	LeiShen Intelligent System
503EAA	TP-Link
503F50	Huawei
503F56	Syncmold Enterprise
503F98	Cmitech
504035	Vantiva USA
504061	Nokia
504074	Alarm.com
50411C	AMPAK
504172	Huawei
5041B9	I-O Data
504289	ZTE
504348	ThingsMatrix
5043B9	OktoInform RUS
504472	Motorola
504594	Radisys
5045D7	Arista Networks
5045F7	Liuhe Intelligence
50464A	Huawei
50465D	ASUS
5046AE	Mercury
504877	Honor
5048EB	Beijing Haihejinsheng Network
504921	Cisco
5049B0	Samsung
504A5E	Masimo
504A6E	Netgear
504B5B	CONTROLtronic
504B9E	Huawei
504C7E	THE 41st Institute OF Cetc
504EDC	Ping Communication
504F3B	Xiaomi
504F94	Loxone
50502A	Egardia
505065	TAKT
5050A4	Samsung
5050CE	Hangzhou Dianyixia Communication
50514F	Netbeam
5051A9	Texas Instruments
50523B	Nokia
5052D2	Hangzhou Telin
50547B	Nanjing Qinheng Microelectronics
505527	LG
50558D	China Mobile IOT
505663	Texas Instruments
5056A8	Jollyboys
5056BF	Samsung
50578A	Apple
50579C	Epson
5057A8	Cisco
505800	WyTec
50584F	waytotec
50586F	Huawei
5058B0	Hunan Greatwall Computer System
505967	Intent Solutions
505A65	AzureWave
505AC6	Guangdong Super Telecom
505B1D	Shenzhen C-Data
505BC2	Liteon
505C88	Cisco
505D7A	ZTE
505DAC	Huawei
505E24	ZTE
505E3A	GD Midea Air-Conditioning Equipment
505E5C	Sunitec
505FB5	Askey Computer
506028	Xirrus
50613C	ShenZhen XinZhongXin Technology Co.，
50613F	eero
50617E	Shenzhen MiaoMing Intelligent
506184	Avaya
506188	Planet
5061BF	Cisco
5061D6	Indu-Sol
5061F6	Universal
506245	Annapurna labs
506313	Foxconn
506382	Huawei
506391	Huawei
50642B	Xiaomi
506441	Greenlee
506583	Texas Instruments
5065F3	HP
5066E5	Huawei
506787	Planet Networks
5067AE	Cisco
5067E0	Altice Labs
5067F0	Zyxel
50680A	Huawei
5068AC	Huawei
50695A	AiFamous（shenzhen）Technology
506A03	Netgear
506B4B	Mellanox
506B8D	Nutanix
506CBE	InnosiliconTechnology
506E92	Innocent
506F0C	Sagemcom
506F77	Huawei
506F98	Sehaj Synergy Technologies Private
506F9A	Wi-Fi Alliance
507043	SKY UK
507097	China Mobile Group Device
5070E5	He Shan World Fair
507164	Cisco
507224	Texas Instruments
50724D	BEG Brueck Electronic
5075F1	CommScope
507691	Tekpea
5076A6	Ecil Informatica Ind. Com. Ltda
5076AF	Intel
507705	Samsung
50787D	Espressif
5078B0	Huawei
5078B3	ZTE
50795B	Interexport Telecomunicaciones
507973	Inagile Electronic
507A55	Apple
507AC5	Apple
507B91	Sigmastar
507B9D	LCFC(Hefei)
507C6F	Intel
507C90	Huami (Shenzhen) Information
507D02	Biodit
507E5D	Arcadyan
50804A	Quectel Wireless Solutions
508114	Apple
508140	HP
5082D5	Apple
508492	Intel
508569	Samsung
50857C	eero
50874D	OPPO
508789	Cisco
5087B8	Nuvyyo
508811	Xiaomi
5088C7	Taicang T&W
508965	Shenzhen Mercury Communication
5089D1	Huawei
508A06	Tuya Smart
508A0F	Shenzhen Fise Technology Holding
508A42	Uptmate
508A7F	Huawei
508ACB	Shenzhen Maxmade
508BB9	Tuya Smart
508C77	DIRMEIER Schanktechnik GmbH &Co
508CB1	Texas Instruments
508CC9	ZTE
508CF5	China Mobile Group Device
508D62	Huawei
508D6F	Chahoo
508D9E	Huawei
508E49	Xiaomi
508F4C	Xiaomi
5091E3	TP-Link
50926A	Xiaomi
5092B9	Samsung
50934F	Gradual Tecnologia Ltda
5093CE	Huawei
509546	Huawei
509551	CommScope
509707	Xiamen Paperang
509744	Integrated Device Technology (Malaysia) Sdn. Bhd
509772	Westinghouse Digital
509839	Xiaomi
509871	Inventum Technologies Private
509893	Texas Instruments
5098B8	New H3C
5098F3	Rheem Australia
509903	Meta Platforms
50995A	Amazon
509A46	Safetrust
509A4C	Dell
509A88	Huawei
509B94	Shenzhen iComm Semiconductor
509EA7	Samsung
509F27	Huawei
509F3B	OI Electric
509FB9	Shenzhen Skyworth Digital
50A009	Xiaomi
50A015	Shenzhen Yipingfang Network
50A054	Actineon
50A0A4	Nokia
50A0BF	Alba Fiber
50A132	Shenzhen MiaoMing Intelligent
50A1F3	Huawei
50A4C8	Samsung
50A5DC	CommScope
50A67F	Apple
50A6D8	Apple
50A6E3	David Clark
50A715	Aboundi
50A72B	Huawei
50A733	Ruckus
50A83A	S Mobile Devices
50A9DE	Smartcom - Bulgaria AD
50AB29	Trackunit ApS
50AB3E	Qibixx
50ABBF	Hoseo Telecom
50ACB9	Huawei
50AD71	Tessolve Semiconductor Private
50AD92	NX
50ADD5	Dynalec
50AE86	Linkintec
50AF4D	ZTE
50AF73	Shenzhen Bitland Information
50B03B	Sony
50B127	Apple
50B140	Elproma Elektronika SP Z O O
50B363	Digitron da Amazonia S/A
50B3B4	Shenzhen Furuilian Electronic
50B695	Micropoint Biotechnologies
50B7C3	Samsung
50B888	wi2be Tecnologia S/A
50B8A2	ImTech
50BA02	Qingdao Intelligent&Precise
50BA84	Cisco
50BB9F	Vantiva USA
50BBB5	AzureWave
50BC96	Apple
50BD5F	TP-Link
50C006	Carmanah Signs
50C0F0	Artek Microelectronics
50C1F0	NXP Semiconductor (Tianjin)
50C271	Securetech
50C275	GN Audio
50C2E8	Cloud Network Technology Singapore PTE
50C2ED	GN Audio
50C3A2	nFore
50C4DD	Buffalo
50C58D	Juniper
50C68E	Biwin Semiconductor (HK) Company Limted
50C6AD	Fiberhome Telecommunication
50C709	Juniper
50C7BF	TP-Link
50C8E5	Samsung
50C971	GN Netcom
50C9A0	Skipper
50CCF8	Samsung
50CD22	Avaya
50CD32	NanJing Chaoran Science
50CE75	Measy
50CEE3	Gigafirm
50CF14	Quectel Wireless Solutions
50CF56	China Mobile Group Device
50D065	Esylux
50D06D	Bird Buddy
50D1D7	ALL Winner (Hong Kong)
50D213	CviLux
50D274	Steffes
50D2F5	Xiaomi
50D33B	cloudnineinfo
50D37F	Yu Fly Mikly Way Science and
50D448	Private
50D45C	Amazon
50D4F7	TP-Link
50D59C	Thai Habel Industrial
50D6D7	Takahata Precision
50D753	Conelcom
50DA00	Hangzhou H3C
50DA9E	Tenda
50DAD6	Xiaomi
50DB3F	Shenzhen Gongjin Electronics Co.,lt
50DCD0	Observint
50DCE7	Amazon
50DCFC	Ecocom
50DD4F	Automation Components
50DDAB	Samsung
50DE06	Apple
50DE92	shenzhen worldelite
50DF95	Lytx
50E039	Zyxel
50E085	Intel
50E099	HangZhou Atuo Future
50E0C7	TurControlSystme
50E0EF	Nokia
50E0F9	GE Vernova
50E14A	Private
50E24E	ZTE
50E452	Chipsea Technologies (Shenzhen)
50E467	Ring
50E478	Sichuan AI-Link
50E4E0	HPE
50E538	Hangzhou Hikvision Digital
50E549	Giga-byte
50E636	AVM (FRITZ!Box)
50E666	Shenzhen Techtion
50E7A0	Renesas Electronics (Penang) Sdn. Bhd
50E7B7	vivo
50E971	Jibo
50E9DF	Quectel Wireless Solutions
50EAD6	Apple
50EB1A	Brocade Communications
50EB71	Intel
50EBF6	ASUS
50EC50	Xiaomi
50ED3C	Apple
50ED78	Changzhou Yongse Infotech
50ED94	Egatel SL
50EE32	Foxconn
50EE87	HPRO
50EE9B	AltoBeam
50EEB5	Texas Instruments
50F003	Open Stack
50F0D3	Samsung
50F14A	Texas Instruments
50F222	EM Microelectronic
50F261	Photon Sail
50F265	Apple
50F351	Apple
50F43C	Leeo
50F4EB	Apple
50F520	Samsung
50F5DA	Amazon
50F61A	Kunshan JADE
50F722	Cisco
50F7ED	Huawei
50F8A5	eWBM
50F8AD	Nanjing Qinheng Microelectronics
50F908	Wizardlab
50F958	Huawei
50FA84	TP-Link
50FAAB	L-tek d.o.o
50FB19	Chipsea Technologies (shenzhen)
50FBFF	Franklin
50FC30	Treehouse Labs
50FC9F	Samsung
50FDD5	SJI Industry
50FE0C	AzureWave
50FE39	Xiaomi
50FEF2	Sify
50FF20	Keenetic
54014A	Guangzhou Shiyuan Electronic
540237	Teltronic
540295	Huawei
540384	Hongkong Nano IC
5403F5	EBN
540463	CIG Shanghai
540496	Gigawave
5404A6	ASUS
540536	Vivago
540546	Spintly
54055F	Alcatel Lucent
540583	Itel Mobile
540593	Woori Elec
5405DB	LCFC(Hefei)
54068B	Ningbo Deli Kebei
540764	Huawei
54077D	Netgear
540853	Qingdao Haier
5408D3	Tianyi Telecom Terminals
5408F1	Shenzhenlingdechuangtechnology
540910	Apple
540929	Inventus Power Eletronica do Brasil LTDA
540955	ZTE
54098D	deister electronic
540A77	Fiberhome Telecommunication
540A8A	Jlztlink Industry(ShenZhen)Co
540BB6	Variscite
540DF9	Huawei
540E2D	vivo
540E58	OPPO
540F2C	Arista Networks
540F57	Silicon Laboratories
54102E	Huawei
541031	Smarto
54104F	Samsung
54107B	Guangdong Jeton
5410EC	Microchip
54112F	Sulzer Pump Solutions Finland
541149	vivo
541159	Nettrix Information Industry
54115F	Atamo
5412CB	Huawei
541310	Huawei
541379	Foxconn
54138F	GEOIDE Crypto&Com
5413CA	Itel Mobile
541473	Wingtech Group (HongKong）Limited
5414A7	Nanjing Qinheng Microelectronics
5414E9	AltoBeam
5414F3	Intel
5414FD	Orbbec 3D
541589	MCS Logic
541651	Ruijie Networks
5416A5	Espressif
5419C8	vivo
541B5D	Techno-Innov
541D61	YEESTOR Microelectronics
541DFB	Freestyle Energy
541E56	Juniper
541F8D	ZTE
541FCD	OPPO
541FD5	Advantage
542018	Tely Labs
542097	TTTech Auto
54211D	Huawei
542160	Alula
54219D	Samsung
5421A9	Itel Mobile
542259	Huawei
5422E0	Adtran
5422F8	ZTE
542369	Huawei
5423E3	Ruijie Networks
5425EA	Huawei
542618	Huawei
54263D	Sony
542696	Apple
54271E	AzureWave
542722	Lacroix
542758	Motorola
54276C	Jiangsu Houge
54278D	NXP (China) Management
542906	Apple
542A1B	Sonos
542A43	Apple
542A9C	LSY Defense
542AA2	Alpha Networks
542B1C	Amazon
542B57	Night Owl SP
542B76	ZTE
542B8D	Apple
542BDE	New H3C
542CEA	Protectron
542F04	Shanghai Longcheer
542F2B	Huawei
542F89	Euclid Laboratories
542F8A	Tellescom Industria E Comercio EM Telecomunicacao
543131	Raster Vision
5431D4	TGW Mechanics
543204	Espressif
5432C7	Apple
5433C6	Juniper Mist
5433CB	Apple
5434EF	Huawei
543530	Foxconn
5435DF	Symeo
5435E9	Feitian
543631	Intel
54369B	1Verge Internet Technology (Beijing)
5437BB	Taicang T&W
543968	Edgewater Networks
543976	Groq
5439DF	Huawei
543AD6	Samsung
543ADF	Qualfiber
543B30	duagon
543CED	Sagemcom
543D37	Ruckus
543D60	Arcadyan
543D92	Wireless-tek
543E64	Fiberhome Telecommunication
5440AD	Samsung
544249	Sony
5443B2	Espressif
544408	Nokia
54443B	Huawei
5444A3	Samsung
544538	Texas Instruments
544617	ZTE
54466B	Shenzhen CZTIC Electronic
544741	Xcheng Holding
544781	Quectel Wireless Solutions
5447CC	Sagemcom
5447D3	TSAT
5447E8	Syrotech Networks
544810	Dell
54489C	Cdoubles
5448E6	Xiaomi
5449DF	Peloton Interactive
5449FC	Ubee Interactive
544A00	Cisco
544A05	wenglor sensoric
544A16	Texas Instruments
544B8C	Juniper
544C8A	Microsoft
544DD4	China Mobile Group Device
544E45	Private
544E90	Apple
544EF0	Roku
54511B	Huawei
545146	AMG
5451DE	Cisco
545284	Huawei
5453ED	Sony
545414	Digital RF Corea
5454CF	Probedigital
5455D5	Huawei
545618	Huawei
545925	Huawei
5459A8	Wuhan Jingchen Intelligent Identification
545AA6	Espressif
545B86	Panasonic Automotive
545DD9	Edistec
545EBD	NL
545FA7	Jibaiyou
545FA9	Teracom
546009	Google
54606D	Huawei
546172	Zodiac Aerospace
5461EA	Zaplox
5462E2	Apple
5464BC	OPPO
5464D9	Sagemcom
5464DE	u-blox
546503	Quectel Wireless Solutions
5465DE	CommScope
54666C	Shenzhen YOUHUA
5466F9	ConMet
546706	OPPO
546749	Google
546751	Compal Broadband Networks
5467E6	Shenzhen MTC
546925	PS Inodic
546990	Huawei
546AD8	Elster Water Metering
546C0E	Texas Instruments
546C50	Nanjing Qinheng Microelectronics
546CAC	Intelbras
546CEB	Intel
546D52	Topview Optronics
546F71	uAvionix
547068	VTech Communications
5470AB	China Mobile Group Device
5471DD	Huawei
54724F	Apple
54725E	Union MAN
54726E	Daimler Truck
54735A	Huawei
547370	The LEGO
547398	Toyo
5474E6	Webtech Wireless
547595	TP-Link
5475D0	Cisco
5476B2	Raisecom
547787	Earda
54778A	HPE
54781A	Cisco
547885	Shenzhen Giec Digital
5478C9	AMPAK
5478F0	ZTE
547975	Nokia
547A52	CTE
547AF4	Bouffalo Lab (Nanjing)
547C69	Cisco
547D40	Powervision
547DCD	Texas Instruments
547E1A	Kaon
547F54	Ingenico
547FA8	TELCO systems, s.r.o
547FBC	iodyne
547FEE	Cisco
548028	HPE
54808A	PT. Bizlink Technology Indonesia
54812D	PAX Computer Technology(Shenzhen)
5481AD	Eagle Research
54833A	Zyxel
5483BB	Honda Motor
548450	Tiinlab
54847B	Digital Devices
5484DC	ZTE
5485C1	Siliconwaves
5486BC	Cisco
54880E	Samsung
5488D5	ZTE
5488DE	Cisco
5488FE	Xiaoniu network technology (Shanghai)
548922	Zelfy
548998	Huawei
548ABA	Cisco
548C81	Hangzhou Hikvision Digital
548CA0	Liteon
548D5A	Intel
5491E1	Vitalacy
549209	Huawei
54926A	GD Midea Air-Conditioning Equipment
5492BE	Samsung
549359	Shenzhen Twowing
549478	Silvershore Technology Partners
5496CB	AMPAK
549963	Apple
549A16	Uzushio Electric
549A4C	Guangdong Homecare
549A8F	Realme Chongqing Mobile Telecommunications
549B12	Samsung
549B24	Mellanox
549B49	NEC Platforms
549B72	Ericsson
549C27	Plasma Cloud
549C6A	Shenzhen Bilian Electronic
549D85	EnerAccess
549DEA	Espressif
549F06	Nokia
549F13	Apple
549F35	Dell
549FAE	iBASE Gaming
549FC6	Cisco
54A04F	t-mac
54A050	ASUS
54A0AB	Maiyue Future Intelligent Technology (Suzhou)
54A104	Optowl
54A245	Digisol
54A274	Cisco
54A31B	Shenzhen Linkworld
54A356	Annapurna labs
54A3FA	BQT Solutions (Australia)Pty
54A51B	Huawei
54A54B	NSC Communications Siberia
54A552	Shenzhen WeSing Interactive Entertainment
54A619	Alcatel-Lucent Shanghai Bell
54A637	Huawei
54A65C	Vantiva USA
54A6DB	Huawei
54A703	TP-Link
54A7A0	Hunan Aimag Intelligent
54A9C8	Home Control Singapore Pte
54A9D4	Minibar
54AB3A	Quanta Computer
54ACFC	LIZN ApS
54AE27	Apple
54AEBC	China Dragon
54AED0	DASAN Networks
54AED2	CSL Dualcom
54AF97	TP-Link
54B121	Huawei
54B203	Pegatron
54B27E	Sagemcom
54B29D	Shenzhen YOUHUA
54B56C	Xi'an NovaStar
54B620	Suhdol E&C
54B753	Hunan Fenghui Yinjia Science And
54B7BD	Arcadyan
54B7E5	Rayson
54B802	Samsung
54B80A	D-Link
54B874	GD Midea Air-Conditioning Equipment
54B8DB	Apple
54BAD6	Huawei
54BAD9	Intelbras
54BB8F	Accton
54BD79	Samsung
54BE53	ZTE
54BEF7	Pegatron
54BF55	Juniper
54BF64	Dell
54C078	Infinix mobility
54C1D3	Guangzhou TR Intelligent Manufacturing
54C250	Iskratel d.o.o
54C33E	Ciena
54C415	Hangzhou Hikvision Digital
54C45B	Arcadyan
54C480	Huawei
54C57A	Sunnovo
54C6A6	Hubei Yangtze Mason Semiconductor
54C6FF	New H3C
54C80F	TP-Link
54C8CC	Shenzhen SDG Telecom Equipment
54C9DF	Fn-link
54CD10	Panasonic Mobile Communications
54CDA7	Fujian Shenzhou Electronic
54CDEE	ShenZhen Apexis Electronic
54CE69	Hikari Trading
54CE82	ZTE
54CF8D	Huawei
54D0B4	Xiamen Four-Faith Communication
54D0ED	AXIM Communications
54D163	Max-tech
54D17D	Samsung
54D1B0	Universal Laser
54D272	Nuki Home Solutions
54D299	TP-Link
54D46F	Cisco
54D60D	Hangzhou Ezviz Software
54D751	Proximus
54D7E3	HPE
54D9C6	Huawei
54D9E4	Brilliantts
54DBA2	Fibrain
54DC1D	Yulong Computer Telecommunication Scientific (Shenzhen)
54DCE9	Silicon Laboratories
54DD21	Huawei
54DD4F	Samsung
54DED0	Sevio
54DED3	ZTE
54DF00	Ulterius
54DF1B	Vestel Elektronik San ve Tic. A.S
54DF24	Fiberhome Telecommunication
54DF63	Intrakey
54E005	Fiberhome Telecommunication
54E019	Ring
54E032	Juniper
54E061	Sichuan Tianyi Comheart Telecom
54E140	Ingenico
54E15B	Huawei
54E1AD	LCFC(Hefei)
54E1B6	Renesas Electronics (Penang) Sdn. Bhd
54E2C8	Dongguan Aoyuan
54E2E0	CommScope
54E3B0	JVL Industri Elektronik
54E3F6	Alcatel-Lucent
54E43A	Apple
54E4A9	BHR
54E4BD	Fn-link
54E4ED	Intel
54E61B	Apple
54E63F	ShenZhen LingKeWeiEr
54E6FC	TP-Link
54E6FD	Sony
54E7D5	Sun Cupid Technology (HK)
54EAA8	Apple
54EAE1	Honor
54EBE9	Apple
54EC2F	Ruckus
54ECB0	Sercomm
54EDA3	Navdy
54EE75	Wistron InfoComm(Kunshan)Co
54EF33	Shenzhen Bilian Electronic Co.，ltd
54EF43	Huawei
54EF44	Lumi United
54EF5B	Science
54EF92	Shenzhen Elink
54EFFE	Fullpower
54F0B1	HPE
54F15F	Sichuan AI-Link
54F201	Samsung
54F283	Silicon Laboratories
54F294	Huawei
54F29F	Hunan Fn-link
54F5B6	Oriental Pacific
54F607	Huawei
54F666	Berthold Technologies GmbH and
54F6C5	Fujian Star-net Communication
54F6E2	Huawei
54F82A	u-blox
54F876	ABB
54F8F0	Tesla
54FA3E	Samsung
54FA89	Medtronic CRM
54FA96	Nokia
54FB58	WISEWARE, Lda
54FB5A	Optomind
54FB66	ASRock Incorporation
54FCF0	Samsung
54FDBF	Scheidt & Bachmann
54FEEB	Texas Instruments
54FF82	Davit Solution
54FFCF	Mopria Alliance
580032	Genexis
5800BB	Juniper
5800E3	Liteon
580205	AzureWave
5803FB	Hangzhou Hikvision Digital
58044F	TP-Link
580454	Icomm HK
5804CB	Tianjin Huisun
580528	Labris Networks
580556	Elettronica GF
5805D9	Epson
5807F8	Nokia
5808FA	Fiber Optic & telecommunication
580943	Private
580987	Amazon
5809E5	Kivic
580A20	Cisco
580AD4	Apple
580D0D	Gree Electric Appliances, Inc. OF Zhuhai
580E85	Sagemcom
580EE6	Mellanox
580FA5	Apple
581031	Foxconn
58108C	Intelbras
5810B7	Infinix mobility
581122	ASUS
581243	AcSiP
5813D3	Gemtek
581626	Avaya
5816D7	Alpsalpine
58170C	Sony
581862	Sony
5818B4	Chengdu Quanjing Intelligent
5819F8	CommScope
581CBD	Affinegy
581CF8	Intel
581D91	Advanced Mobile Telecom
581DC9	MSE
581DD8	Sagemcom
581F19	EMH Metering
581F28	Huawei
581F67	Open-m
581FAA	Apple
581FEF	Tuttnaer
582059	Xiaomi
582071	Samsung
5820B1	HP
582136	KMB systems, s.r.o
58219D	Shanghai Timar Integrated Circuit
5821E9	TWPI
58238C	Vantiva USA
58239B	Fiberhome Telecommunication
582429	Google
582575	Huawei
58257A	Mobiwire Mobiles(ningbo)
58263A	Silicon Laboratories
582745	Angelbird
58278C	Buffalo
582A93	Apple
582ABD	Espressif
582AF7	Huawei
582B0A	Texas Instruments
582BD3	Espressif
582BDB	Pax
582D34	Qingping Electronics (Suzhou)
582EFE	Lighting Science
582F40	Nintendo
582F42	Universal Electric
582FF7	Sagemcom
58305B	Shanghai Junqian Sensing
58306E	Nokia
583112	DRUST
583277	Reliance Communications
58343B	Glovast
58350F	EM Microelectronic
583526	Deeplet
58355D	Huawei
58356B	Tecno Mobile
5835D9	Cisco
583653	Apple
5836DE	HZC Skyverse(Chongqing)Microelectronics
583879	RICOH
583BC2	Silicon Laboratories
583BD9	Fiberhome Telecommunication
583CC6	Omneality
583F54	LG
58404E	Apple
584120	TP-Link
584146	Guangzhou Shiyuan Electronic
5842E4	Baxter
5843AB	OPPO
584498	Xiaomi
58454C	Ericsson
58468F	Koncar Electronics and Informatics
5846E1	Baxter
584704	Shenzhen Webridge
584822	Sony
5848C0	Coflec
584925	E3 Enterprise
58493B	Palo Alto Networks
5849BA	Chitai Electronic
584BBC	ZTE
584C19	Chongqing Guohong Technology Development
584CEE	Digital One
584D42	Dragos
585076	Linear Equipamentos Eletronicos
58509F	Cloud Network Technology Singapore PTE
5850AB	TLS
5850E6	Best Buy
5850ED	Hangzhou Hikvision Digital
5851A3	Apple
58528A	Mitsubishi Electric
5853C0	Beijing Guang Runtong Technology Development
585595	Apple
5855CA	Apple
58569F	Cisco
5856AA	Apple
5856C2	Huawei
5856E8	CommScope
58570D	Danfoss Solar Inverters
5858CD	Extreme Networks
585924	Nanjing Simon Info
5859C2	Extreme Networks
585B69	TVT
585FF6	ZTE
586010	shenzhen zovoton electronic
58605F	Huawei
5860D8	CommScope
586163	Quantum Networks (SG) Pte
586356	Fn-link
58639A	TPL Systemes
5864C4	Apple
5865E6	infomark
58666D	Apple
5866BA	Hangzhou H3C
58671A	Barnes&Noble
58677F	Clare Controls
58685D	Tempo Australia
586861	Viasat
58687A	Sagemcom
58696C	Ruijie Networks
5869F9	Fusion Transactive
586AB1	Hangzhou H3C
586B14	Apple
586C25	Intel
586D0C	HPE
586D67	Intel
586D8F	Linksys
586ED6	Private
58707F	Ericsson
5870C6	Shanghai Xiaoyi
5872C9	ZTE
5873D1	Huawei
5873D8	Apple
587521	CJSC RTSoft
587675	Beijing ECHO
58769C	Palo Alto Networks
5876AC	Sernet (suzhou)
5876B3	Ubee Interactive
5876C5	Digi I'S
587803	Unitek
587961	Microsoft
5879E0	Samsung
587A4D	Stonesoft
587A62	Texas Instruments
587A6A	OPPO
587AB1	Shanghai Lixun Information
587BE9	AirPro Technology India Pvt
587DB6	Northern Data
587E61	Qingdao Hisense Communications
587F57	Apple
587F66	Huawei
587FB7	Sonar Industrial
587FC8	S2M
58821D	H. Schomäcker
5882A8	Microsoft
588336	Huawei
5884E4	IP500 Alliance e.V
58856E	QSC
5885A2	Realme Chongqing MobileTelecommunications
5885E9	Realme Chongqing MobileTelecommunications
588670	Juniper
588694	EFM Networks
58874C	Lite-on Clean Energy
588785	Adtran
58879F	Huawei
5887E2	Shenzhen Coship
588990	Starkey Labs
588A5A	Dell
588B1C	Cisco
588BF3	Zyxel
588C81	Espressif
588CCF	Silicon Laboratories
588D09	Cisco
588D39	Mitsubishi Electric Automation (china)
588D64	Xi'an Clevbee
588E81	Silicon Laboratories
588FA7	LG
588FCF	Hangzhou Ezviz Software
589043	Sagemcom
589153	China Mobile IOT
5891CF	Intel
589204	ZTE
58920D	Kinetic Avionics
589351	Huawei
589396	Ruckus
5893D8	Texas Instruments
5893E8	Apple
58946B	Intel
5894A2	KETEK
5894AE	Huawei
5894B2	BrainCo
5894CF	Vertex Standard LMR
58957E	Huawei
58960A	LG
58961D	Intel
589630	Vantiva USA
589671	WNC
58971E	Cisco
5897BD	Cisco
589835	Vantiva Technologies Belgium
58986F	Revolution Display
589A3E	Amazon
589B0B	Shineway
589B4A	DWnet Technologies(Suzhou)
589BF7	Hefei Radio Communication
589CFC	FreeBSD Foundation
589EC6	Gigaset
58A023	Intel
58A0CB	TrackNet
58A15F	Texas Instruments
58A2B5	LG
58A2E1	Mellanox
58A48E	PixArt Imaging
58A639	Samsung
58A748	Lytx
58A76F	iD
58A839	Intel
58A87B	Fitbit
58A8E8	Amazon
58ABFB	Huawei
58AC78	Cisco
58AD12	Apple
58AE2B	Huawei
58AEA8	Huawei
58AEF1	Fiberhome Telecommunication
58B035	Apple
58B03E	Nintendo
58B0D4	ZuniData
58B0FE	Team EPS
58B10F	Samsung
58B18F	Huawei
58B38F	New H3C
58B3FC	Shenzhen Rf-link
58B42D	YSTen
58B4BB	Ruijie Networks
58B568	Securitas Direct España, SAU
58B623	Xiaomi
58B633	Ruckus
58B858	SZ DJI
58B961	SOLEM Electronique
58B965	Apple
58B9E1	Crystalfontz America
58BAD3	Nanjing Casela
58BAD4	Huawei
58BC27	Cisco
58BC8F	Cognitive
58BD35	Shanghai Xiangcheng Communication
58BDA3	Nintendo
58BDF9	Sigrand
58BE72	Huawei
58BF25	Espressif
58BFEA	Cisco
58C17A	Cambium Networks
58C232	NEC
58C356	EM Microelectronic
58C38B	Samsung
58C57E	Fiberhome Telecommunication
58C583	Itel Mobile
58C587	AltoBeam
58C5CB	Samsung
58C6F0	OPPO
58C7AC	New H3C
58C876	China Mobile (Hangzhou) Information
58C935	Chiun Mai Communication System
58CB52	Google
58CDC9	Cloud Network Technology Singapore PTE
58CE2A	Intel
58CF4B	Lufkin Industries
58CF79	Espressif
58D061	Huawei
58D071	BW Broadcast
58D08F	IEEE 1904.1 Working
58D15A	Texas Instruments
58D237	Sichuan Tianyi Comheart Telecom
58D312	ZTE
58D349	Apple
58D391	Quectel Wireless Solutions
58D469	Arista Networks
58D50A	Murata
58D533	Huaqin
58D56E	D-Link
58D61F	Ubiquiti
58D67A	TCPlink
58D697	OPPO
58D6D3	Dairy Cheq
58D759	Huawei
58D812	TP-Link
58D8A7	Bird Home Automation
58D9C3	Motorola
58D9D5	Tenda
58DB09	Quectel Wireless Solutions
58DB15	Tecno Mobile
58DB8D	Fast
58DC6D	Exceptional Innovation
58DF59	Cisco
58DF70	Private
58DFA5	Ruiyi(hk)telecommunication
58E02C	Micro Technic
58E16C	Ying Hua Information Technology (Shanghai)Co
58E28F	Apple
58E326	Compass
58E359	Interroll Software
58E403	WNC
58E434	Juniper
58E476	Centron Communications Technologies Fujian
58E488	Amazon
58E4EB	Fn-link
58E636	EVRsafe
58E6BA	Apple
58E6C5	Espressif
58E747	Deltanet
58E808	Autonics
58E873	Hangzhou Dangbei Network
58EA1F	Xiaomi
58EAFC	ELL-IoT
58EB14	Proteus Digital Health
58ECE1	Newport
58ECED	Integrated Device Technology (Malaysia) Sdn. Bhd
58ED99	ZTE
58EECE	Icon Time
58EF68	Belkin
58F102	BLU Products
58F2FC	Huawei
58F387	Airios
58F39C	Cisco
58F496	Source Chain
58F658	Edifier
58F67B	Xia Men UnionCore
58F6BF	Kyoto University
58F85C	LLC Proizvodstvennaya Kompania "TransService"
58F8D7	Huawei
58F987	Huawei
58F98E	Secudos
58FB3E	Huawei
58FB84	Intel
58FB96	Ruckus
58FC20	Altice Labs
58FC73	Arria Live Media
58FCC6	TOZO
58FCC8	Honeywell
58FCE3	Funshion Online
58FD20	Systemhouse Solutions
58FD5D	Hangzhou Xinyun
58FDB1	LG
58FDBE	Shenzhen Taikaida
58FE7E	ZTE
58FFA1	ZTE
5C0038	Viasat
5C013B	Espressif
5C0214	Xiaomi
5C026A	Applied Vision
5C0272	Silicon Laboratories
5C0339	Huawei
5C045A	Company NA Stage & Light
5C0610	Cisco Meraki
5C0758	Ufispace
5C076F	Thought Creator
5C07A4	Ciena
5C07A6	Huawei
5C0947	Apple
5C0979	Huawei
5C0A11	Dongguan Liesheng Electronic
5C0A5B	Samsung
5C0B3B	Huawei
5C0BCA	Tunstall Nordic
5C0C0E	Guizhou Huaxintong Semiconductor
5C0CBB	Celizion
5C0CE6	Nintendo
5C0E8B	Extreme Networks
5C0FFB	Amino Communications
5C101E	ZTE
5C10C5	Samsung
5C1193	Seal One
5C13AC	Apple
5C13CC	Apple
5C1437	Thyssenkrupp Aufzugswerke
5C14EB	Trident IoT
5C1515	ADVAN
5C15C5	Shenzhen SSC
5C15E1	Aidc Technology (S) PTE
5C1648	OPPO
5C167D	Huawei
5C16C7	Arista Networks
5C1715	ODrive Robotics
5C1720	Huawei
5C1737	I-View Now
5C1783	Edgecore Americas Networking
5C17CF	OnePlus
5C17D3	LGE
5C18B5	Talon Communications
5C18DD	CIG Shanghai
5C1923	Hangzhou Lanly
5C1A6F	Cambridge Industries(Group)
5C1B17	Bosch Automotive Electronics India Pvt
5C1BF4	Apple
5C1CB9	vivo
5C1DD9	Apple
5C20D0	Asoni Communication
5C2167	Rockwell Automation
5C22C4	DAE EUN Eletronics
5C22DA	Vantiva USA
5C2316	Squirrels Research Labs
5C23C2	Apple
5C23D6	China Electronics Cloud Computing
5C241F	Qingdao Haier
5C2443	O-Sung Telecom
5C2479	Baltech
5C24E2	Suzhou Denbom Electronic S&T
5C254C	Avire Global Pte
5C2573	Mellanox
5C260A	Dell
5C2623	WaveLynx
5C2763	Itibia
5C27D4	Shenzhen Qihu Intelligent
5C2886	Inventec(Chongqing)
5C2AEF	r2p Asia-Pacific
5C2BF5	Vivint Wireless
5C2D08	Subeca
5C2E59	Samsung
5C2ED2	ABC(XiSheng)
5C2FAF	HomeWizard
5C313E	Texas Instruments
5C3192	Cisco
5C32C5	Teracom
5C3327	Spazio Italia
5C335C	Swissphone Telecom
5C337B	Google
5C338E	Alpha Networks
5C33B1	EM Microelectronic
5C3400	Hisense Electric
5C345B	Hangzhou Hikvision Digital
5C353B	Compal Broadband Networks
5C3548	Aditya Infotech
5C35DA	There
5C35FC	Actiontec
5C36B8	TCL King Electrical Appliances (Huizhou)
5C38E0	Shanghai Super
5C3977	Juniper
5C3A3D	ZTE
5C3A45	Chongqing Fugui
5C3AA2	Silicon Laboratories
5C3B35	Gehirn
5C3C27	Samsung
5C3E06	Cisco
5C3E1B	Apple
5C4058	Jefferson Audio Video
5C4071	Xiaomi
5C4097	Accton
5C40E3	Novaon
5C415A	Amazon
5C41E7	Wiatec
5C43D2	Hazemeyer
5C443E	Skullcandy
5C4527	Juniper
5C4546	Shenzhen Water World Information
5C46B0	SIMCom Wireless Solutions
5C475E	Ring
5C4842	Hangzhou Anysoft Information
5C4879	Huawei
5C4979	AVM (FRITZ!Box)
5C497D	Samsung
5C49FA	Shenzhen Guowei Shidai Communication Equipement
5C4A1F	Sichuan Tianyi Comheart Telecom
5C4A26	Enguity
5C4CA9	Huawei
5C4DBF	ZTE
5C4EEE	AltoBeam
5C5015	Cisco
5C50D3	Knit Sound
5C50D9	Apple
5C5136	Samsung
5C514F	Intel
5C5181	Samsung
5C5188	Motorola
5C51DF	eero
5C521E	Nintendo
5C5230	Apple
5C5284	Apple
5C5310	Nanjing Qinheng Microelectronics
5C53B4	EM Microelectronic
5C53C3	Ubee Interactive
5C546D	Huawei
5C5578	iryx
5C56A4	Wanan Hongsheng Electronic
5C56ED	3pleplay Electronics Private
5C571A	CommScope
5C579E	Chiun Mai Communication System
5C57C8	Nokia
5C5819	Jingsheng
5C58E6	Palo Alto Networks
5C5948	Apple
5C5A35	eero
5C5AC7	Cisco
5C5AEA	FORD
5C5B35	Juniper Mist
5C5BC2	YIK
5C5DEC	JiangSu Newcom Optical&Electrical Communication
5C5E0A	Samsung
5C5EAB	Juniper
5C5EBB	Huawei
5C5F67	Intel
5C60BA	HP
5C6117	Huawei
5C6152	NXP Semiconductor (Tianjin)
5C6199	Cloud Network Technology Singapore PTE
5C625A	CANON
5C628B	TP-Link
5C63B0	Fortinet
5C63BF	TP-Link
5C63C9	Intellithings
5C640F	Sage
5C647A	Huawei
5C648E	Zyxel
5C64F1	Cisco
5C64F3	sywinkey HongKong Co,. Limited?
5C666C	OPPO
5C6776	IDS Imaging Development
5C6783	Intel
5C68D0	Aurora Innovation
5C6984	Nuvico
5C6A7D	Kentkart EGE Elektronik San. VE Tic. Ltd. STI
5C6A80	Zyxel
5C6B32	Texas Instruments
5C6B4F	Hello
5C6BD7	Foshan VIOMI Electric Appliance
5C6D20	Foxconn
5C6F4F	S.a. Sistel
5C6F69	Broadcom
5C7017	Apple
5C7075	Huawei
5C70A3	LG
5C710D	Cisco
5C7545	Wayties
5C75AF	Fitbit
5C75C6	China Mobile Group Device
5C7695	Vantiva USA
5C76D5	Nokia
5C7757	Haivision Network Video
5C7776	TCT mobile
5C78F8	Huawei
5C7B5C	Shenzhen SDMC
5C7B6C	Tradit
5C7D5E	Huawei
5C7D7D	Vantiva USA
5C7DAE	ZTE
5C7DF3	Fiberhome Telecommunication
5C80B6	Intel
5C81A7	Network Devices
5C8217	DSE
5C836C	Ruckus
5C8382	Nokia
5C838F	Cisco
5C83CD	New platforms
5C843C	Sony
5C8486	Brightsource Industries Israel
5C8505	Huawei
5C85F8	Shenzhen Kaifa
5C8613	Beijing Zhoenet
5C864A	Secret Labs
5C865C	Samsung
5C86C1	Dongguan Solum
5C8730	Apple
5C8778	Cybertelbridge
5C879C	Intel
5C8816	Rockwell Automation
5C899A	TP-Link
5C89BC	Apple
5C89D4	Beijing Banner Electric
5C89E6	Richard Wolf
5C8A38	HP
5C8AAE	China Dragon
5C8B6B	Amazon
5C8C30	Taicang T&W
5C8D2D	Shanghai Wellpay Information
5C8D4E	Apple
5C8DE5	Delta
5C8DFD	Clariphotonics
5C8E10	TimeWatch Infocom Pvt
5C8E8B	Shenzhen Linghai
5C8F40	Tecno Mobile
5C8FE0	CommScope
5C9012	Owl Cyber Defense Solutions
5C9157	Huawei
5C9175	Apple
5C91FD	Jaewoncnc
5C925E	Zioncom Electronics (Shenzhen)
5C93A2	Liteon
5C9462	Shenzhen Jiuzhou Electric
5C95AE	Apple
5C9656	AzureWave
5C9666	Sony
5C966A	RTNET
5C969D	Apple
5C97F3	Apple
5C9960	Samsung
5C9977	Apple
5C9AA1	Huawei
5C9AD8	Fujitsu
5C9AE1	Ericsson
5C9BA6	Apple
5CA06C	Realme Chongqing Mobile Telecommunications
5CA176	Sichuan Tianyi Comheart Telecom
5CA178	TableTop Media (dba Ziosk)
5CA1E0	EmbedWay
5CA2A2	Texas Instruments
5CA39D	Samsung
5CA3EB	SKODA DIGITAL s.r.o
5CA436	Shenzhen G-world
5CA47D	HPE
5CA48A	Cisco
5CA4A4	Fiberhome Telecommunication
5CA4F4	ZTE
5CA5BC	eero
5CA62D	Cisco
5CA64F	TP-Link
5CA6E6	TP-Link
5CA721	New H3C
5CA86A	Huawei
5CA931	Ubee Interactive
5CA933	Luma Home
5CAAA2	Celestica
5CAAFD	Sonos
5CAC3D	Samsung
5CAC4C	Foxconn
5CAD76	Shenzhen TCL New
5CADBA	Apple
5CADCF	Apple
5CAF06	LG
5CB00A	Huawei
5CB066	CommScope
5CB12E	Cisco
5CB13E	Sagemcom
5CB15F	Oceanblue Cloud
5CB260	EM Microelectronic
5CB26D	Intel
5CB29E	ASCO Power
5CB2DF	Shenzhen Powerleader Storage
5CB395	Huawei
5CB3F6	Human
5CB43E	Huawei
5CB47E	Intel
5CB4E2	Inspur Software
5CB524	Sony
5CB559	CNEX Labs
5CB6CC	NovaComm
5CB8B7	Apple
5CB8CB	Allis Communications
5CB901	HP
5CBA2C	HPE
5CBA37	Microsoft
5CBA75	Quectel Wireless Solutions
5CBAEF	Chongqing Fugui
5CBBEE	ZTE
5CBD9A	Huawei
5CBD9E	Hongkong Miracle Eagle Technology(group)
5CBE05	ISPEC
5CBE69	Oraimo
5CBF03	EMOCO
5CC0A0	Huawei
5CC1D7	Samsung
5CC1F2	Huawei
5CC213	Fr. Sauter
5CC307	Huawei
5CC336	ittim
5CC41D	Stone Devices Sdn. Bhd
5CC563	Hunan Fn-link
5CC5D4	Intel
5CC6D0	Skyworth Digital Technology(Shenzhen)
5CC6E9	Edifier
5CC786	ShenZhen Tengxin Electronics Manufacturing
5CC787	Huawei
5CC7C1	Silicon Laboratories
5CC7D7	Azroad
5CC8E3	Shintec Hozumi
5CC999	New H3C
5CC9C0	Renesas Electronics (Penang) Sdn. Bhd
5CC9D3	Palladium Energy Eletronica DA Amazonia Ltda
5CCA1A	Microsoft
5CCA32	Theben
5CCAD3	Chipsea Technologies (shenzhen)
5CCB99	Samsung
5CCBCA	Fujian Star-net Communication
5CCCA0	Gridwiz
5CCCFF	Techroutes Network Pvt
5CCD5B	Intel
5CCD7C	MEIZU
5CCDA8	Itel Mobile
5CCEAD	CDYNE
5CCF7F	Espressif
5CD06E	Xiaomi
5CD135	Xtreme Power
5CD19C	Fantasia Trading
5CD20B	Yytek
5CD2E4	Intel
5CD33D	Samsung
5CD41B	Uczoon
5CD4AB	Zektor
5CD5B5	Shenzhen WiSiYiLink
5CD61F	Qardio
5CD89E	Huawei
5CD998	D-Link
5CDAD4	Murata
5CDB36	Calix
5CDC49	Samsung
5CDC96	Arcadyan
5CDD70	Hangzhou H3C
5CDE34	Shenzhen Mercury Communication
5CDF89	Ruckus
5CDFB8	Shenzhen Unionmemory Information System
5CE0C5	Intel
5CE0CA	FeiTian United (Beijing) System
5CE0F6	NIC.br- Nucleo de Informacao e Coordenacao do Ponto BR
5CE176	Cisco
5CE1A4	Pleneo
5CE223	Delphin
5CE286	Nortel Networks
5CE28C	Zyxel
5CE2F4	AcSiP
5CE30E	CommScope
5CE3B6	Fiberhome Telecommunication
5CE42A	Intel
5CE50C	Xiaomi
5CE674	NXP Semiconductors Taiwan
5CE688	VECOS Europe
5CE747	Huawei
5CE753	Shenzhen Intellirocks
5CE7A0	Nokia
5CE7BF	New Singularity International Technical Development
5CE883	Huawei
5CE8B7	Oraimo
5CE8D3	Signalinks Communication
5CE8EB	Samsung
5CE91E	Apple
5CE931	TP-Link
5CEA1D	Foxconn
5CEB4E	R. Stahl HMI
5CEB52	ZTE
5CEB68	Cheerstar
5CED8C	HPE
5CEDF4	Samsung
5CEE79	Global Digitech
5CF207	Speco
5CF370	CC&C
5CF3FC	IBM
5CF4AB	Zyxel
5CF50D	Institute of microelectronic applications
5CF51A	Zhejiang Dahua
5CF53A	Zhongge Smart Technology(Shanghai)
5CF5DA	Apple
5CF6DC	Samsung
5CF796	New H3C
5CF7C3	Syntech (hk)
5CF7E6	Apple
5CF821	Texas Instruments
5CF8A1	Murata
5CF92B	Cloud Network Technology Singapore PTE
5CF938	Apple
5CF96A	Huawei
5CF9DD	Dell
5CF9F0	Atomos Engineering P/L
5CF9FD	Taicang T&W
5CFA25	Sagemcom
5CFA5A	Sinepower Lda
5CFAFB	Acubit
5CFB3A	Chongqing Fugui
5CFB7C	Shenzhen Jingxun Software Telecommunication
5CFC66	Cisco
5CFC6E	Sichuan Tianyi Comheart Telecom
5CFCE1	Resideo
5CFE9E	Wiwynn Corporation Tainan Branch
5CFF35	Wistron
5CFFA9	ZTE
5CFFFF	Shenzhen Kezhonglong Optoelectronic
600194	Espressif
6001B1	Huawei
600292	Pegatron
6002B4	WNC
600308	Apple
60030C	Shenzhen YOUHUA
600347	Billion Electric
6003A6	Inteno Broadband
600417	Posbank
60045C	NXP Semiconductor (Tianjin)
60058A	Hitachi Metals
6006E3	Apple
60077C	Jala
6007C4	OPPO
600810	Huawei
600837	ivvi Scientific(Nanchang)Co
6009C3	u-blox
600A8C	Shenzhen Sundray
600B03	Hangzhou H3C
600F6B	Apple
600F77	SilverPlus
60109E	Huawei
6010A2	Crompton Instruments
601199	Siama
60123C	Huawei
601283	TSB Real Time Location Systems S.L
60128B	CANON
601466	ZTE
6014B3	CyberTAN
601521	Redarc
60152B	Palo Alto Networks
60156F	TP-Link
6015C7	IdaTech
6016F3	Huaqin
601803	Daikin Air-conditioning (Shanghai)
60182E	ShenZhen Protruly Electronic
60183A	Huawei
601888	ZTE
601895	Dell
60190C	Rramac
601929	Voltronic Power Technology(shenzhen)
601970	Huizhou Qiaoxing
601971	CommScope
601A4F	Beijing China Electronics Intelligent Acoustics
601AC7	Nintendo
601B52	Vodafone Italia
601D0F	Midnite Solar
601D16	Med-Eng Holdings ULC
601D56	Extreme Networks
601D91	Motorola
601D9D	Sichuan AI-Link
601E02	EltexAlatau
601E98	Axevast
601F56	Huawei
602101	OPPO
602103	I4vine
6021C0	Murata
602232	Ubiquiti
6023A4	Sichuan AI-Link
6024C1	Jiangsu Zhongxun Electronic
6025ED	HPE
602602	Texas Instruments
6026AA	Cisco
6026EF	HPE
60271C	VIDEOR E. Hartig
60292B	TP-Link
602972	Arista Networks
6029D5	Davolink
602A1B	Jancus
602A54	CardioTek
602AD0	Cisco
602B58	EM Microelectronic
602D74	Extreme Networks
602E20	Huawei
602ED5	Apple
6030B3	Huawei
6030D4	Apple
60313B	Sunnovo
603192	OVT India pvt
603197	Zyxel
60323B	Quectel Wireless Solutions
6032B1	TP-Link
6032F0	Mplus
60334B	Apple
603457	HP Tuners
603553	Buwon
603573	Earda
6035C0	SFR
603696	The Sapling
6036DD	Intel
60380E	Alpsalpine
6038E0	Belkin
60391F	ABB
603A7C	TP-Link
603AAF	Samsung
603C0E	Guizhou Huaxin Information
603C68	Garmin
603CEE	LG
603D26	Vantiva USA
603D29	Huawei
603D61	Private
603E5F	Apple
603E7B	Gafachi
603ECA	Cambridge Medical Robotics
603FC5	COX
603FFB	Telink Micro
60427F	Shenzhen Chuangwei-rgb
60447A	Water-i.d
6044F5	Easy Digital
60452E	Intel
60455E	Liptel s.r.o
6045BD	Microsoft
6045CB	ASUS
6045CD	Sagemcom
6045E8	Arcadyan
604616	Xiamen Vann Intelligent
60464C	Ligent
6046D4	Texas Instruments
60470A	Shenzhen Zenith Intelligent
604762	Beijing Sensoro
6047D4	FORICS Electronic
604826	Newbridge Technologies Int
60489C	Yippee
604966	Shenzhen Dingsheng
6049C1	Avaya
604A1C	SUYIN
604A77	Finder
604BAA	Magic Leap
604DE1	Huawei
604F5B	Huawei
6050C1	Kinetek Sports
60512C	TCT mobile
6052D0	FACTS Engineering
605317	Sandstone
605355	Huawei
605375	Huawei
605464	Eyedro Green Solutions
605556	Jiangxi Risound
6055F9	Espressif
605661	Ixecloud
60567D	AM Telecom
605699	Magneti Marelli S.E
6056B1	Huawei
6056EE	AltoBeam
605718	Intel
605747	CIG Shanghai
60577D	eero
6057C8	Apple
605801	Shandong ZTop Microelectronics
605B30	Dell
605BB4	AzureWave
605E4F	Huawei
605E65	Mellanox
605F8D	eero
605FAA	Huawei
60601F	SZ DJI
606134	Arcade Communications
6061DF	Z-meta Research
60629A	Juniper
60634C	D-Link
6063F9	Ciholas
6063FD	Transcend Communication Beijing
606405	Texas Instruments
606453	AOD
6064A1	RADiflow
606525	Apple
6065F4	Chipsea Technologies (Shenzhen) Crop
606682	Shenzhen Ateko Photoelectricity
606720	Intel
606832	Guangdong Seneasy Intelligent
60684E	Samsung
606944	Apple
60699B	isepos
606B5B	Arista Network
606BB3	ZTE
606BBD	Samsung
606BFF	Nintendo
606C63	Hitron
606C66	Intel
606D3C	Luxshare Precision Industry
606D9D	Otto Bock Healthcare Products
606DC7	Foxconn
606E41	Barrot
606E53	Beijing Wisdomstar
606ED0	SEAL
606EE8	Xiaomi
60706C	Google
607072	Shenzhen Hongde Smart Link
6070C0	Apple
60720B	BLU Products
60735C	Cisco
6073BC	ZTE
6073C8	Voyetra Turtle Beach
60748D	Atmaca Elektronik
6074B1	Home Control Singapore Pte
6074F4	Private
60756C	LG
607623	Shenzhen E-Superlink
607688	Velodyne
607771	Texas Instruments
6077E2	Samsung
6079C9	Huawei
607AD8	GD Midea Air-Conditioning Equipment
607D09	Luxshare Precision Industry
607DDD	Shenzhen Shichuangyi
607EA4	Shanghai Imilab
607EC9	Apple
607ECD	Huawei
607EDD	Microsoft
607FCB	Samsung
608110	Apple
60812B	Astronics Custom Control Concepts
6081F9	Helium
608246	Apple
608306	Huawei
608334	Huawei
608373	Apple
6083B2	GkWare e.K
6083DA	Silicon Laboratories
6083E2	Shanghai Notion Information
6083E7	TP-Link
6083F8	Sichuan Huakun Zhenyu Intelligent
60843B	Soladigm
6084BD	Buffalo
608625	Fn-link
608645	Avery Weigh-Tronix
60893C	Thermo Fisher Scientific P.O.A
6089B1	Key Digital
6089B7	Kael Mühendi̇sli̇k Elektroni̇k Ti̇caret Sanayi̇ Li̇mi̇ted Şi̇rketi̇
608A10	Microchip
608B0E	Apple
608C2B	Hanson
608C4A	Apple
608CDF	Beamtrail-Sole Proprietorship
608CE6	CommScope
608D17	Sentrus Government Systems Division
608D26	Arcadyan
608E08	Samsung
608F5C	Samsung
608FA4	Nokia
609084	DSSD
6091F3	vivo
609217	Apple
6092C8	Roku
6092F5	CommScope
609316	Apple
609532	Zebra
609578	Samsung
6095BD	Apple
6095F8	Arcadyan
609620	Private
6096A4	Huawei
6097DD	MicroSys
609813	Shanghai Visking Digital
609849	Nokia
609866	Texas Instruments
6099D1	Lenovo
609AA4	GVI Security
609AC1	Apple
609B2D	JMACS Japan
609BB4	Huawei
609BC8	Hipad Intelligent
609C9F	Brocade Communications
609E64	Vivonic
609F9D	CloudSwitch
60A10A	Samsung
60A11E	Wuhan Maxsine Electric
60A1FE	HPRO
60A2C6	Huawei
60A37D	Apple
60A3E3	TP-Link
60A423	Silicon Laboratories
60A44C	ASUS
60A4B7	TP-Link
60A4D0	Samsung
60A5E2	Intel
60A6C5	Huawei
60A730	Shenzhen Yipinfang Internet
60A751	Huawei
60A8FE	Nokia
60A954	Cisco
60A9B0	Merchandising
60AAEF	Huawei
60AB14	LG
60AB67	Xiaomi
60ABD2	Bose
60ACC8	KunTeng
60AF6D	Samsung
60B02B	Qingdao Haier
60B0E8	Huawei
60B185	ATH system
60B387	Synergics
60B3C4	Elber
60B4A2	Samsung
60B4F7	Plume
60B58D	AVM (FRITZ!Box)
60B606	Phorus
60B617	Fiberhome Telecommunication
60B647	Silicon Laboratories
60B6E1	Texas Instruments
60B705	Shenzhen Skyworth Digital
60B763	Silicon Laboratories
60B76E	Google
60B933	Deutron
60B982	RO.VE.R. Laboratories
60B9C0	Cisco
60BA18	nextLAP
60BB0C	Beijing HuaqinWorld
60BBEB	Huawei
60BC4C	EWM Hightec Welding
60BD2C	Taicang T&W
60BD83	Huawei
60BD91	Move Innovation
60BEB4	S-Bluetech
60BEB5	Motorola
60BEC4	Apple
60C01E	V&G Information System
60C0BF	ON Semiconductor
60C1CB	Fujian Great Power PLC Equipment
60C22A	Allwinner
60C397	2Wire
60C418	TPV Display Technology (Xiamen)
60C547	Apple
60C5A8	Beijing LT Honway
60C5AD	Samsung
60C5E6	Skullcandy
60C658	Phytronix
60C727	Digiboard Eletronica da Amazonia Ltda
60C78D	Juniper
60C798	Verifone
60C7BE	Realme Chongqing Mobile Telecommunications
60C980	Trymus
60C9AA	Nokia
60CA3A	Apple
60CBFB	AirScape
60CDA9	Abloomy
60CDC5	Taiwan Carol
60CE41	Huawei
60CE86	Sercomm
60CE92	The Refined Industry
60CF69	meerecompany
60CF84	ASUS
60D02C	Ruckus
60D039	Apple
60D0A9	Samsung
60D15F	Futurepath Technology(Shenzhen)Co
60D178	Cisco
60D1AA	Vishal Telecommunications Pvt
60D1D8	Silicon Laboratories
60D21C	Sunnovo
60D248	CommScope
60D262	Tzukuri
60D2B9	Realand BIO
60D2DD	Shenzhen Baitong Putian
60D30A	Quatius
60D4AF	Honor
60D4E9	OPPO
60D51B	Fujitsu
60D561	Shenzhen Glazero
60D755	Huawei
60D819	Foxconn
60D877	Phyplus Technology (Shanghai)
60D89C	HMD Global
60D8A4	Vantiva Connected Home - Technologies Telco
60D9A0	Lenovo
60D9C7	Apple
60DA23	Estech
60DA83	Hangzhou H3C
60DB15	New H3C
60DB2A	HNS
60DB98	Calix
60DBEF	Unify Software and Solutions
60DC0D	Taiwan Shin Kong Security
60DC81	AltoBeam
60DD10	Shenzhen Angxun
60DD70	Apple
60DD8E	Intel
60DE18	Apple
60DE35	GITSN
60DE44	Huawei
60DE94	Huawei
60DEF3	Huawei
60DEF4	Shenzhen iComm Semiconductor
60E00E	Shinsei
60E327	TP-Link
60E32B	Intel
60E3AC	LG
60E5D8	ZTE
60E6BC	Sino-Telecom
60E6F0	WNC
60E701	Huawei
60E78A	Unisem
60E85B	Texas Instruments
60E956	Ayla Networks
60E9AA	Cloud Network Technology Singapore PTE
60EB5A	Asterfusion Data
60EB69	Quanta Computer
60EBB4	Guangdong Genius
60EE5C	Shenzhen Fast
60EFAB	Silicon Laboratories
60EFC6	Shenzhen Chima
60F04D	Honor
60F13D	JABLOCOM s.r.o
60F189	Murata
60F18A	Huawei
60F262	Intel
60F281	Tranwo
60F2EF	VisionVera
60F3DA	Logic Way
60F419	eero
60F43A	Edifier
60F445	Apple
60F494	Foxconn
60F549	Apple
60F59C	CRU-Dataport
60F620	Sonos
60F673	Terumo
60F677	Intel
60F723	Xiaomi
60F81D	Apple
60F8F2	Synaptec
60F91C	China Dragon
60FA9D	Huawei
60FAA7	Shenzhen MTC
60FAB1	Kempower Oyj
60FACD	Apple
60FB00	Shenzhen Bilian Electronic Co.，ltd
60FB42	Apple
60FCF1	Private
60FD56	Woorisystems
60FDA6	Apple
60FE1E	China Palms Telecom
60FE20	2Wire
60FEC5	Apple
60FEF9	Thomas & Betts
60FF12	Samsung
60FF9E	AzureWave
60FFDD	C.E
64002D	Powerlinq
64006A	Dell
64009C	Insulet
6400F1	Cisco
6401FB	Landis+Gyr
64028F	Silicon Laboratories
6402CB	CommScope
64037F	Samsung
640552	China Post Communication Equipment
6405BE	NEW Light LED
6405E4	Alpsalpine
6405E9	Shenzhen WayOS Technology Crop
64078C	Huawei
6407F6	Samsung
640864	Cisco
64094C	Beijing Superbee Wireless
640980	Xiaomi
6409AC	TCT mobile
640B4A	Digital Telecom
640BD7	Apple
640C91	Apple
640D22	LG
640DCE	Shenzhen Mercury Communication
640DE6	Petra
640E36	Taztag
640E6A	Seco-larm USA
640E94	Pluribus Networks
640E9B	Ishida Medical
640F28	2Wire
641084	HEXIUM Technical Development
6411A4	Motorola
641225	Cisco
641236	Vantiva USA
641269	CommScope
641331	Bosch Car Multimedia (Wuhu)
64135A	Itectra
64136C	ZTE
6413AB	Huawei
641666	Google Nest
64167F	Polycom
64168D	Cisco
6416F0	Huawei
641759	Intellivision
6417CD	Samsung
6418DF	Sagemcom
641A22	Heliospectra
641ABA	Dryad Networks
641B2F	Samsung
641B85	Vantiva USA
641BB7	Itel Mobile
641C10	Texas Instruments
641C67	Digibras Industria DO Brasils/a
641CAE	Samsung
641CB0	Samsung
641E81	Dowslake Microsystems
64200C	Apple
64209F	Tilgin
6420E0	T3
642184	Nippon Denki Kagaku
6421FD	Guang zhou Xradio
642216	Shandong Taixin Electronic
642315	Huawei
642400	Xorcom
64244D	Hangzhou Ezviz Software
64255E	Observint
6425EC	guangdong kesheng zhixun
642656	Shenzhen Fanweitai Technology Service
642677	BKM-Micronic Richtfunkanlagen
642737	Foxconn
642753	Huawei
642943	D-Link
6429ED	AO "PKK Milandr"
6429FF	Huawei
642B8A	ALL BEST Industrial
642C0F	vivo
642CAC	Huawei
642DB7	Seungil
642E41	Huawei
642F1C	Huawei
642FC7	New H3C
643135	Apple
643136	Mellanox
643150	HP
643172	Zhejiang Hising
64317E	Dexin
643216	Weidu Technology (Beijing)
6432A8	Intel
6433AA	Mellanox
6433DB	Texas Instruments
643409	BITwave Pte
64351C	e-CON SYSTEMS INDIA PVT
6437A4	Tokyoshuha
643AB1	Sichuan Tianyi Comheart Telecom
643AEA	Cisco
643E0A	Huawei
643E8C	Huawei
643F5F	Exablaze
6441E6	Apple
6441FF	Shenzhen Wolf
644212	Shenzhen Water World Information
644214	Swisscom Energy Solutions
6442C2	Mellanox
644346	GuangDong Quick Network Computer
64447B	vivo
6444D5	TD
6447E0	Feitian
644842	Apple
64497D	Intel
644A7D	Intel
644BC3	Shanghai WOASiS Telecommunications
644BF0	CalDigit
644C36	Intel
644C69	Conprove
644D70	dSPACE
644ED7	HP
644EEB	Daikin Holdings Singapore Pte
644F42	Jetter
644F56	Yealink(xiamen) Network
644F74	LENUS
644FB0	Hyunjin.com
6450D6	Liquidtool
645106	HP
64517E	Long BEN (dongguan) Electronic
6451F4	Huawei
645234	Sichuan Tianyi Comheart Telecom
645299	The Chamberlain
64535D	Frauscher Sensortechnik
6453E0	Huawei
645422	Equinox Payments
645563	Q-Free America
64557F	NSFOCUS Information
6455B1	CommScope
645601	TP-Link
6456B5	Samsung
645725	Hui Zhou Gaoshengda
6457BA	Intel
6457E5	Beijing Royaltech
6458AD	China Mobile IOT
6459F8	Vodafone Omnitel
645A04	Chicony
645A36	Apple
645AED	Apple
645CF3	ParanTek
645D86	Intel
645D92	Sichuan Tianyi Comheart Telecom
645DD7	Shenzhen Lifesense Medical
645DF4	Samsung
645E10	Huawei
645E2C	IRay
645EBE	Yahoo! JAPAN
645FFF	Nicolet Neuro
646038	Hirschmann Automation and Control
646140	Huawei
646184	VELUX
646223	Cellient
64628A	evon
646306	Xiaomi
64644A	Xiaomi
64649B	Juniper
6465C0	Nuvon
646624	Sagemcom
6466B3	TP-Link
6466D8	Samsung
646707	Beijing Omnific
646772	Sercomm
6467CD	Huawei
64680C	Comtrend
64681A	DASAN Network Solutions
646876	Edifier
646911	Aptiv Services US
64694E	Texas Instruments
6469BC	Hytera Communications
646A52	Avaya
646A74	Auth-servers
646BE7	Qingdao Intelligent&Precise
646C80	Chongqing Fugui
646CB2	Samsung
646D2F	Apple
646D4E	Huawei
646D6C	Huawei
646E60	ZTE
646E69	Liteon
646E6C	Radio Datacom
646E97	TP-Link
646EE0	Intel
646EEA	Iskratel d.o.o
647002	TP-Link
647033	Apple
647060	Texas Instruments
647084	AltoBeam
6472D8	GooWi
647366	Shenzhen Siera
6473E2	Arbiter
6474F6	Shooter Detection
647520	ZTE
6475DA	Arcadyan
647657	Innovative Security Designs
6476BA	Apple
64777D	Hitron
647791	Samsung
647924	Huawei
647999	Sagemcom
6479A7	Phison
6479F0	Intel
647B1E	Sagemcom
647B40	Sichuan AI-Link
647BCE	Samsung
647BD4	Texas Instruments
647C34	Ubee Interactive
647CE8	Palo Alto Networks
647D4D	Arcadyan
647D81	Yokota Industrial
647FDA	TEKTELIC Communications
64808B	VG Controls
648099	Intel
648125	Alphatron Marine
648214	Fn-link
648434	BEMER Int
648505	ZTE
648624	Beijing Global Safety
64876C	Huawei
648788	Juniper
6487D7	ADB Broadband Italia
6488FF	Sichuan Changhong Electric
648914	Espressif
64899A	LG
6489F1	Samsung
648B9B	Always ON Tech PTE
648CBB	Texas Instruments
648D9E	IVT Electronic
648F3E	Cisco
648FDB	Huaqin
6490C1	Xiaomi
64956C	LG
649714	eero
649746	AzureWave
649829	Integrated Device Technology (Malaysia) Sdn. Bhd
64989E	Trinnov Audio
64995D	LGE
649968	Elentec
6499A0	AG Elektronik
649A08	Shenzhen SuperElectron
649A12	P2 Mobile
649A63	Ring
649ABE	Apple
649B24	V
649B8F	Texas Instruments
649C81	Qualcomm
649C8E	Texas Instruments
649CF3	Fiberhome Telecommunication
649D38	Google
649D99	FS COM
649E31	Xiaomi
649E58	MM Devices
649EF1	Texas Instruments
649EF3	Cisco
649FF7	Kone OYj
64A0AC	Adtran
64A0E7	Cisco
64A198	Huawei
64A200	Xiaomi
64A232	OOO Samlight
64A28A	Huawei
64A2F9	OnePlus
64A337	Garmin
64A341	Wonderlan (Beijing)
64A3CB	Apple
64A3CC	LeoLabs
64A40E	Tianyi Telecom Terminals
64A444	Loongson
64A5C3	Apple
64A651	Huawei
64A68F	Zhongshan Readboy
64A769	HTC
64A7DD	Avaya
64A837	Juni Korea
64A963	Huawei
64A965	Linkflow
64AC2B	Juniper
64ACE0	Samsung
64AE0C	Cisco
64AE88	Polytec
64AEF1	Qingdao Hisense
64B0A6	Apple
64B0E8	Huawei
64B21D	Chengdu Phycom
64B2B4	Fiberhome Telecommunication
64B2E4	Shenzhen Skyworth Digital
64B310	Samsung
64B370	PowerComm Solutions
64B379	Jiangsu Viscore
64B473	Xiaomi
64B4E8	Shenzhen D-Robotics
64B5C6	Nintendo
64B5F2	Samsung
64B623	Schrack Seconet Care Communication
64B64A	ViVOtech
64B708	Espressif
64B853	Samsung
64B94E	Dell
64B9E8	Apple
64BAA4	ZTE
64BABD	SDJ
64BB1E	Earda
64BC0C	LG
64BC11	CombiQ
64BC43	Huawei
64BC58	Intel
64BD6D	Apple
64BE63	Stordis
64BF6B	Huawei
64C01A	Sichuan Tianyi Comheart Telecom
64C045	Apple
64C17E	cheilelectric
64C269	eero
64C2DE	LG
64C354	Avaya
64C394	Huawei
64C3D6	Juniper
64C403	Quectel Wireless Solutions
64C582	China Mobile Group Device
64C5AA	South African Broadcasting
64C5F9	Shenzhen Tecno
64C667	Barnes&Noble
64C6AF	AXERRA Networks
64C6D2	Epson
64C753	Apple
64C7F1	Premier-D
64C901	Inventec
64C905	Apple
64C944	LARK
64C9F1	Amazon
64CA80	Realme Chongqing Mobile Telecommunications
64CB5D	SIA "TeleSet"
64CB9F	Tecno Mobile
64CBA0	Extreme Networks
64CBA3	Pointmobile
64CBE9	LG
64CC22	Arcadyan
64CC2E	Xiaomi
64CDC2	Amazon
64CDF1	KO & AL
64CE0C	Funshion Online
64CE6E	Sierra Wireless, ULC
64CF13	Weigao Nikkiso(Weihai)Dialysis Equipment
64CFD9	Texas Instruments
64D02D	Next Generation Integration Limited (ngi)
64D0D6	Samsung
64D154	Routerboard.com
64D1A3	Sitecom Europe
64D241	Keith & Koep
64D2C4	Apple
64D315	HMD Global
64D363	Seyond
64D4BD	Alpsalpine
64D4DA	Intel
64D4F0	Netvue，inc
64D562	Huawei
64D608	Shenzhen Ailyworld
64D667	Shanghai Ikotek
64D69A	Intel
64D7C0	Huawei
64D814	Cisco
64D81B	Vestel Elektronik San ve Tic. A.S
64D912	Solidica
64D954	Taicang T&W
64D989	Cisco
64D9C2	eero
64DAA0	Robert Bosch Smart Home
64DAED	eero
64DB18	OpenPattern
64DB38	ZTE
64DB43	Motorola
64DB81	Syszone
64DB8B	Hangzhou Hikvision Digital
64DBA0	Select Comfort
64DBF7	Nokia
64DC01	Static
64DCDE	ZheJiang FuChunJiang Information
64DD68	Zyxel
64DDE9	Xiaomi
64DE1C	Kingnetic Pte
64DE6D	Intel
64DF10	JingLue Semiconductor(SH)
64DFE9	ATEME
64E003	Hui Zhou Gaoshengda
64E0AB	Union MAN
64E161	DEP
64E172	Shenzhen Qihoo Intelligent
64E204	NTN Technical Service
64E220	Qisda
64E4A5	LG
64E599	EFM Networks
64E625	Woxu Wireless
64E682	Apple
64E738	Zhejiang SUPCON
64E7D8	Samsung
64E815	Arcelik A.S
64E833	Espressif
64E84F	Serialway Communication
64E881	HPE
64E892	Morio Denki
64E8E6	global moisture management system
64E950	Cisco
64EAC5	SiboTech Automation
64EB8C	Epson
64EB94	ZTE
64EC65	vivo
64ED57	CommScope
64ED62	WOORI
64EEB7	Netis
64F0AD	Zhejiang Tmall
64F242	Gerdes Aktiengesellschaft
64F2FB	Hangzhou Ezviz Software
64F50E	Kinion
64F54E	EM Microelectronic
64F64D	Celestica
64F69D	Cisco
64F6BB	Fibocom Wireless
64F6F7	Anhui Dynamic Power
64F705	Huawei
64F81C	Huawei
64F88A	China Mobile IOT
64F947	Senscomm Semiconductor
64F970	Kenade
64F987	Avvasi
64F9C0	Analog Devices
64FA2B	Sagemcom
64FB01	Zhongshan Camry Electronic
64FB50	RoomReady/Zdi
64FB92	PPC Broadband
64FBCE	Amplitech
64FC8C	Zonar
64FD29	Zhejiang Dahua
64FD96	Sagemcom
64FE15	Flaircomm Microelectronics
64FF0A	WNC
680125	Amazon
680235	Konten Networks
6802B8	Compal Broadband Networks
680489	Cisco
680571	Samsung
6805CA	Intel
68070A	TPVision Europe
680715	Intel
68080D	Shenzhen Yingsheng
680927	Apple
680947	Espressif
680AD7	Yancheng Kecheng Optoelectronic
680AE2	Silicon Laboratories
68122D	Special Instrument Development
681268	Quectel Wireless Solutions
681295	Lupine Lighting
681324	Huawei
6813E2	Eltex Enterprise
6813F3	Amazon
681401	Foxconn
681579	BrosTrend
681590	Sagemcom
6815D3	R&G PLUS Sp. z o.o
6815E4	Cisco
681605	Systems And Electronic Development FZCO
681729	Intel
6818D9	Hill AFB - CAPRE
68193F	Digital Airways
681977	New H3C
6819AC	Guangzhou Xianyou Intelligent Technogoly
681A47	Apple
681A7C	Sichuan Tianyi Comheart Telecom
681AA4	Shenzhen Skyworth Digital
681AB2	ZTE
681BEF	Huawei
681C52	Cisco
681CA2	Rosewill
681D4C	Kontron eSystems
681D64	Sunwave Communications
681DEF	Shenzhen CYX
681E8B	InfoSight
681EA3	Sichuan Tianyi Comheart Telecom
681F40	Blu Wireless
681FD8	Siemens Industry
68215F	Edgecore Networks
68228E	Juniper
68229F	Guangzhou V-Solution Telecommunication
6822E5	Huawei
68234B	Nihon Dengyo Kousaku
6823B0	Texas Instruments
6823F4	Shenzhen Jinlangxin
682499	Quectel Wireless Solutions
6824F9	Violet Audio PTE
6825DD	Espressif
682624	Ergatta
68262A	Sichuan Tianyi Comheart Telecom
682719	Microchip
682737	Samsung
68275F	ZTE
68286C	Sony
6828BA	Dejai
6828CF	HPE
6828F6	Vubiq Networks
6829DC	Ficosa Electronics S.L.U
682ADD	ZTE
682C4F	leerang
682C7B	Cisco
682D83	Shenzhen Dinghe Communication
682DDC	Wuhan Changjiang Electro-Communication Equipment
682E3C	Ubiquiti
682F67	Apple
683036	Apple
683045	Huawei
6831FE	Teladin
68332C	Kenstel Networks
6833EE	CommScope
683421	Intel
683489	LEA Professional
683563	Shenzhen Liown
6836B5	DriveScale
6837E9	Amazon
6838E3	Eyeson Solution
683943	ittim
683A1E	Cisco Meraki
683A48	Samjin
683B09	Apple
683B1E	Countwise
683B78	Cisco
683C7D	Magic Intelligence
683E02	SIEMENS AG, Digital Factory, Motion Control System
683E26	Intel
683E34	MEIZU
683EC0	Apple
683EEC	ERECA
683F1E	EFFECT Photonics
683F7D	Ingram Micro Services
68403C	Fiberhome Telecommunication
68418F	Telechips
684216	Steplock Access
684352	Bhuu
6843D7	Agilecom Photonics Solutions Guangdong
684406	Texas Instruments
684465	Apple
684571	Huawei
6845CC	Apple
6845F1	Toshiba Client Solutions
684724	EM Microelectronic
684749	Texas Instruments
6847C5	Intel
684898	Samsung
6848B4	AltoBeam
684983	Huawei
684992	Cisco Meraki
6849B2	Carlo Gavazzi
684A5F	Apple
684A6E	Quectel Wireless Solutions
684A76	eero
684AAE	Huawei
684AE9	Samsung
684B88	Galtronics Telemetry
684C25	Huawei
684CA8	Shenzhen Herotel
684DB6	Xiaomi
684E05	Hunan Fn-link
684F64	Dell
68505D	Halo
68508C	Shanghai Sunmi
685134	HPE
6851B7	PowerCloud
685210	MCS Logic
6852D6	UGame
68536C	SPnS
685377	Bouffalo Lab (Nanjing)
685388	P&S
68539D	EM Microelectronic
68545A	Intel
6854C1	ColorTokens
6854ED	Alcatel-Lucent
6854F5	enLighted
6854FD	Amazon
6855D4	Epson
68572D	Tuya Smart
685811	Fiberhome Telecommunication
685892	NXP Semiconductors Taiwan
6858A0	Honor
6858C5	ZF TRW Automotive
685932	Sunitec Enterprise
68597F	Alcatel Lucent
685ACF	Samsung
685B35	Apple
685B36	Powertech Industrial
685D43	Intel
685E1C	Texas Instruments
685E6B	PowerRay
685EDD	Apple
685EDF	NXP Semiconductors Taiwan
68628A	vivo
686350	Hella India Automotive Pvt
686359	Advanced Digital Broadcast
686372	Huawei
68644B	Apple
6865B7	Zhishang Chuanglian
686725	Espressif
6867C7	Sagemcom
68692E	Zycoo
686975	Angler Labs
6869CA	Hitachi
6869F2	ComAp s.r.o
686B6A	Phytium
686CE6	Microsoft
686DBC	Hangzhou Hikvision Digital
686E23	Wi3
686E48	Prophet Electronic
68709E	Silicon Laboratories
687161	Cisco
687251	Ubiquiti
6872C3	Samsung
6872DC	Cetory.tv
68731E	Mega Multimedia AI
687627	Zhuhai Dingzhi Electronic
68764F	Sony
687724	TP-Link
6877DA	ZTE
687848	Westunitis
68784C	Nortel Networks
6878A8	Fiberhome Telecommunication
687909	Cisco
687924	ELS-GmbH
6879C4	Shanghai MXCHIP Information
6879DD	Omnipless Manufacturing (PTY)
6879ED	SHARP
687A64	Intel
687BDC	Juniper
687CC8	Measurement Systems S. de R.L
687CD5	Y Soft Corporation, a.s
687D00	Shenzhen YOUHUA
687D6B	Samsung
687DAC	Samsung
687DB4	Cisco
687F74	Linksys
687FF0	TP-Link
6881E0	Huawei
6882F2	FIXME
68831A	Pandora Mobility
6883CB	Apple
688470	eSSys
68847E	Fujitsu
688540	IGI Mobile
68856A	OuterLink
6885A4	OPPO
6886A7	Cisco
6886E0	NXP Semiconductors Taiwan
6886E7	Orbotix
68871C	Motorola
68876B	INQ Mobile
6887BD	ZTE
6887C6	Cisco
6888A1	Universal
688975	nuoxc
6889C1	Huawei
688AB5	EDP Servicos
688AF0	ZTE
688B0F	China Mobile IOT
688BF4	Arista Network
688D2B	GSD Viet NAM
688DB6	AETEK
688F2E	Hitron
688F84	Huawei
688FC9	Zhuolian (Shenzhen) Communication
689234	Ruckus
689268	Motorola
689320	New H3C
68932E	Habana Labs
689361	Integrated Device Technology (Malaysia) Sdn. Bhd
689423	Foxconn
68944A	ZTE
68951B	Huawei
689575	Zhejiang Bodyguard Electronic
68962E	Huawei
68966A	Ohsung
68967B	Apple
68974B	Shenzhen Costar
6897E8	Society of Motion Picture &amp; Television Engineers
689861	Beacon
6899CD	Cisco
689A21	Fiberhome Telecommunication
689A87	Amazon
689AB7	Atelier Vision
689B43	Huawei
689C5E	AcSiP
689C70	Apple
689CE2	Cisco
689DD2	Espressif
689E0B	Cisco
689E19	Texas Instruments
689E29	ZTE
689E67	Shenzhen Focuscom
689E6A	Huawei
689FD4	Amazon
689FF0	ZTE
68A03E	Huawei
68A0F6	Huawei
68A1B7	Honghao Mingchuan Technology (Beijing)
68A2AA	Acres Manufacturing
68A34F	Nokia
68A378	Freebox
68A3C4	Liteon
68A40E	BSH Hausgeräte
68A46A	Huawei
68A47D	Sun Cupid Technology (HK)
68A593	Apple
68A682	Shenzhen YOUHUA
68A729	Apple
68A7B4	Honor
68A828	Huawei
68A86D	Apple
68A878	GeoWAN
68A8E1	Wacom
68AAC4	Altice Labs
68AAD2	Datecs
68AB09	Nokia
68AB1E	Apple
68AB8A	RF IDeas
68ABA9	Sagemcom
68ABBC	Xiaomi
68AE04	Shenzhen SuperElectron
68AE20	Apple
68AF13	Futura Mobility
68AFFF	Shanghai Cambricon Information
68B094	Inesa Electron
68B1C9	IYO
68B35E	Shenzhen Neostra
68B41E	Zeasn Technology Private
68B43A	WaterFurnace
68B599	HP
68B5E3	Huawei
68B691	Amazon
68B6B3	Espressif
68B6FC	Hitron
68B76B	Fiberhome Telecommunication
68B8BB	Xiaomi
68B8D9	Act KDE
68B983	b-plus
68B9C2	Earda
68B9D3	Shenzhen Trolink
68BC0C	Cisco
68BDAB	Cisco
68BE49	Nebula Matrix
68BF6C	Arista Networks
68BFC4	Samsung
68C44C	Xiaomi
68C44D	Motorola
68C63A	Espressif
68C6AC	Intel
68C8C0	GSD Viet NAM
68C8EB	Rockwell Automation
68C90B	Texas Instruments
68C95D	SZ Knowact Robot
68CA00	Octopus
68CAC4	Apple
68CAE4	Cisco
68CC6E	Huawei
68CC9C	Mine Site
68CCAE	Fortinet
68CCBA	Dense Air Networks US
68CD0F	U Tek
68CE4E	L-3 Communications Infrared Products
68D1BA	Shenzhen YOUHUA
68D1FD	Shenzhen Trimax
68D247	Portalis LC
68D40C	Tellescom Industria E Comercio EM Telecomunicacao
68D482	Shenzhen Gongjin Electronics Co.,lt
68D48B	Hailo
68D6ED	GooWi Wireless
68D79A	Ubiquiti
68D925	ProSys Development Services
68D927	Huawei
68D93C	Apple
68D972	Cisco
68D976	EM Microelectronic
68DB54	Phicomm (Shanghai)
68DB67	Nantong Coship
68DB96	Opwill
68DBCA	Apple
68DBF5	Amazon
68DCE8	PacketStorm Communications
68DD26	Shanghai Focus Vision Security
68DDB7	TP-Link
68DDD9	HMD Global
68DECE	Fiberhome Telecommunication
68DFDD	Xiaomi
68DFE4	Samsung
68E154	SiMa.ai
68E166	Private
68E1DC	Buffalo
68E209	Huawei
68E41F	Unglaube Identech
68E478	Qingdao Haier
68E580	Apple
68E59E	Cisco
68E5D9	Fiberhome Telecommunication
68E6D4	Furuno
68E74A	Texas Instruments
68E7C2	Samsung
68E8EB	Linktel
68E905	Fiberhome Telecommunication
68EBAE	Samsung
68EBC5	Angstrem Telecom
68EC62	YODO
68EC8A	IKEA of Sweden
68ECC5	Intel
68ED43	BlackBerry RTS
68ED57	Juniper
68EDA4	Shenzhen Seavo
68EE4B	Sharetronic Data
68EE88	Shenzhen TINNO Mobile
68EE8F	Espressif
68EE96	Cisco
68EF43	Apple
68EFA8	AutomationDirect.com
68EFAB	Vention
68EFBD	Cisco
68EFDC	Apple
68F06D	Along Industrial
68F0B5	Honor
68F0BC	Shenzhen LiWiFi
68F0D0	SkyBell
68F125	Data Controls
68F21F	Bose
68F38E	Juniper
68F44B	Home Control Singapore Pte
68F543	Huawei
68F62B	Itel Mobile
68F63B	Amazon
68F728	LCFC(Hefei)
68F7D8	Microsoft
68F895	Redflow
68F90F	Intel
68F956	Objetivos y Servicio de Valor Añadido
68FB7E	Apple
68FB95	Generalplus
68FCB3	Next Level Security
68FCB6	OPPO
68FCCA	Samsung
68FDE8	Ruckus
68FE71	Espressif
68FEDA	Fiberhome Telecommunication
68FEF7	Apple
68FF7B	TP-Link
6C006B	Samsung
6C0273	Shenzhen Jin Yun Video Equipment
6C028C	Huawei
6C02E0	HP
6C0309	Cisco
6C0370	Extreme Networks
6C03B5	Cisco
6C0460	RBH Access
6C047A	Huawei
6C05D3	China Dragon
6C05D5	Ethertronics
6C0699	Xiaomi
6C06D6	Huawei
6C0831	Analog
6C090A	Gematica
6C09BF	Fiberhome Telecommunication
6C09D6	Digiquest
6C0B5E	HP
6C0B84	Universal Global Scientific Industrial
6C0C9A	Amazon
6C0D34	Nokia
6C0DC4	Xiaomi
6C0DE1	Dongguan Cannice Precision Manufacturing
6C0E0D	Sony
6C0EE6	Chengdu Xiyida Electronic
6C0F0B	China Mobile Group Device
6C0F61	Hypervolt
6C0F6A	JDC
6C1041	Shenzhen Skyworth Digital
6C108B	WeLink Communications
6C11B3	Wu Qi
6C11BA	ZTE
6C1270	Apple
6C13D5	Cisco
6C1414	Bujeon
6C146E	Huawei
6C14F7	Erhardt+Leimer
6C1544	Microsoft
6C15DB	Arcadyan
6C15F9	Nautronix
6C160E	ShotTracker
6C1629	Edifier
6C1632	Huawei
6C1811	Decatur
6C198F	D-Link
6C19C0	Apple
6C1A75	Huawei
6C1AEA	Texas Instruments
6C1B3F	MiraeSignal
6C1C71	Zhejiang Dahua
6C1D2C	Huawei
6C1DEB	u-blox
6C1E70	Guangzhou YBDS IT
6C1E90	Hansol Technics
6C1ED7	vivo
6C1F8A	Apple
6C1FF7	Ugreen
6C2056	Cisco
6C21A2	AMPAK
6C221A	AltoBeam
6C22AB	Ainsworth Game
6C22F7	Nokia
6C2316	Tatung
6C23B9	Sony
6C23CB	Wattty
6C2408	LCFC(Hefei)
6C2483	Microsoft
6C24A6	vivo
6C25B9	BBK Educational
6C2636	Huawei
6C2779	Microsoft
6C2813	nFore
6C2990	WiZ Connected Lighting
6C2995	Intel
6C29D2	Cisco
6C2ACB	Paxton Access
6C2B59	Dell
6C2C06	OOO NPP Systemotechnika-NN
6C2CDC	Skyworth Digital Technology(Shenzhen)
6C2D24	Zhen Shi Information Technology (Shanghai)
6C2E33	Accelink
6C2E72	B&B Exporting
6C2E85	Sagemcom
6C2F1C	Nexus Raytek
6C2F2C	Samsung
6C2F80	Intel
6C2F8A	Samsung
6C302A	Texas Instruments
6C310E	Cisco
6C32DE	Indieon Technologies Pvt
6C33A9	Magicjack LP
6C3491	Huawei
6C3838	Marking System
6C3845	Fiberhome Telecommunication
6C38A1	Ubee Interactive
6C391D	Beijing ZhongHuaHun Network Information center
6C3A36	Glowforge
6C3A84	Shenzhen Aero-Startech
6C3AFF	Apple
6C3B6B	Routerboard.com
6C3BE5	HP
6C3C53	SoundHawk
6C3C7C	CANON
6C3C8C	Dell
6C3D7D	Vantiva USA
6C3DD8	Espressif
6C3E51	Mindray North America
6C3E6D	Apple
6C3E9C	KE Knestel Elektronik
6C4008	Apple
6C4033	Beijing Megwang
6C40C6	Nimbus Data
6C40E8	vivo
6C410E	Cisco
6C416A	Cisco
6C41DE	Huawei
6C42AB	Subscriber Networks
6C4329	Cosmiq Edusnap Private
6C433C	Tecno Mobile
6C4418	Zappware
6C442A	Huawei
6C4598	Antex Electronic
6C45C4	Cloudflare
6C4725	Rochester Network Supply
6C4760	Sunitec Enterprise
6C483F	Xiaomi
6C48A6	Fiberhome Telecommunication
6C49C1	o2ones
6C4A39	BITA
6C4A74	Aerodisk
6C4A85	Apple
6C4B7F	Vossloh-Schwabe Deutschland
6C4B90	LiteON
6C4BB4	HUMAX
6C4CBC	TP-Link
6C4CE2	Intel
6C4D51	Shenzhen Ceres
6C4D73	Apple
6C4E86	Third Millennium
6C4EB0	Castelion
6C4EF6	Cisco
6C4F89	Zyxel
6C4FA1	Cisco
6C504D	Cisco
6C51BF	Huawei
6C51E4	Huawei
6C54CD	Lampex
6C5563	Samsung
6C558D	Huawei
6C55B1	Amazon
6C55E8	Vantiva USA
6C55F6	eero
6C5640	BLU Products
6C5697	Amazon
6C5779	Aclima
6C5940	Mercury Communication
6C5976	Shanghai Tricheer
6C5A34	Shenzhen Haitianxiong Electronic
6C5AB0	TP-Link
6C5AB5	TCL Technoly Electronics (Huizhou)
6C5C14	OPPO
6C5CB1	Silicon Laboratories
6C5CDE	SunReports
6C5D3A	Microsoft
6C5D63	ShenZhen Rapoo
6C5E3B	Cisco
6C5E7A	Ubiquitous Internet Telecom
6C5F1C	Lenovo
6C6016	OnePlus
6C60D0	Huawei
6C60EB	ZHI Yuan
6C6126	Rinicom
6C61F4	SFR
6C626D	Micro-Star INT'L
6C6286	Nokia
6C62FE	Juniper
6C639C	CommScope
6C63F8	Ubiquiti
6C641A	Penguin Computing
6C6567	BELIMO Automation
6C67EF	Huawei
6C688A	Amazon
6C68A4	Guangzhou V-Solution Telecommunication
6C6A77	Intel
6C6C0F	Huawei
6C6CD3	Cisco
6C6D09	Kyowa
6C6E07	CE Link
6C6EFE	Core Logic
6C6F18	Stereotaxis
6C7028	EYKON Solutions
6C7039	Novar
6C709F	Apple
6C70CB	Samsung
6C710D	Cisco
6C71BD	Ezelink Telecom
6C71D2	Huawei
6C71D9	AzureWave
6C7220	D-Link
6C724A	Onkyo Technology K.K
6C72B8	LCFC(Hefei)
6C72E2	amitek
6C72E7	Apple
6C750D	WiFiSONG
6C7637	Huawei
6C7660	Kyocera
6C76F7	MainStreaming
6C7742	ZTE
6C77F0	Huawei
6C78C1	Juniper
6C79B8	Texas Instruments
6C7A63	Arista Networks
6C7DB7	Cisco Meraki
6C7E67	Apple
6C7F0C	Cisco Meraki
6C7F49	Huawei
6C80AB	ifanr
6C8166	Private
6C81FE	Mitsuba
6C8243	Huawei
6C8336	Samsung
6C8338	Ubihere
6C8366	Nanjing SAC Power Grid Automation
6C8375	Broadcom
6C8686	Technonia
6C8720	New H3C
6C8814	Intel
6C885F	Private
6C8AEC	Nantong Coship
6C8B2F	ZTE
6C8BD3	Cisco
6C8CDB	Otus
6C8D65	Wireless Glue Networks
6C8D77	Cisco
6C8DC1	Apple
6C8F4E	Chongqing Yipingfang
6C8FB5	Microsoft
6C90B1	SanLogic
6C9106	Katena Computing
6C9188	Nokia
6C92BF	IEIT
6C92CF	Broadcom
6C92F6	Arista Networks
6C9313	Mellanox
6C9354	Yaojin Technology (Shenzhen)
6C9392	BEKO
6C9466	Intel
6C94F8	Apple
6C9522	Scalys
6C96CF	Apple
6C976D	Motorola
6C97AA	AI
6C98EB	Riverbed
6C9961	Sagemcom
6C9989	Cisco
6C999D	Amazon
6C9AB4	Brodersen
6C9AC9	Valentine Research
6C9B02	Nokia
6C9BC0	Chemoptics
6C9CE9	Nimble Storage
6C9CED	Cisco
6C9E7C	Fiberhome Telecommunication
6CA042	Silicon Laboratories
6CA0AF	CM Partner
6CA0B4	SKY UK
6CA100	Intel
6CA31E	Itel Mobile
6CA367	Avlinkpro
6CA3D3	Peplink
6CA401	essensys
6CA4D1	Fiberhome Telecommunication
6CA604	CommScope
6CA613	AltoBeam
6CA682	EDAM information & communications
6CA75F	ZTE
6CA780	Nokia
6CA7FA	Youngbo Engineering
6CA849	Avaya
6CA858	Fiberhome Telecommunication
6CA906	Telefield
6CA928	HMD Global
6CA936	DisplayLink (UK)
6CA96F	TransPacket
6CAAB3	Ruckus
6CAB05	Cisco
6CAB31	Apple
6CAB4D	Digital Payment
6CAC60	Venetex
6CACC2	Samsung
6CAD3F	Hubbell Building Automation
6CADAD	Chongqing Fugui
6CADEF	KZ Broadband
6CADF8	AzureWave
6CAE8B	IBM
6CAEE3	Nokia
6CAEF6	eero
6CAF15	Webasto SE
6CAFAB	UAB "Teltonika Telematics"
6CB077	ALL Winner (Hong Kong)
6CB0CE	Netgear
6CB0FD	Shenzhen Xinghai Iot
6CB133	Apple
6CB158	TP-Link
6CB227	Sony
6CB2AE	Cisco
6CB2FD	Texas Instruments
6CB311	Shenzhen Lianrui
6CB34D	SharkNinja Operating
6CB350	Anhui comhigher
6CB456	Espressif
6CB4A7	Landauer
6CB4FD	Huawei
6CB56B	HUMAX
6CB6CA	DIVUS
6CB749	Huawei
6CB7E2	Huawei
6CB7F4	Samsung
6CB881	ZTE
6CB9C5	Delta Networks
6CBAB8	Sagemcom
6CBEE9	Alcatel-Lucent IPD
6CBF2F	eero
6CBFB5	Noon
6CC147	Xiamen Hanin Electronic
6CC1D2	CommScope
6CC217	HP
6CC242	Shenzhen Skyworth Digital
6CC26B	Apple
6CC36A	vivo
6CC374	Texas Instruments
6CC3B2	Cisco Meraki
6CC41E	Nexsec
6CC49F	HPE
6CC4D5	HMD Global
6CC63B	Taicang T&W
6CC7EC	Samsung
6CC840	Espressif
6CCA08	CommScope
6CCB7F	GD Midea Air-Conditioning Equipment
6CCDD6	Netgear
6CCE44	1MORE
6CCF36	Visionox
6CCF39	Shanghai StarFive Semiconductor
6CD008	ZTE
6CD032	LG
6CD146	Framos
6CD199	vivo
6CD1B0	Wing Sing Electronics Hong Kong
6CD1E5	Huawei
6CD2BA	ZTE
6CD3EE	ZIMI
6CD552	Shenzhen Bilian Electronic Co.，ltd
6CD630	Rootous System
6CD63F	Huawei
6CD68A	LG
6CD6E3	Cisco
6CD704	Huawei
6CD719	Fiberhome Telecommunication
6CD71F	OPPO
6CD7A0	WIKO Terminal Technology (Dongguan)
6CD869	Guangzhou Sat Infrared
6CD8FB	Qorvo Utrecht
6CD94C	vivo
6CDA1D	Sunton Technology (M) Sdn. BHD
6CDC6A	Promethean
6CDD30	Cisco
6CDDBC	Samsung
6CDDEF	Epcomm
6CDEA9	Cisco Meraki
6CDFD9	Concept2
6CE01E	Modcam
6CE0B0	Sound4
6CE20C	Hangzhou SDIC Microelectronics
6CE210	Espressif
6CE2D3	New H3C
6CE3B6	Nera Telecommunications
6CE40D	Raisecom
6CE4A4	Silicon Laboratories
6CE4CE	Villiger Security Solutions
6CE4DA	NEC Platforms
6CE5C9	Apple
6CE5F7	New H3C
6CE85C	Apple
6CE873	TP-Link
6CE874	Huawei
6CE8C6	Earda
6CE907	Nokia
6CE983	Gastron
6CEBB2	Dongguan Sen DongLv
6CEBB6	Huawei
6CEC5A	Foxconn
6CECA1	Shenzhen Clou
6CECEB	Texas Instruments
6CED51	Nexcontrol
6CEEF7	shenzhen scodeno
6CEFBD	Cisco Meraki
6CEFC6	Shenzhen Twowing
6CF049	Giga-byte
6CF17E	Zhejiang Uniview
6CF2D8	CANON
6CF373	Samsung
6CF37F	HPE
6CF43D	VusionGroup
6CF5E8	Mooredoll
6CF6DA	Intel
6CF712	Nokia
6CF784	Xiaomi
6CF97C	Nanoptix
6CF9D2	Chengdu Povodo Electronic
6CFA58	Avaya
6CFA89	Cisco
6CFAA7	AMPAK
6CFBED	GN Audio
6CFD22	Silicon Laboratories
6CFDB9	Proware
6CFE54	Intel
6CFFBE	MPB Communications
6CFFCE	Sagemcom
700136	FATEK Automation
7001B5	Cisco
700258	01db-metravib
70033F	Pimax Technology(ShangHai)Co
70037E	Vantiva USA
70039F	Espressif
70041D	Espressif
700433	California Things
700514	LG
7006AC	Eastcompeace
700777	OnTarget
700810	Intel
700894	Liteon
700971	Samsung
700B01	Sagemcom
700B4F	Cisco
700BC0	Dewav
700F6A	Cisco
700FC7	Shenzhen Ikinloop
700FEC	Poindus
70105C	Cisco
70106F	HPE
70110E	ZTE
701124	Apple
701135	Livesecu
7011AE	Music Life
701301	Vantiva - Connected Home
701384	Apple
701404	Limited Liability
7014A6	Apple
7015FB	Intel
70169F	EtherCAT
7017D7	Shanghai Enflame
70188B	Foxconn
7018A7	Cisco
70192F	Huawei
701988	Nanjing Qinheng Microelectronics
701A04	Liteon
701AB8	Intel
701AD5	Avigilon Alta
701AED	ADVAS
701BFB	Integrated Device Technology (Malaysia) Sdn. Bhd
701CE7	Intel
701D08	99IOT Shenzhen
701D7F	Comtech
701DC4	NorthStar Battery
701E68	Hanna Instruments
701F0B	Wilogy
701F3C	Samsung
701F53	Cisco
702084	Foxconn
70217F	Xiaomi
7022FE	Apple
702393	Polytech
70246E	Zhejiang Laibao Display
702526	Nokia
702559	CyberTAN
702605	Sony
702661	Universal Global Scientific Industrial
702804	Realme Chongqing Mobile Telecommunications
70287D	Google
70288B	Samsung
702900	Shenzhen ChipTrip
702A7D	EpSpot
702AD5	Samsung
702AD7	New H3C Intelligence Terminal
702B1D	E-Domus
702C09	Nintendo
702C1F	Wisol
702D81	Infinix mobility
702D84	i4C Innovations
702DD1	Newings Communication
702E22	ZTE
702E80	DIEHL Connectivity Solutions
702ED9	Guangzhou Shiyuan
702F35	Huawei
702F4B	Steelcase
702F86	Marquardt
702F97	Aava Mobile
703018	Avaya
70305D	Ubiquoss
70305E	Nanjing Zhongke Menglian Information
70317F	Apple
703187	ACX
70320C	Ruckus
703217	Intel
7032D5	Athena Wireless Communications
703509	Cisco
70357B	vivo
7036B2	Focusai
70378E	Tianyi Telecom Terminals
703811	Siemens Mobility
7038B4	Low Tech Solutions
7038EE	Avaya
703A0E	HPE
703A2D	Shenzhen V-Link
703A51	Xiaomi
703A73	Shenzhen Sundray
703A8C	Shenzhen Skyworth Digital
703AA6	New H3C
703ACB	Google
703AD8	Shenzhen Afoundry Electronic
703C03	RadiAnt
703C39	SEAWING Kft
703C69	Apple
703D15	Hangzhou H3C
703E76	Arcadyan
703E97	Iton
703EAC	Apple
7040FF	Huawei
7041B7	Edwards Lifesciences
7042D3	Ruijie Networks
70441C	Shenzhen Kaifa
704642	Chyng Hong Electronic
704698	Huawei
704777	Ruckus
7047E9	vivo
70480F	Apple
7048B5	CTS System
7048F7	Nintendo
7049A2	Zyxel
704A0E	AMPAK
704AAE	Xstream Flow (Pty)
704AE4	Rinstrum
704BCA	Espressif
704CA2	Apple
704CA5	Fortinet
704CB6	Shenzhen SuperElectron
704CC1	Tokyo Electron Miyagi
704CED	TMRG
704D7B	ASUS
704DE7	Tecno Mobile
704E01	Kwangwon
704E66	Shenzhen Fast
704E6B	Huawei
704EE0	Samsung
704F08	Shenzhen Huisheng Information
704F57	TP-Link
704FB8	CommScope
7050AF	SKY UK
7052C5	Avaya
7052D8	Itel Mobile
70533F	Alfa Instrumentos Eletronicos Ltda
705425	CommScope
705464	Silicon Laboratories
7054B4	Vestel Elektronik San ve Tic. A.S
7054D2	Pegatron
7054F5	Huawei
7055F8	Cerebras
705681	Apple
7057BF	New H3C
705812	Panasonic Corporation AVC Networks
705846	Trig Avionics
705896	InShow
7058A4	Actiontec
705957	Medallion Instrumentation
705986	OOO TTV
705A0F	HP
705A9E	Vantiva USA
705AAC	Samsung
705AB6	Compal Information (kunshan)
705B2E	M2Communication
705CAD	Konami Gaming
705DCC	EFM Networks
705E55	Realme Chongqing MobileTelecommunications
705EAA	Action Target
705FA3	Xiaomi
7060DE	LaVision
706173	Calantec
70617B	Cisco
7061BE	WNC
7061EE	Sunwoda Electronic
7062B8	D-Link
7062CB	Apple
706417	Orbis Tecnologia Electrica
706582	Suzhou Hanming
7065A3	Kandao lightforge
70661B	Sonova
70662A	Sony
706655	AzureWave
7066B9	Huawei
7066E1	dnt Innovation
706871	Fn-link
706879	Saijo Denki
70695A	Cisco
706A25	Ningbo Sanxing Smart Electric Co.，Ltd
706AC9	ZTE
706BB9	Cisco
706D15	Cisco
706DEC	Wifi-soft
706E10	Huawei
706E6D	Cisco
706F81	Private
70700D	Apple
707013	Huawei
70704C	Purple Communications
70708B	Cisco
7070AA	Amazon
7070D5	Huawei
7070FC	Gold&water Industrial
7071B3	Brain
7071BC	Pegatron
70720D	Lenovo
70723C	Huawei
7072CF	EdgeCore Networks
7072FE	Apple
70733A	Jiangxi Remote lntelligence
707362	Huawei
7073CB	Apple
707414	Murata
707630	CommScope
7076DD	OxyGuard Internation
7076F0	LevelOne Communications (India) Private
7076FF	Kerlink
707781	Foxconn
70788B	vivo
70792D	Mellanox
707938	Wuxi Zhanrui Electronic
707990	Huawei
7079B3	Cisco
707BE8	Huawei
707C18	ADATA
707C69	Avaya
707CE3	Huawei
707D95	Shenzhen City LinwlanTechnology
707DA1	Sagemcom
707DAF	Plucent
707DB9	Cisco
707E43	CommScope
707EDA	GSD Viet NAM
707EDE	Nastec
707FF2	Telechips
708105	Cisco
708185	New H3C
7081EB	Apple
70820E	as
70828E	OleumTech
708536	Arcadyan
708540	Skyworth Digital Technology(Shenzhen)
70856C	Ruijie Networks
7085C2	ASRock Incorporation
7085C4	Ruijie Networks
7085C6	CommScope
7086C1	Texas Instruments
7086CE	GD Midea Air-Conditioning Equipment
70879E	Beken
7087A7	Murata
70884D	Japan Radio
708976	Tuya Smart
7089CC	China Mobile Group Device
7089F5	Dongguan Lingjie IOT
708A09	Huawei
708B78	citygrow
708B97	INSYS icom
708BCD	ASUS
708CB6	Huawei
708CBB	Mimodisplaykorea
708CF2	Apple
708D09	Nokia
708F47	vivo
709041	Juniper Mist
7090B7	Huawei
70918F	Weber-Stephen Products
7091F3	Universal
709383	Intelligent Optical Network High
7093C1	eero
7093F8	Space Monkey
709684	Apple
709741	Arcadyan
709751	Xiaomi
709756	Happyelectronics
709883	Shenzhen Kayan
70991C	Shenzhen Honesty
709A0B	Italian Institute of
709AC4	Huawei
709BA5	Shenzhen Y&D
709BFC	Bryton
709C45	Huawei
709C8F	Nero
709CD1	Intel
709E29	Sony
709E86	X6D
709F2D	ZTE
709FA9	Tecno Mobile
709FEC	CU Velocity
70A04B	Intel
70A191	Trendsetter Medical
70A2B3	Apple
70A3A4	Beijing Guming Communication
70A41C	Advanced Wireless Dynamics S.L
70A56A	Shenzhen C-Data
70A66A	Prox Dynamics
70A6BD	Honor
70A6CC	Intel
70A703	Honor
70A741	Ubiquiti
70A84C	MONAD
70A8A5	Microsoft
70A8D3	Intel
70A8E3	Huawei
70A983	Cisco
70AAB2	BlackBerry RTS
70AC08	Silicon Laboratories
70ACD7	Shenzhen YOUHUA
70AD43	Blink by Amazon
70AD54	Malvern Instruments
70AE2A	Apple
70AED5	Apple
70AF09	Espressif
70AF24	TP Vision Belgium
70AF25	Nishiyama Industry
70AF6A	Shenzhen Fenglian
70B035	Shenzhen Zowee
70B08C	Shenou Communication Equipment
70B13D	Samsung
70B14E	CommScope
70B258	Ruckus
70B265	Hiltron
70B306	Apple
70B317	Cisco
70B51A	Huawei
70B599	Embedded Technologies s.r.o
70B5E8	Dell
70B64F	Guangzhou V-SOLUTION Electronic
70B651	Eight Sleep
70B7AA	vivo
70B7E2	Jiangsu Miter
70B7E4	Broadcom
70B8F6	Espressif
70B921	Fiberhome Telecommunication
70B950	Texas Instruments
70B9BB	Shenzhen Hankvision
70BAEF	Hangzhou H3C
70BB5B	Apple
70BBE9	Xiaomi
70BC10	Microsoft
70BC48	Cisco
70BD96	Cisco
70BDD2	Adva Network Security
70BF3E	Charles River Laboratories
70BF92	GN Audio
70C288	Intel
70C59C	Silicon Laboratories
70C6AC	Bosch Automotive Aftermarket
70C6DD	New H3C
70C76F	Inno S
70C7F2	Huawei
70C833	Wirepas
70C912	Sichuan AI-Link
70C932	Dreame Technology (Suzhou)
70C94E	Liteon
70C9C6	Cisco
70CA4D	Shenzhen lnovance
70CA97	Ruckus
70CA9B	Cisco
70CD0D	Intel
70CD60	Apple
70CD91	Teracom Telematica
70CE8C	Samsung
70CF49	Intel
70D07E	Silicon Laboratories
70D081	Beijing Netpower
70D313	Huawei
70D379	Cisco
70D4F2	RIM
70D51E	Fiberhome Telecommunication
70D57E	Scalar
70D5E7	Wellcore
70D6B6	Metrum
70D823	Intel
70D880	Upos System sp. z o.o
70D8C2	Intel
70D923	vivo
70D931	Cambridge Industries(Group)
70D983	Shanghai JINXVM Microelectronics
70DA17	Austrian Audio
70DA48	Cisco
70DA9C	Tecsen
70DB98	Cisco
70DDA1	Tellabs
70DDA8	OPPO
70DDEF	Huawei
70DEE2	Apple
70DEF9	FAI WAH International (hong Kong)
70DF2F	Cisco
70DFF7	CommScope
70E027	Hongyu Communication
70E139	3view
70E1FD	Flextronics
70E24C	SAE IT-systems
70E284	Wistron Infocomm (Zhongshan)
70E422	Cisco
70E46E	Lytx
70E56E	Texas Instruments
70E72C	Apple
70E843	Beijing C&W Optical Communication
70E997	Huawei
70EA1A	Cisco
70EA5A	Apple
70EB74	Ningbo Goneo Electric Appliance
70EBA5	Huawei
70ECE4	Apple
70EDFA	imperix
70EE50	Netatmo
70EEA3	Eoptolink
70EF00	Apple
70F087	Apple
70F088	Nintendo
70F096	Cisco
70F11C	Shenzhen Ogemray
70F176	Data Modul
70F196	Actiontec
70F1A1	Liteon
70F1E5	Xetawave
70F220	Actiontec
70F35A	Cisco
70F395	Universal Global Scientific Industrial
70F6CF	Relay
70F74F	Robert Bosch JuP1
70F754	AMPAK
70F82B	DWnet Technologies(Suzhou)
70F8AE	Microsoft
70F927	Samsung
70F94A	Apple
70F96D	Hangzhou H3C
70FC8C	OneAccess
70FC8F	Freebox
70FD45	Huawei
70FD46	Samsung
70FD88	Nanjing Jiahao
70FF5C	Cheerzing Communication(Xiamen)Technology
70FF76	Texas Instruments
7400E8	Huawei
7402E1	Texas Instruments
7403BD	Buffalo
74042B	Lenovo
7404F0	Mobiwire Mobiles (NingBo)
7404F1	Intel
74051D	Jiangxi Risound
74057C	Qorvo International Pte
7405A5	TP-Link
740635	Sernet (suzhou)
74077E	Quectel Wireless Solutions
7408AA	Ruijie Networks
7408DE	Fujian Landi Commercial
7409AC	Quext
740ABC	LightwaveRF
740AE1	Huawei
740B12	Silicon Laboratories
740BB0	Hirschmann Automation and Control
740C2E	Cisco
740CEE	Huawei
740EA4	Apple
740EDB	Optowiz
7410E0	Broadcom
7411A0	Nokia
7411B2	Cisco
741213	Linksys
7412B3	Chongqing Fugui
7412BB	Fiberhome Telecommunication
741348	Blink by Amazon
74136A	Motorola
7413EA	Intel
741489	SRT Wireless
7414D0	Apple
741575	Xiaomi
7415E2	Tri-Sen
7415F5	Apple
741865	Shanghai DareGlobal
74190A	Samsung
741B13	New H3C
741B39	Convey India Private
741BB2	Apple
741C27	Itel Mobile
741E93	Fiberhome Telecommunication
741EB1	Samsung
741F4A	Hangzhou H3C
741F79	Youngkook
74205F	Shenzhen Zhongruixin Intelligent
74220D	Chengdu Xuguang
7422BB	Huawei
742344	Xiaomi
74238D	ZTE
742435	Huawei
74249F	TIBRO
7424CA	Guangzhou Shiyuan Electronic
742554	Nvidia
74258A	Hangzhou H3C
7426AC	Cisco
7426FF	ZTE
74272C	Advanced Micro Devices
74273C	ChangYang Technology (Nanjing)
7427EA	Elitegroup Computer
742857	Mayfield Robotics
742869	Huawei
7428AE	Mellanox
742917	Apple
742920	MCX-PRO Kft
742959	Apple
742972	Juniper
742981	Texas Instruments
7429AF	Foxconn
742A8A	shenzhen worldelite
742B0F	Infinidat
742B62	Fujitsu
742D0A	Norfolk Elektronik
742E4F	Stienen
742EC1	Dixon Electro Appliances Pvt
742EDB	Perinet
742EFC	DirectPacket Research
742F68	AzureWave
74309D	Infinix mobility
7430AF	Fiberhome Telecommunication
743170	Arcadyan
743174	Apple
74317E	Ruckus
743256	NT-ware Systemprg
7432C2	Kyolis
743357	vivo
7433A6	Shenzhen SuperElectron
7433E9	ZTE
743400	MTG
74342B	Huawei
743491	Shenzhen Kings IoT
7434AE	this is engineering
74366D	Vodafone Italia
743675	Juniper
74372F	Tongfang Shenzhen Cloudcomputing
74373B	Uninet
74375F	Sercomm
743822	Xiaomi
743889	ANNAX Anzeigesysteme
7438B7	CANON
743989	TP-Link
743A20	New H3C
743A65	NEC
743AEF	Kaon
743AF4	Intel
743C18	Taicang T&W
743C24	Huawei
743CDE	HPE
743E2B	Ruckus
743E39	YUSUR
743ECB	Gentrice
743F8E	Apple
743FC2	Hangzhou Hikvision Digital
7440BB	Foxconn
7440BE	LG
744218	Apple
74427F	AVM (FRITZ!Box)
74428B	Apple
744401	Netgear
74452D	Huawei
74458A	Samsung
7445CE	Cresyn
744687	Kingsignal
7446A0	HP
7446B3	Texas Instruments
7449D2	New H3C
744AA4	ZTE
744BE9	Explorer Hypertech
744CA1	Liteon
744D28	Routerboard.com
744D6D	Huawei
744D79	Arrive
744DBD	Espressif
744DDC	Sonim
744F80	shenzhen Amos
74504E	New H3C
7450CD	Huawei
74518F	Jiangsu Hetai Intelligent Control
7451BA	Xiaomi
7452CE	Hengtai Intelligent Technology (Zhongshan)
745327	Commsen
7453A8	ACL Airshop
745427	Shenzhen Fast
74546B	hangzhou zhiyi communication
74547D	Cisco
745612	CommScope
74563C	Giga-byte
745798	TRUMPF Laser GmbH +
745889	Multilaser Industrial
7458F3	Amazon
745909	Huawei
745933	Danal Entertainment
745AAA	Huawei
745C2E	Honor
745C4B	GN Audio
745C9F	TCT mobile
745CFA	Shenzhen Shunrui Gaojie
745D22	LCFC(Hefei)
745D43	BSH Hausgeräte
745D68	Fiberhome Telecommunication
745E1C	Pioneer
745EA5	shenzhen trolink
745EB4	Yokowo
745F00	Samsung
745F90	LAM
745FAE	TSL PPL
74604C	RODE
7460FA	Huawei
74614B	Chongqing Huijiatong Information
7461D1	GOIP Global Services Pvt
7463C2	Huawei
7463DF	VTS
74650C	Apple
7465D1	Atlinks
746630	T:mi Ytti
74675F	Compal Information(kunshan)co
7467F7	Extreme Networks
746859	Sunitec
74694A	Sichuan Tianyi Comheart Telecom
746A3A	Aperi
746A84	Texas Instruments
746A89	Rezolt
746A8F	VS Vision
746AB3	MICIUS Laboratory
746B82	MOVEK
746BAB	Guangdong Enok Communication
746DFA	Samsung
746EE4	Asia Vital Components
746F19	Icarvisions (shenzhen)
746F3D	Contec
746F88	ZTE
746FF7	WNC
747069	Huawei
7470FD	Intel
74718B	Apple
74721E	Edison Labs
7472B0	Guangzhou Shiyuan
7472F2	Chipsip
74731D	ifm electronic
747336	Microdigtal
7473B4	Apple
7473E2	Hillstone Networks
747446	Google
747548	Amazon
747563	Duke Manufacturing
7475DF	Teclink
74761F	Microsoft
74765B	Quectel Wireless Solutions
74767D	shenzhen kexint
747786	Apple
747818	Jurumani Solutions
747827	Dell
747847	Interdisciplinary Consulting
7478A6	Fortinet
7478DE	vivo
747A90	Murata
747B7A	ETH
747D24	Phicomm (Shanghai)
747DB6	Aliwei Communications
747E1A	Red Embedded Design
747E2D	Beijing Thomson CITIC Digital
74803F	Renesas Electronics (Penang) Sdn. Bhd
748114	Apple
74819A	PT. Hartono Istana Teknologi
7483A0	Shenzhen MiaoMing Intelligent
7483C2	Ubiquiti
7483EF	Arista Networks
748469	Nintendo
7484E1	Dongguan Haoyuan
74852A	Pegatron
7485C4	New H3C
74860B	Cisco
748669	OPPO
74866F	ZTE
74867A	Dell
7486E2	Dell
74872E	Huawei
7487A9	OCT
7487BB	Ciena
74882A	Huawei
74888B	ADB Broadband Italia
7488A8	Bouffalo Lab (Nanjing)
7488BB	Cisco
748927	Espressif
748A0D	CommScope
748A28	HMD Global
748A69	Korea Image
748B23	Samsung
748B29	Micobiomed
748B34	Shanghai Smart System
748D08	Apple
748DAA	Huawei
748E08	Bestek
748EF8	Brocade Communications
748F1B	MasterImage 3D
748F3C	Apple
748F4D	duagon Germany
748FBF	OPPO
748FC2	Cisco
74901F	Ragile Networks
749050	Renesas
7490BC	Arcadyan
74911A	Ruckus
7491BD	Four
7492BA	Movesense
7493A4	Zebra
7493DA	Askey Computer
74943D	AgJunction
749533	Westala
749552	Xuzhou WIKA Electronics Control
7495A7	Keyence
7495EC	Alpsalpine
749637	Todaair Electronic
749779	Cloud Network Technology Singapore PTE
749781	ZTE
74978E	Nova Labs
7498F4	Buffalo
749975	IBM
749AC0	Cachengo
749B89	Huawei
749BE8	Hitron
749C52	Huizhou Desay SV Automotive
749CE3	KodaCloud Canada
749D79	Sercomm
749D8F	Huawei
749DDC	2Wire
749E75	HPE
749EA5	Ohsung
749EAF	Apple
749EF5	Samsung
74A02F	Cisco
74A063	Huawei
74A2E6	Cisco
74A34A	ZIMI
74A4A7	QRS Music
74A4B5	Powerleader Science and
74A528	Huawei
74A57E	Panasonic Ecology
74A58C	Texas Instruments
74A5C2	Kyocera
74A6CD	Apple
74A722	LG
74A78E	ZTE
74A7EA	Amazon
74A981	Huawei
74AB93	Blink by Amazon
74AC5F	Qiku Internet Network Scientific (Shenzhen)
74ACB9	Ubiquiti
74AD45	Valeo Auto- Electric Hungary
74AD98	Cisco
74ADB7	China Mobile Group Device
74ADCB	New H3C
74AE76	iNovo Broadband
74B00C	Network Video
74B059	Motorola
74B3EA	EK
74B472	Ciesse
74B57E	ZTE
74B587	Apple
74B6B6	eero
74B725	Huawei
74B7B3	Shenzhen YOUHUA
74B7E6	Zegna-Daidong
74B80F	Zipline
74B839	Texas Instruments
74B8A8	Huawei
74B91E	Nanjing Bestway Automation System
74B9EB	JinQianMao
74BADB	Longconn Electornics(shenzhen)Co
74BBD3	Shenzhen xeme Communication
74BC6B	Intel
74BE08	ATEK Products
74BEF3	Motorola
74BFA1	Hyunteck
74BFB7	Nusoft
74BFC0	CANON
74C14F	Huawei
74C17D	Infinix mobility
74C17E	LG
74C246	Amazon
74C330	Shenzhen Fast
74C412	Microsoft
74C530	vivo
74C621	Zhejiang Hite Renewable Energy
74C63B	AzureWave
74C64A	AGOS
74C76E	Rtk-technologies
74C90F	Microchip
74C929	Zhejiang Dahua
74C99A	Ericsson
74C9A3	Fiberhome Telecommunication
74CA25	Calxeda
74CA60	Sonos
74CBF3	Lava
74CC39	Fiberhome Telecommunication
74CC40	Apple
74CD0C	Smith Myers Communications
74CE56	Packet Force
74CF00	Shenzhen SuperElectron
74D02B	ASUS
74D082	Hisense Visual
74D0DC	Ericsson
74D21D	Huawei
74D285	Texas Instruments
74D423	Amazon
74D435	Giga-byte
74D4DD	Quanta Computer
74D558	OPPO
74D59C	fluidiQ by Magnalytix
74D5B8	Infraeo
74D5C6	Microchip
74D5E8	Apple
74D637	Amazon
74D654	GINT
74D675	WYMA Tecnologia
74D6CB	New H3C
74D6E5	Huawei
74D6EA	Texas Instruments
74D713	Huaqin
74D7CA	Panasonic Automotive
74D809	Microsoft
74D83E	Intel
74D850	Evrisko
74D873	Guangdong Genius
74D9EB	Petabit Scale
74DA38	Edimax
74DA78	HP
74DA88	TP-Link
74DADA	D-Link
74DAEA	Texas Instruments
74DBD1	Ebay
74DC13	Telink Micro
74DDCB	China Leadshine
74DDF0	Tenda
74DE2B	Liteon
74DFBF	Liteon
74E06E	Ergophone
74E147	OPPO
74E182	Texas Instruments
74E19A	Fiberhome Telecommunication
74E1B6	Apple
74E20C	Amazon
74E277	Vizmonet Pte
74E28C	Microsoft
74E2E7	Cisco
74E2F5	Apple
74E336	Fujian Star-net Communication
74E424	Apiste
74E50B	Intel
74E537	Radspin
74E543	Liteon
74E5F9	Intel
74E60F	Tecno Mobile
74E665	Dynabook Technology (Hangzhou)
74E6B8	LG
74E6C7	Luxshare-ict
74E6E2	Dell
74E798	Juniper
74E7C6	CommScope
74E987	Apple
74E9BF	Huawei
74E9D8	Shanghai High-Flying
74EA3A	TP-Link
74EAC8	New H3C
74EACB	New H3C
74EAE8	CommScope
74EB80	Samsung
74EC42	Fiberhome Telecommunication
74ECB2	Amazon
74ECF1	Acumen
74EE2A	Shenzhen Bilian Electronic Co.，ltd
74EE8D	Apollo Intelligent Connectivity (Beijing)
74EF4B	OPPO
74F06D	AzureWave
74F07D	BnCOM
74F102	Beijing HCHCOM
74F2FA	Xiaomi
74F413	Maxwell Forest
74F441	Samsung
74F612	CommScope
74F61C	HTC
74F661	Schneider Electric Fire & Security
74F67A	Samsung
74F714	Lushare Precision Industry
74F726	Neuron Robotics
74F737	KCE
74F7F6	Shanghai Sunmi
74F85D	Berkeley Nucleonics
74F90F	Huawei
74F91A	Onface
74F92C	Ubiquiti
74F9CA	Nintendo
74FA29	Ubiquiti
74FB17	Qingdao Goertek Horizons Tecnology
74FC45	Siemens
74FC77	Huawei
74FDA0	Compupal (Group)
74FE48	Advantech
74FECE	TP-Link
74FF4C	Skyworth Digital Technology(Shenzhen)
74FF7D	Wren Sound
78009E	Samsung
7800A8	PT HAN Sung Electoronics Indonesia
78028B	Apple
78028F	Adaptive Spectrum and Signal Alignment (ASSIA)
7802B1	Cisco
7802B7	ShenZhen Ultra Easy
7802F8	Xiaomi
78034F	Nokia
780473	Texas Instruments
78047A	Edge Networks
7804E3	Huawei
780541	Queclink Wireless Solutions
78055F	Shenzhen WYC
78058C	mMax Communications
7806C9	Huawei
78071C	Green Energy Options
780738	Z.U.K. Elzab
78078F	Huawei
78084D	Huawei
780A57	Shanghai Lightningsemi
780AC7	Baofeng TV
780B8C	Private
780C26	Trafag
780C48	Hong Kong Yihao Electronic
780C71	Inseego Wireless
780CB8	Intel
780CF0	Cisco
780E3E	Huawei
780ED1	TRUMPF Werkzeugmaschinen GmbH+Co
780F77	HangZhou Gubei
780F81	Cisco Meraki
781053	China Mobile Group Device
781100	Quantumsolution
781185	NBS Payment Solutions
78119D	Cisco
7811DC	Xiaomi
78123E	Tecno Mobile
7812B8	Orantek
7813E0	Fujian Star-net Communication
78152D	Union Chip
781699	Huawei
781735	Nokia
7817BE	Huawei
781881	AzureWave
7818A8	Huawei
7818EC	Fortinet
78192E	Nascent
7819F7	Juniper
781A32	Huawei
781C1E	Chongqing Yipingfang
781C3C	Espressif
781C5A	SHARP
781C9D	Silicon Laboratories
781D4A	ZTE
781DBA	Huawei
781DFD	Jabil
781EB8	Shenzhen iComm Semiconductor
781F11	RAB Lighting
781F7C	Nokia
781FDB	Samsung
78202E	Skychers Creations ShenZhen
782051	TP-Link
782079	ID
7820A5	Nintendo
7820BD	Polysense (Beijing)
782184	Espressif
78223D	Affirmed Networks
782288	Shenzhen Bilian Electronic Co.，ltd
782327	Samsung
7823AE	CommScope
782459	Alcatel-Lucent Enterprise
7824AF	ASUS
7824BE	Cisco
782544	Omnima
78257A	LEO Innovation Lab
782599	Huawei
7825AD	Samsung
7826A6	ZTE
7828CA	Sonos
7829AD	Ningbo Qixiang Information
7829ED	Askey Computer
782A79	Integrated Device Technology (Malaysia) Sdn. Bhd
782AF8	Iethcom Information
782B46	Intel
782B60	Huawei
782B64	Bose
782BCB	Dell
782C29	New H3C
782D7E	TRENDnet
782DAD	Huawei
782E03	Guangdong Genius
782E56	China Mobile Group Device
782EEF	Nokia
782F02	Honor
782F17	Xlab
78303B	Stephen
78305D	ZTE
7830E1	UltraClenz
7830F5	TBT
78312B	ZTE
7831C1	Apple
7831C4	Panascais ehf
78321B	D-Link
78324F	Millennium
7833C6	Samsung
783409	Huawei
783486	Nokia
7834B4	Huawei
7834FD	vivo
7835A0	Zurn Industries
783607	Cermate
783690	Yulong Computer Telecommunication Scientific (Shenzhen)
7836CC	OPPO
783716	Samsung
783A6C	Tecno Mobile
783A84	Apple
783CE3	Kai-EE
783D5B	TELNET Redes Inteligentes
783E53	SKY UK
783EA1	Nokia
783F15	EasySYNC
783F4D	Apple
7840E4	Samsung
78421C	Espressif
784405	Fujitu(hong Kong) Electronic
78444A	Shenzhen Aiwinn information
784476	Zioncom Electronics (Shenzhen)
7844FD	TP-Link
784501	Biamp
784558	Ubiquiti
784561	CyberTAN
7845B3	Huawei
7845C4	Dell
7845DC	Huawei
78465C	Cloud Network Technology Singapore PTE
78465F	Fiberhome Telecommunication
78467D	SKAIChips
7846C4	Daehap Hyper-tech
7846D4	Samsung
78471D	Samsung
7847E3	Sichuan Tianyi Comheart Telecom
78482C	Start USA
784859	HP
7848FC	System Loco
78491D	The Will-Burt
784946	Cambridge Mobile Telematics
7849D7	Samsung
784B08	f.robotics acquisitions
784B87	Murata
784F24	Taicang T&W
784F43	Apple
784F9B	Juniper
785005	MOKO
78507C	Juniper
78510C	LiveU
78521A	Samsung
785237	ZTE
785249	Loxone
78524A	Optonic
785262	Shenzhen Hojy Software
78530D	Shenzhen Skyworth Digital
785333	Xiaomi
785364	SHIFT
7853F2	Roxton
78542E	D-Link
785517	SankyuElectronics
785536	shenzhen AZW Technology(Group)
785712	Mobile Integration Workgroup
785773	Huawei
7857B0	Gertec Brasil Ltda
785844	Hangzhou Sciener Smart
785860	Huawei
7858F3	Vachen
78593E	RAFI
78595E	Samsung
785968	Foxconn
785994	Alif Semiconductor
785B64	Huawei
785C28	Prime Motion
785C5E	Huawei
785C72	Hioso
785DC8	LG
785EA2	Sunitec Enterprise
785ECC	Apple
785F28	EM Microelectronic
785F36	Shenzhen Skyworth Digital
785F4C	Argox Information
785F6C	Arista Networks
785FA4	Ciena
78605B	TP-Link
786089	Samsung
78617C	Mitsumi Electric
786256	Huawei
786299	BITSTREAM sp. z o.o
7864A0	Cisco
7864C0	Apple
7864E6	Green Motive
7864F0	Beijing Soynetic
78653B	Shaoxing Ourten
786559	Sagemcom
78669D	Hui Zhou Gaoshengda
7866A5	Chipsea Technologies (Shenzhen) Crop
7866AE	ZTEC Instruments
7866D7	Genstoraige
7866F3	shenzhen worldelite
78670E	WNC
7867D7	Apple
786829	eero
7868F7	YSTen
7869D4	Shenyang Vibrotech Instruments
786A1F	CommScope
786A89	Huawei
786BA5	Changchun Jetty Automotive
786C1C	Apple
786C84	Amazon
786CAB	OPPO
786D94	Palo Alto Networks
786DEB	GE Lighting
787052	Welotec
787104	Sichuan Tianyi Comheart Telecom
78719C	CommScope
78725D	Cisco
787462	Intel
78753E	Apple
787689	eero
7876D9	EXARA
787826	Huawei
787871	Texas Instruments
787984	Apple
787A6F	Juice
787B8A	Apple
787D48	Itel Mobile
787D53	Extreme Networks
787DF3	Sterlite
787E42	ZTE
787E61	Apple
787F62	GiK mbH
788038	Funai Electric
788102	Sercomm
78818C	Nintendo
78818F	Server Racks Australia
7881CE	China Mobile Iot
788371	Huawei
78843C	Sony
7884EE	Indra Espacio
788517	Cisco
7885F4	Huawei
78862E	Microsoft
7886B6	Shenzhen YOUHUA
78870D	Unifiedgateways India Private
78886D	Apple
78888A	CDR Sp. z o.o. Sp. k
788973	CMC
788A20	Ubiquiti
788A86	China Dragon
788AFB	Hanshow
788B2A	Zhen Shi Information Technology (Shanghai)
788B77	Standar Telecom
788C4D	Indyme Solutions
788C54	Ping Communication
788C77	Lexmark
788CB5	TP-Link
788DAF	Sagemcom
788DF7	Hitron
788E33	Jiangsu SEUIC
788E45	Jizaie
7890A2	ZTE
7891DE	Guangdong ACIGA Science&Technology
7891E9	Raisecom
78923E	Nokia
78929C	Intel
7893C3	Hui Zhou Gaoshengda
7894B4	Sercomm
7894E8	Radio Bridge
7895EB	Itel Mobile
78960D	Apple
78966E	Huawei
789682	ZTE
789684	CommScope
7896A3	Extreme Networks
7897C3	Dingxin Information
7898E8	D-Link
7898FD	Q9 Networks
789912	Flyingvoice (HongKong)
78995C	Nationz
789966	Musilab Electronics (DongGuan)Co
789987	Xiaomi
78998F	Mediline Italia
789A18	Routerboard.com
789C85	August Home
789CE7	Shenzhen Aikede
789ED0	Samsung
789F38	Shenzhen Feasycom
789F4C	HOERBIGER Elektronik
789F6A	Ruckus
789F70	Apple
789F87	Siemens AG I IA PP PRM
789FAA	Huawei
78A03F	Amazon
78A051	iiNet Labs
78A106	TP-Link
78A13E	New H3C
78A183	Advidia
78A1D8	ShenzhenEnjoyTechnologyCo
78A2A0	Nintendo
78A351	Shenzhen Zhibotong
78A3E4	Apple
78A4BA	Marquardt India Pvt
78A504	Texas Instruments
78A5DD	Shenzhen Smarteye Digital
78A683	Precidata
78A6A0	Hangzhou Ezviz Software
78A6BD	DAEYEON Control&Instrument
78A6E1	Brocade Communications
78A714	Amphenol
78A7C7	Apple
78A7EB	1MORE
78A873	Samsung
78AA82	New H3C
78AB60	ABB Australia
78ABBB	Samsung
78AC44	Dell
78ACBF	Igneous
78ACC0	HP
78ADDA	Sonova Consumer Hearing
78AE0C	Far South Networks
78AF08	Intel
78AF58	Gimasi
78AFB8	Shenzhen SDMC Technology CP
78AFE4	Comau
78B213	DWnet Technologies(Suzhou)
78B28D	Beijing Tengling
78B39F	Sernet (suzhou)
78B3B9	ShangHai sunup lighting
78B3CE	Elo touch solutions
78B46A	Huawei
78B554	Huawei
78B5D2	Ever Treasure Industrial
78B5F2	Huawei
78B6C1	AOBO Telecom
78B6EC	Scuf Gaming
78B6FE	Samsung
78B81A	Inter Sales
78B84B	Sichuan Tianyi Comheart Telecom
78B8D6	Zebra
78BAD0	Shinybow
78BAF9	Cisco
78BB5C	Nokia
78BB88	Maxio Technology (Hangzhou)
78BBC1	Servercom (india) Private
78BC1A	Cisco
78BDBC	Samsung
78BE81	Fn-link
78BEB6	Enhanced Vision
78BEBD	STULZ
78C05A	TP-Link
78C11D	Samsung
78C1A7	ZTE
78C1AE	Hangzhou Ezviz Software
78C213	Sagemcom
78C313	China Mobile Group Device
78C3E9	Samsung
78C40E	H&D Wireless
78C4AB	Shenzhen Runsil
78C4FA	Meta Platforms
78C57D	Zyxel
78C5E5	Texas Instruments
78C5F8	Huawei
78C62B	Fujian Star-net Communication
78C6BB	Analog Devices
78C881	Sony
78C884	Huawei
78C95E	Midmark RTLS
78CA04	Nokia
78CA39	Apple
78CA5E	ELNO
78CB2C	Join Digital
78CB33	DHC Software
78CB68	Daehap Hyper-tech
78CC2B	Sinewy
78CD55	Texas Instruments
78CD8E	SMC Networks
78CEA5	Vital link vietnam
78CF2F	Huawei
78CFF9	Huawei
78D004	Neousys
78D129	Vicos
78D162	Apple
78D294	Netgear
78D347	Ericsson
78D34F	Pace-O-Matic
78D366	GuangZhou Dazzleview Intelligent
78D38D	Hongkong Yunlink
78D3ED	NORMA
78D5B5	Navielektro KY
78D66F	Aristocrat Technologies Australia
78D6B2	Toshiba
78D6D6	eero
78D6DC	Motorola
78D6F0	Samsung
78D71A	Ciena
78D752	Huawei
78D75F	Apple
78D840	Xiaomi
78D99F	NuCom HK
78D9E9	Momentum IOT
78DA07	Zhejiang Tmall
78DA6E	Cisco
78DAA2	Cynosure
78DAAF	Huawei
78DAB3	GBO
78DB2F	Texas Instruments
78DC87	Huawei
78DD08	Foxconn
78DD12	Arcadyan
78DD33	Huawei
78DDD6	c-scape
78DDD9	Guangzhou Shiyuan
78DEE4	Texas Instruments
78DF72	Shanghai Imilab
78E0C5	Samsung
78E103	Amazon
78E167	Launch
78E22C	Huawei
78E2BD	Vodafone Automotive
78E36D	Espressif
78E3B5	HP
78E3DE	Apple
78E400	Foxconn
78E61C	Honor
78E7D1	HP
78E8B6	ZTE
78E980	RainUs
78E9CF	Tellescom Industria E Comercio EM Telecomunicacao
78EB14	Shenzhen Fast
78EB39	Instituto Nacional de Tecnología Industrial
78EB46	Huawei
78EC22	Shanghai Qihui Telecom
78EC74	Kyland-USA
78ECB5	Ruijie Networks
78ED25	New H3C
78EDBC	OnePlus
78EE4C	Espressif
78EF4C	Unetconvergence
78F09B	Huawei
78F13B	AltoBeam
78F1C6	Cisco
78F235	Sichuan AI-Link
78F238	Samsung
78F276	Cyklop Fastjet Technologies (Shanghai)
78F29E	Pegatron
78F505	Murata
78F557	Huawei
78F5E5	BEGA Gantenbrink-Leuchten
78F5FD	Huawei
78F7A3	Opentext
78F7BE	Samsung
78F7D0	Silverbrook Research
78F882	LG
78F8B8	Rako Controls
78F944	Private
78F9B4	Nokia
78FBD8	Apple
78FC14	Family Zone Cyber Safety
78FD94	Apple
78FDF1	Shenzhen Huadian Communication
78FE3D	Juniper
78FE41	Socus networks
78FEE2	Shanghai Diveo
78FF57	Intel
78FFCA	Tecno Mobile
7C004D	Huawei
7C010A	Texas Instruments
7C013E	GSD Viet NAM
7C0187	Curtis Instruments
7C0191	Apple
7C02BC	Hansung
7C034C	Sagemcom
7C035E	Xiaomi
7C03AB	Xiaomi
7C03C9	Shenzhen YOUHUA
7C03D8	Sagemcom
7C04D0	Apple
7C0507	Pegatron
7C051E	Rafael
7C0623	Ultra Electronics Sonar System Division
7C08D9	Shanghai B-Star
7C092B	Bekey
7C0A3F	Samsung
7C0A50	J-MEX
7C0BC6	Samsung
7C0C5F	Espressif
7C0C92	Suzhou Mobydata Smart System
7C0CF1	Xiaomi
7C0CF6	Guangdong Huiwei High-tech
7C0CFA	Huawei
7C0ECE	Cisco
7C1015	Brilliant Home
7C10C9	ASUS
7C11BE	Apple
7C11CB	Huawei
7C11CD	QianTang
7C131D	Sernet (suzhou)
7C1476	Damall
7C152D	Renesas Electronics (Penang) Sdn. Bhd
7C160D	Saia-Burgess Controls
7C162A	Huawei
7C1689	Sagemcom
7C1779	EM Microelectronic
7C1795	New H3C
7C18CD	E-tron
7C1960	Huawei
7C19E3	Google
7C1A03	8Locations
7C1AC0	Huawei
7C1AFC	Dalian Co-Edifice Video
7C1B93	Huawei
7C1C4E	LG
7C1C68	Samsung
7C1CF1	Huawei
7C1DD9	Xiaomi
7C1E06	New H3C
7C1E4A	Fortune Marketing Private
7C1E52	Microsoft
7C1EB3	2N TELEKOMUNIKACE a.s
7C2048	KoamTac
7C2064	Alcatel-Lucent IPD
7C210D	Cisco
7C210E	Cisco
7C214A	Intel
7C21D8	Shenzhen Think Will Communication
7C2302	Samsung
7C240C	Telechips
7C246A	Scita Solutions
7C2499	Apple
7C2586	Juniper
7C2587	chaowifi.com
7C25A3	Fortinet
7C25DA	Fn-link
7C2634	CommScope
7C2664	Sagemcom
7C273C	Shenzhen Yunlink
7C27BC	Hui Zhou Gaoshengda
7C296F	Apple
7C2A31	Intel
7C2ACA	Apple
7C2ADB	Xiaomi
7C2BE1	Shenzhen Ferex Electrical
7C2C67	Espressif
7C2CF3	Secure Electrans
7C2E0D	Blackmagic Design
7C2EBD	Google
7C2EDD	Samsung
7C2F80	Gigaset Communications
7C310E	Cisco
7C3180	SMK
7C31FA	Silicon Laboratories
7C336E	MEG
7C33F9	Huawei
7C3548	Transcend Information
7C35F8	Zhejiang Tmall
7C3626	Huawei
7C3866	Texas Instruments
7C386C	Real Time Logic
7C38AD	Samsung
7C3920	Ssoma Security
7C3953	ZTE
7C3985	Huawei
7C3B2D	Apple
7C3BD5	Imago
7C3CB6	Shenzhen Homecare
7C3D2B	Huawei
7C3E74	Huawei
7C3E82	Bouffalo Lab (Nanjing)
7C3E9D	Patech
7C41A2	Nokia
7C438F	E-Band Communications
7C444C	Entertainment Solutions, S.L
7C45D0	Shenzhen Wewins Wireless
7C4685	Motorola
7C48B2	Vida Resources Lte
7C49B9	Plexus Manufacturing Sdn Bhd
7C49CF	eero
7C49EB	Xiaomi
7C4A82	Portsmith
7C4AA8	MindTree Wireless PVT
7C4B26	Apple
7C4B78	Red Sun Synthesis Pte
7C4C58	Scale Computing
7C4CA5	SKY UK
7C4D4A	Zhiyue Xingchen(shanghai) Intelligent Terminal
7C4D8F	HP
7C4E09	Shenzhen Skyworth Wireless
7C4F7D	Sawwave
7C4FAD	Espressif
7C4FB5	Arcadyan
7C4FCD	Apple
7C5049	Apple
7C5079	Intel
7C50DA	E.J Ward
7C5184	Unis Flash Memory Technology(Chengdu)Co
7C5189	SG Wireless
7C5259	Sichuan Jiuzhou Electronic
7C534A	Metamako
7C55A7	Kastle
7C55E7	YSI
7C573C	HPE
7C574E	COBI
7C5758	HP
7C59B1	Apple
7C5A1C	Sophos
7C5A67	JNC
7C5C8D	EM Microelectronic
7C5CF8	Intel
7C5E98	eero
7C604A	Avelon
7C6097	Huawei
7C60DB	ZTE
7C6130	Apple
7C6166	Amazon
7C6193	HTC
7C62E7	Cisco
7C6305	Amazon
7C6456	Samsung
7C646C	LG
7C669A	Huawei
7C669D	Texas Instruments
7C66EF	Foxconn
7C67A2	Intel
7C67AB	Roku
7C68B9	Huawei
7C692B	Huawei
7C696B	Atmosic
7C69F6	Cisco
7C6A60	China Mobile Group Device
7C6A8A	Sinobonder
7C6AB3	IBC
7C6AC3	GatesAir
7C6AD7	New H3C
7C6ADB	SafeTone
7C6AF3	Integrated Device Technology (Malaysia) Sdn. Bhd
7C6B33	Tenyu
7C6B52	Tigaro Wireless
7C6B9C	OPPO
7C6BF7	NTI
7C6C39	Pixsys
7C6C8F	AMS Neve
7C6CE1	Shenzhen Honesty
7C6CF0	Shenzhen TINNO Mobile
7C6D12	Microsoft
7C6D62	Apple
7C6DA6	Superwave
7C6DF8	Apple
7C6E47	Huizhou Guangshijia Communication
7C6F06	Caterpillar Trimble Control
7C6FF8	ShenZhen ACTO Digital Video
7C70DB	Intel
7C7176	Wuxi iData
7C726E	Ericsson
7C72E4	Unikey
7C72E7	Texas Instruments
7C738B	Cocoon Alarm
7C7398	Espressif
7C73EB	Huawei
7C752D	Samsung
7C7630	Shenzhen YOUHUA
7C7635	Intel
7C7668	Huawei
7C7673	ENMAS
7C7716	Zyxel
7C787E	Samsung
7C78B2	Wyze Labs
7C79D4	Network Optix
7C79E8	PayRange
7C7A3C	New H3C
7C7A53	Phytrex
7C7A91	Intel
7C7B1C	Motorola
7C7B68	Vietnam Post AND Telecommunication Industry Technology Join Stock
7C7B8B	Control Concepts
7C7BBF	Samsung
7C7BE4	Z'sedai Kenkyusho
7C7D21	ZTE
7C7D3D	Huawei
7C7D41	Jinmuyu
7C7EF9	eero
7C822D	Nortec
7C8274	Shenzhen Hikeen
7C8306	Glen Dimplex Nordic
7C8437	China Post Communications Equipment
7C852F	Huawei
7C8530	Nokia
7C8657	Gtwave
7C8767	Cisco
7C87CE	Espressif
7C8899	Fn-link
7C8931	Huawei
7C8956	Samsung
7C89C1	Palo Alto Networks
7C8A3C	Qingdao Intelligent&Precise
7C8AE1	Compal Information (kunshan)
7C8BB5	Samsung
7C8BC1	Infinix mobility
7C8BCA	TP-Link
7C8C09	Mellanox
7C8D91	Shanghai Hongzhuo Information
7C8D9C	Edgecore Americas Networking
7C8EE4	Texas Instruments
7C8FDE	DWnet Technologies(Suzhou)
7C90E9	OPPO
7C9122	Samsung
7C942A	Huawei
7C949F	Shenzhen iComm Semiconductor
7C94B2	Philips Healthcare PCCI
7C95B1	Extreme Networks
7C95F3	Cisco
7C96A0	Ningbo Shunyun
7C96D2	Fihonest communication
7C9763	Openmatics s.r.o
7C97E1	Huawei
7C9824	Sagemcom
7C992E	Shanghai Notion lnformatio
7C9946	Sector Alarm Tech S.L
7C9A1D	Apple
7C9A54	Vantiva USA
7C9A9B	VSE valencia smart energy
7C9EBD	Espressif
7C9F07	CIG Shanghai
7CA05E	Motorola
7CA15D	GN ReSound
7CA177	Huawei
7CA1AE	Apple
7CA236	Verizon Connect
7CA237	King Slide
7CA23E	Huawei
7CA29B	D.SignT
7CA449	Xiaomi
7CA4F7	Extreme Networks
7CA53E	Motorola
7CA58F	shenzhen Qikai Electronic
7CA61D	MHL
7CA62A	HPE
7CA7B0	Shenzhen Bilian Electronic Co.，ltd
7CA85D	Rongcheeng Goer
7CA8EC	HPE
7CA909	Hui Zhou Gaoshengda
7CA96B	Syrotech Networks
7CA97D	Objenious
7CAADE	AltoBeam
7CAB25	MESMO
7CAB60	Apple
7CACB2	Bosch Software Innovations
7CAD4F	Cisco
7CAD74	Cisco
7CAF77	Nokia
7CB03E	Inventronics
7CB073	Realme Chongqing Mobile Telecommunications
7CB0C2	Intel
7CB15D	Huawei
7CB177	Satelco
7CB21B	Cisco
7CB232	Hui Zhou Gaoshengda
7CB25C	Acacia Communications
7CB27D	Intel
7CB30A	ZTE
7CB353	Cisco
7CB37B	Qingdao Intelligent&Precise
7CB40F	Fibocom Wireless
7CB542	ACES
7CB566	Intel
7CB59B	TP-Link
7CB59F	Huawei
7CB68D	Juniper Mist
7CB733	Askey Computer
7CB77B	Paradigm
7CB8DA	Murata
7CB8E6	Gree Electric Appliances, Inc. OF Zhuhai
7CB94C	Bouffalo Lab (Nanjing)
7CB960	Shanghai X-Cheng telecom
7CBAC0	EVBox
7CBAC6	Solar Manager
7CBB6F	Cosco
7CBB8A	Nintendo
7CBD06	AE REFUsol
7CBECE	Private
7CBF77	Speedtech
7CBF88	Mobilicom
7CBFAE	Renesas Electronics (Penang) Sdn. Bhd
7CBFB1	CommScope
7CC025	Palo Alto Networks
7CC06F	Apple
7CC0AA	Microsoft
7CC177	Ingram Micro Services
7CC178	Ericsson
7CC180	Apple
7CC225	Samsung
7CC255	Super Micro Computer
7CC294	Xiaomi
7CC2C6	TP-Link
7CC385	Huawei
7CC3A1	Apple
7CC4EF	Devialet
7CC518	vivo
7CC537	Apple
7CC6B6	Silicon Laboratories
7CC6C4	Kolff Computer Supplies
7CC709	Shenzhen Rf-link
7CC74A	Fiberhome Telecommunication
7CC77E	Fiberhome Telecommunication
7CC790	Palo Alto Networks
7CC882	Huawei
7CC8AB	Acro Associates
7CC8D0	Tianjin Yaan
7CC8D7	Damalisk
7CC8DF	Apple
7CC926	Wuhan GreeNet Information Service
7CC95A	Dell
7CC95E	Dongguan Liesheng Electronic
7CCB0D	Antaira
7CCC1F	Sichuan Tianyi Comheart Telecom
7CCCB8	Intel
7CCCFC	Quectel Wireless Solutions
7CCD11	MS-Magnet
7CCD3C	Guangzhou Juzing
7CCF0F	LCFC(Hefei)
7CCF4E	Fine Triumph
7CCFCF	Shanghai SEARI Intelligent System
7CD1AD	Apple
7CD1C3	Apple
7CD2DA	Apple
7CD30A	Inventec
7CD3E5	Huawei
7CD44D	Shanghai Moorewatt Energy
7CD4A8	Sagemcom
7CD544	Espressif
7CD566	Amazon
7CD62C	Apple
7CD661	Xiaomi
7CD762	Freestyle
7CD844	Enmotus
7CD95C	Google
7CD9A0	Huawei
7CD9F4	UAB "Teltonika Telematics"
7CD9FE	New Cosmos Electric
7CDA84	Dongnian Networks
7CDAC3	Sichuan Tianyi Comheart Telecom
7CDB98	Askey Computer
7CDC73	Huawei
7CDCCC	Beijing Starblaze
7CDD11	Chongqing MAS SCI&TECH
7CDD20	IOXOS
7CDD76	Suzhou Hanming
7CDD90	Shenzhen Ogemray
7CDDE9	ATOM
7CDE78	New H3C
7CDFA1	Espressif
7CE044	NEON
7CE152	THE Goodyear Tire & Rubber
7CE1FF	Computer Performance, Inc. DBA Digital Loggers
7CE269	Texas Instruments
7CE2CA	Juniper
7CE4AA	Private
7CE524	Quirky
7CE53F	Huawei
7CE56B	ESEN Optoelectronics
7CE712	Quectel Wireless Solutions
7CE87F	Sagemcom
7CE8B1	Espressif
7CE913	Fantasia Trading
7CE97C	Itel Mobile
7CE9D3	Foxconn
7CEB7F	Dmet Products
7CEBAE	Ridgeline Instruments
7CEBEA	ASCT
7CEC79	Texas Instruments
7CEC9B	Fuzhou Teraway Information
7CECB1	Apple
7CED8D	Microsoft
7CEDC6	Amazon
7CEE7B	Logically Us
7CEF18	Creative Product Design
7CEF40	Nextorage
7CEF61	STR Elektronik Josef Schlechtinger
7CEF8A	Inhon
7CF05F	Apple
7CF098	Bee Beans
7CF0BA	Linkwell Telesystems Pvt
7CF0E5	OnePlus
7CF17E	TP-Link
7CF2DD	Vence
7CF31B	LG
7CF34D	Apple
7CF429	NUUO
7CF462	Beijing Huawoo
7CF666	Tuya Smart
7CF854	Samsung
7CF880	Cisco
7CF90E	Samsung
7CF95C	U.I. Lapp
7CF9A0	Fiberhome Telecommunication
7CFA80	JiangSu Fulian Communication
7CFAD6	Realme Chongqing Mobile Telecommunications
7CFADF	Apple
7CFC16	Apple
7CFC3C	Visteon
7CFCFD	Fiberhome Telecommunication
7CFD6B	Xiaomi
7CFD82	Guangdong Genius
7CFE28	Salutron
7CFE4E	Shenzhen Safe vision
7CFE62	ShenZhen XinZhongXin Technology Co.，
7CFE90	Mellanox
7CFF4D	AVM (FRITZ!Box)
7CFF62	Huizhou Super Electron
80000B	Intel
800010	AT&T
80006E	Apple
80015C	Synaptics
800184	HTC
80029C	Gemtek
8002DF	ORA
80030D	CANON
800384	Ruckus
80045F	Apple
800518	Huawei
80051F	Vizio
80053A	CHeKT
800588	Ruijie Networks
8005DF	Montage
8006D9	ZTE
80071B	Vsolution Telecommunication
800794	Samsung
8007A2	Esson
800902	Keysight
800A06	Comtec
800B51	Chengdu XGimi
800C67	Apple
800CF9	Amazon
800D3F	Samsung
800DD7	Latticework
800E24	ForgetBox
800EA9	TCL Yuxin Zhixing Technology (Huizhou)
801242	Apple
8012DF	Shenzhen SuperElectron
801316	Intel
801382	Huawei
8013BE	Juniper
801440	Sunlit System
8014A8	Guangzhou V-SOLUTION Electronic
801605	Vodafone Italia
801609	Sleep Number
8016B7	Brunel University
80177D	Nortel Networks
801844	Dell
8018A7	Samsung
801934	Intel
801967	Shanghai Reallytek Information
801970	Samsung
8019FE	JianLing
801A23	AltoBeam
801D39	Apple
801DAA	Avaya
801F02	Edimax
801F12	Microchip
8020AF	Trade FIDES, a.s
8020DA	Sagemcom
8020E1	BVBA DPTechnics
8020FD	Samsung
802275	Beijing Beny Wave
802278	China Mobile IOT
8022A7	NEC Platforms
8022FA	Itel Mobile
802395	AVM (FRITZ!Box)
80248F	Cisco
802511	Itel Mobile
802689	D-Link
80276C	Cisco
80283C	Sonova
802994	Vantiva USA
802A13	Realme Chongqing Mobile Telecommunications
802AA8	Ubiquiti
802AF6	Honor
802AFA	Germaneers
802BF9	Foxconn
802D1A	ZTE
802DBF	Cisco
802DE1	Solarbridge
802E14	azeti Networks
802EC3	Huawei
802EDE	Huawei
802FDE	Zurich Instruments
803049	Liteon
8030DC	Texas Instruments
8030E0	HPE
8031F0	Samsung
803253	Intel
803428	Microchip
803457	OT
8035C1	Xiaomi
803773	Netgear
803896	SHARP
8038BC	Huawei
8038D4	Fibercentury Network
8038FB	Intel
8038FD	LeapFrog Enterprises
80398C	Samsung
8039E5	Patlite
803A0A	Integrated Device Technology (Malaysia) Sdn. Bhd
803A59	AT&T
803AF4	Fiberhome Telecommunication
803B2A	ABB Xiamen Low Voltage Equipment
803B70	Private
803B9A	ghe-ces electronic
803BF6	Look Easy
803C04	TP-Link
803C20	Huawei
803E48	Shenzhen Gongjin Electronics Co.,lt
803E4F	GD Midea Air-Conditioning Equipment
803F5D	Winstars
803FD4	Apple
803FD6	bytes at work
804005	Guangdong COROS Sports
804126	Huawei
80414E	BBK Educational
80427C	Adolf Tedsen
80433F	Juniper
80435E	Luminys
8044FD	China Mobile (Hangzhou) Information
80456B	Espressif
8045DD	Intel
804715	Apple
804731	Packet Design
804786	Samsung
80482C	Wyze Labs
804863	Electralsys Networks
80489F	Hangzhou Hikvision Digital
8048A5	Sichuan Tianyi Comheart Telecom
804971	Apple
8049BF	Taicang T&W
804A14	Apple
804AF2	Sonos
804B20	Ventilation Control
804B50	Silicon Laboratories
804C5D	NXP Semiconductor (Tianjin)
804DCB	Huawei
804E70	Samsung
804E81	Samsung
804F58	ThinkEco
80501B	Nokia
805067	W & D
8050F6	Itel Mobile
8053E0	Espressif
80542D	Samsung
80546A	Shenzhen Gongjin Electronics Co.,lt
80549C	Samsung
8054D9	Huawei
8054E3	Apple
80563C	ZF
8056F2	Foxconn
805719	Samsung
805722	Wuxi Sunning Smart Devices
8058C5	NovaTec Kommunikationstechnik
8058F8	Motorola
8059FD	Noviga
805A04	LG
805A70	Fortinet
805B65	LG
805E0C	Yealink(xiamen) Network
805E4F	Fn-link
805EC0	Yealink(xiamen) Network
805F8E	Huizhou BYD Electronic
805FC5	Apple
806007	RIM
806036	Huawei
8060B7	Cloud Network Technology Singapore PTE
806132	Cisco
80615F	Beijing Sinead
80616C	New H3C
80618F	Shenzhen sangfei consumer communications
806459	Nimbus
80646F	Espressif
80647A	Ola Sense
80647C	Tuya Smart
806559	EM Microelectronic
80656D	Samsung
80657C	Apple
806599	Espressif
8065E9	BenQ
806629	Prescope
80691A	Belkin
806933	Huawei
806940	LEXAR
806A00	Cisco
806A10	Whisker Labs - Ting
806A34	Bouffalo Lab (Nanjing)
806AB0	Shenzhen TINNO Mobile
806C1B	Motorola
806C8B	Kaeser Kompressoren
806CBC	NET New Electronic
806D71	Amazon
806D97	Private
806DDE	Beken
806F1C	Huawei
806FB0	Texas Instruments
80711F	Juniper
80717A	Huawei
807215	SKY UK
807264	Huawei
80739F	Kyocera
807459	K's
807484	ALL Winner (Hong Kong)
80751F	SKY UK
8075BF	Samsung
807677	hangzhou puwell cloud
807693	Newag
8076C2	GD Midea Air-Conditioning Equipment
8077A4	Tecno Mobile
807871	Askey Computer
807933	Aigentec Technology(Zhejiang)
80795D	Infinix mobility
8079AE	ShanDong Tecsunrise
8079EF	Sub-zero
807A7F	ABB Genway Xiamen Electrical Equipment
807ABF	HTC
807B1E	Corsair Memory
807B3E	Samsung
807C0A	ZTE
807C62	Hangzhou Hikvision Digital
807D14	Huawei
807D1B	Neosystem
807D3A	Espressif
807DE3	Chongqing Sichuan Instrument Microcircuit
807DF9	Mellanox
807EB4	Shenzhen SuperElectron
807FF8	Juniper
80802C	Fortinet
8081A5	Tongqing Communication Equipment (shenzhen)
808223	Apple
808287	ATCOM
8082F5	STMicrolectronics
8082FE	Arcadyan
8083F6	Apple
808426	Huawei
808489	Intel
8084A9	oshkosh
808544	Intelbras
808698	Netronics
8086D9	Samsung
8086F2	Intel
808800	ZTE
808917	TP-Link
808943	Samsung
808A8B	vivo
808ABD	Samsung
808AF7	Nanoleaf
808B5C	Shenzhen Runhuicheng
808C97	Kaon
808DB7	HPE
808F1D	TP-Link
808F97	Xiaomi
808FE8	Intelbras
80912A	Lih Rong electronic Enterprise
809133	AzureWave
8091C0	AgileMesh
80929F	Apple
8092A5	Valeo Interior Controls (Shenzhen)
809393	Xapt
80946C	Tokyo Radar
80953A	Apple
809562	Extreme Networks
809621	Lenovo
809698	Apple
8096B1	CommScope
8096CA	Foxconn
80971B	Altenergy Power System
809733	Shenzhen Elebao
80999B	Murata
8099CF	Texas Instruments
8099E7	Sony
809B20	Intel
809B31	XIN Link Internaitonal
809D65	Fn-link
809F9B	Sichuan AI-Link
809FAB	Fiberhome Telecommunication
809FE4	Tenda
809FF5	Samsung
80A036	Shanghai MXCHIP Information
80A197	u-blox
80A1AB	Intellisis
80A1D7	Shanghai DareGlobal
80A235	Edgecore Networks
80A2FC	AzureWave
80A589	AzureWave
80A63C	Amazon
80A796	Neuralink
80A85D	Osterhout Design
80A997	Apple
80AA1C	Luxottica Tristar (Dongguan) Optical
80AAA4	USAG
80AB4D	Nokia
80AC7C	Sichuan AI-Link
80ACAC	Juniper
80ACC8	Phyplus Microelectronics
80AD16	Xiaomi
80AD67	Kasda Networks
80AE3C	Taicang T&W
80AE54	TP-Link
80AF19	Apple
80AF9F	eero
80AFCA	Shenzhen Cudy
80B03D	Apple
80B07B	ZTE
80B219	Elektron Technology UK
80B234	Vantiva USA
80B269	Subtle Computing
80B289	Forworld
80B32A	UK Grid Solutions
80B54E	Espressif
80B575	Huawei
80B5C6	OMRON
80B624	IVS
80B655	Intel
80B686	Huawei
80B708	Blue Danube
80B709	Viptela
80B745	The Silk Technologies ILC
80B82A	Realme Chongqing Mobile Telecommunications
80B946	Nokia
80B95C	Elftech
80B97A	eero
80B989	Apple
80BA16	Micas Networks
80BAAC	TeleAdapt
80BAE6	Neets
80BBEB	Satmap
80BC37	Ruckus
80BE05	Apple
80BEAF	Hangzhou Hikvision Digital
80BF21	vivo
80C01E	Intel
80C16E	HP
80C2F0	Xiamen Yeastar Digital
80C3BA	Sonova Consumer Hearing
80C41B	Texas Instruments
80C429	Renesas Electronics Operations Services
80C45D	IPG Laser
80C501	OctoGate IT Security
80C548	Shenzhen Zowee
80C5E6	Microsoft
80C5F2	AzureWave
80C63F	Remec Broadband Wireless
80C6AB	Vantiva USA
80C6CA	Endian
80C755	Panasonic Appliances
80C7C5	Fiberhome Telecommunication
80C862	Openpeak
80C955	Redpine Signals
80CA4B	Shenzhen Gongjin
80CA52	Wistron InfoComm(Chongqing)Co
80CBBC	Qingdao Intelligent&Precise
80CC12	Huawei
80CC9C	Netgear
80CE62	HP
80CEB1	Theissen Training
80CEB9	Samsung
80CF41	Lenovo
80CFA2	Huawei
80D019	Embed
80D04A	Vantiva USA
80D065	CKS
80D09B	Huawei
80D10A	Sichuan AI-Link
80D160	Integrated Device Technology (Malaysia) Sdn. Bhd
80D175	iPanel.TV
80D18B	Hangzhou I'converge
80D1CE	Apple
80D21D	AzureWave
80D266	ScaleFlux
80D2E5	Nintendo
80D336	CERN
80D433	LzLabs
80D4A5	Huawei
80D52C	Beijing Cheering Networks
80D605	Apple
80D733	QSR Automations
80DA13	eero
80DABC	Megafone
80DAC2	Vantiva USA
80DACE	Huawei
80DB17	Juniper
80DB31	Power Quotient
80DECC	HYBE
80E01D	Cisco
80E1BF	Huawei
80E455	New H3C
80E4BA	Intel
80E540	CommScope
80E63C	Xiaomi
80E650	Apple
80E769	Realme Chongqing Mobile Telecommunications
80E82C	HP
80E869	AltoBeam
80E86F	Cisco
80E8A4	ZTE
80E94A	LEAPS s.r.o
80EA07	TP-Link
80EA0B	Zyxel
80EA23	WNC
80EA96	Apple
80EACA	Dialog Semiconductor Hellas
80EB77	Wistron
80ED2C	Apple
80EE25	Shenzhen Skyworth Digital
80EE73	Shuttle
80F0CF	Ruckus
80F1A4	Huawei
80F1A8	Guangzhou V-Solution Telecommunication
80F1B2	Espressif
80F1F1	Tech4home, Lda
80F25E	Kyynel
80F3DA	Espressif
80F3EF	Meta Platforms
80F416	Chipsea Technologies (Shenzhen)
80F503	CommScope
80F593	IRCO Sistemas de Telecomunicación
80F5AE	Hangzhou Hikvision Digital
80F5B5	Texas Instruments
80F62E	Hangzhou H3C
80F7A6	Shenzhen C-Data
80F8EB	RayTight
80FA5B	CLEVO
80FB06	Huawei
80FBF0	Quectel Wireless Solutions
80FBF1	Freescale Semiconductor (China)
80FD7A	BLU Products
80FD7B	BLU Products
80FFA8	Unidis
84002D	Pegatron
840055	VusionGroup
8400D2	Sony
8400EC	Shelly Europe
840112	Kaon
84016E	Honor
8401A7	Greyware Automation Products
840283	HUMAX
840328	Juniper
8404D2	Kirale Technologies SL
840511	Apple
8406FA	Fiberhome Telecommunication
8407C4	Walter Kidde Portable Equipment
84083A	Intel
840A9E	Nexapp Technologies Pvt
840B2D	Samsung
840B7C	Hitron
840BBB	MitraStar
840C6D	Cisco
840D8E	Espressif
840F2A	Jiangxi Risound
840F45	Shanghai GMT Digital
840F4C	Apple
84100D	Motorola
84119E	Samsung
84139F	ZTE
84144D	Intel
841571	TCT mobile
8415D3	Huawei
84160C	Broadcom
841623	ZTE
8416F9	TP-Link
841715	GP Electronics (HK)
841766	Weifang Goertek
8417EF	Vantiva USA
841826	Osram
84183A	Ruckus
841888	Juniper
841985	Samsung
841A24	Unionman
841B38	Shenzhen Excelsecu Data
841B5E	Netgear
841B77	Intel
841C70	ZTE
841DE8	CJ intelligent
841E1A	Sanya Muyu
841E26	Kernel-i
841EA3	Sagemcom
841FE8	Espressif
842096	Shenzhen Rf-link
842141	Shenzhen Ginwave
8421F1	Huawei
84225E	Shenzhen Technewchip
842289	Samsung
842388	Ruckus
84248D	Zebra
842519	Samsung
84253F	silex
8425A4	Tariox
8425DB	Samsung
842615	ADB Broadband Italia
84262B	Nokia
84267A	Guangdong Taide Zhilian
842690	Beijing Thought Science
842712	Silicon Laboratories
842789	Apple
8427B6	China Mobile IOT
8427CE	Corporation of the Presiding Bishop of The Church of Jesus Christ of Latter-day Saints
842859	Amazon
84285A	Saffron Solutions
8428D6	Servercom (india) Private
842914	EMPORIA TELECOM Produktions- und VertriebsgesmbH
842999	Apple
842AFD	HP
842B2B	Dell
842B50	Huria
842BBC	Modelleisenbahn
842C80	Sichuan Changhong Electric
842E14	Silicon Laboratories
842E27	Samsung
842F57	Apple
842F75	Innokas
843095	Foxconn
8430CE	Shenzhen Jaguar Microsystems
8430E5	SkyHawke
8431A8	Funshion Online
84326F	Guangzhou AVA
8432EA	Anhui Wanzten P&T
8433F2	Shenzhen Stellamore
843497	HP
843611	hyungseul publishing networks
8437D5	Samsung
843835	Apple
843838	Samsung
84398F	Fortinet
8439FC	Nokia
843A4B	Intel
843A5B	Inventec(Chongqing)
843B10	Lvswitches
843C4C	Robert Bosch
843C99	ZTE
843CFC	Huawei
843DC6	Cisco
843E03	Sagemcom
843E1D	Hui Zhou Gaoshengda
843E79	Shenzhen Belon
843E92	Huawei
843F4E	Tri-Tech Manufacturing
844076	Drivenets
844167	Apple
844464	ServerU
8444AF	Zhejiang Tmall
8445A0	Tube investments of India
844693	Xiaomi
8446FE	Huawei
844709	Shenzhen IP3 Century Intelligent
844765	Huawei
844823	Woxter
844880	Amazon
844915	vArmour Networks
8449EE	Demant Enterprise
844BB7	Beijing Sankuai Online
844BF5	Foxconn
844D4C	Adtran
844DBE	Fiberhome Telecommunication
844F03	Ablelink
845029	Arista Networks
845075	Huawei
84509A	Easy Soft TV
845181	Samsung
845234	Juniper
8453CD	China Mobile Group Device
8454DF	Huawei
8455A5	Samsung
84569C	Coho Data
845733	Microsoft
845787	DVR C&C
8457EB	Motorola
8457F7	Meta Platforms
845A3E	Cisco
845A81	ffly4u
845B0C	eFAB P
845B12	Huawei
845C31	Dell
845C93	Chabrier Services
845CF3	Intel
845DD7	Shenzhen Netcom
845F04	Samsung
846082	Hyperloop Technologies, Inc dba Virgin Hyperloop
8461A0	CommScope
846223	Shenzhen Coship
8462A6	EuroCB (Phils)
8463D6	Microsoft
8464DD	Huawei
84652B	Donaldson
846569	New H3C
84679A	Arm
8467E8	Huawei
84683E	Intel
846878	Apple
8468C8	Totolink Technology Int‘l
846991	Nokia
846993	HP
846A66	Sumitomo Kizai
846AED	Wireless Tsukamoto
846B48	ShenZhen EepuLink
846EB1	Park Assist
846EBC	Nokia
846FCE	OPPO
847003	Axon Networks
847051	Alpsalpine
8470D7	eero
847127	Silicon Laboratories
84716A	Huawei
847207	I&C
847293	Texas Instruments
847303	Letv Mobile and Intelligent Information Technology (Beijing)
84742A	ZTE
847460	ZTE
847616	Addat s.r.o
847637	Huawei
847778	Cochlear
847848	Ubiquiti
84788B	Apple
8478AC	Cisco
847933	profichip
847973	Shanghai Baud Data Communication
847A88	HTC
847AB6	AltoBeam
847ADF	Fujian Star-net Communication
847B57	Intel
847BEB	Dell
847C9B	GD Midea Air-Conditioning Equipment
847CEE	Cisco
847D50	Holley Metering
847D7E	Cisco
847E40	Texas Instruments
847F3D	Integrated Device Technology (Malaysia) Sdn. Bhd
84802D	Cisco
848094	Meter
848102	Fiberhome Telecommunication
8481EA	Shanghai Baud Data Communication
84821B	PROX SG Pte
8482F4	Beijing Huasun Unicreate
848319	Hangzhou Zero Zero
848336	Newrun
848371	Avaya
848433	Paradox Engineering
848506	Apple
84850A	Hella Sonnen- und Wetterschutztechnik
848553	Biznes Systema Telecom
8485E6	Guangdong Asano
848687	weiyuantechnology
8486F3	Greenvity Communications
8487FF	Shenzhen Skyworth Digital
848832	Guangzhou Shiyuan Electronic
8488E1	Apple
8489AD	Apple
848A59	Hisilicon
848A8D	Cisco
848C8D	Apple
848D84	Rajant
848DC7	Cisco
848DCE	Ciena
848E0C	Apple
848E96	Embertec
848EDF	Sony
848F69	Dell
849000	Arnold&Richter Cine Technik GmbH & Co. Betriebs
84900A	Arcadyan
849265	Intel
8492E5	Huawei
84930C	InCoax Networks Europe
8493A0	Huawei
8493B2	ZTE
8493EC	Guangzhou Shiyuan Electronic
849437	Apple
849459	Hangzhou Hikvision Digital
84948C	Hitron
849681	Cathay Communication
849690	Murata
8496D8	CommScope
8497B8	Memjet
849866	Samsung
8498A7	Texas Instruments
849A40	Hangzhou Hikvision Digital
849C02	Druid Software
849CA4	Mimosa Networks
849CA6	Arcadyan
849D4B	Shenzhen Boomtech Industrial
849D64	SMC
849DC2	Shanghai MXCHIP Information
849DC5	Centera Photonics
849E56	Cloud Network Technology Singapore PTE
849FB5	Huawei
84A06E	Sagemcom
84A134	Apple
84A1B7	Honor
84A1D1	Sagemcom
84A24D	Birds Eye Systems Private
84A329	Arcadyan
84A34B	Barrot
84A3B5	Propulsion
84A423	Sagemcom
84A466	Samsung
84A6C8	Intel
84A783	Alcatel Lucent
84A788	Perples
84A824	Google
84A8E4	Huawei
84A938	LCFC(Hefei)
84A93E	HP
84A991	Cyber Trans Japan
84A9C4	Huawei
84A9EA	Career Technologies USA
84AA9C	MitraStar
84AAA4	SONoC
84AB1A	Apple
84AB26	Tiinlab
84AC16	Apple
84AC60	Guangxi Hesheng
84ACA4	Beijing Novel Super Digital TV
84ACFB	Crouzet Automatismes
84AD58	Huawei
84AD8D	Apple
84AEDE	Xiaomi
84AF1F	GopherTec
84AFEC	Buffalo
84B153	Apple
84B1E2	Microsoft
84B1E4	Apple
84B261	Cisco
84B31B	Kinexon
84B4D2	Shenzhen iComm Semiconductor
84B4DB	Silicon Laboratories
84B517	Cisco
84B541	Samsung
84B59C	Juniper
84B630	Sichuan Tianyi Comheart Telecom
84B802	Cisco
84B866	Beijing XiaoLu
84B890	TP-Link
84B8B8	Motorola
84BA20	Silicon Laboratories
84BA3B	CANON
84BA59	Wistron InfoComm(Chongqing)Co
84BB26	Texas Instruments
84BB69	CommScope
84BE52	Huawei
84BE8B	Chengdu Geeker
84C065	Nintendo
84C0EF	Samsung
84C1C1	Juniper
84C2E4	Jiangsu Qinheng
84C3E8	Vaillant
84C5A6	Intel
84C665	Taicang T&W
84C692	Texas Instruments
84C727	Gnodal
84C78F	APS Networks
84C7A9	C3PO
84C7BB	Espressif
84C7E2	VusionGroup
84C7EA	Sony
84C807	ADVA Optical Networking
84C8A0	Hui Zhou Gaoshengda
84C8B1	Incognito Software
84C9B2	D-Link
84C9C6	Shenzhen Gongjin Electronics Co.,lt
84CB85	EM Microelectronic
84CC11	LG Electornics
84CC63	Huawei
84CCA8	Espressif
84CD62	ShenZhen IDWELL
84CFBF	Fairphone
84D0DB	Guangdong Juan Intelligent Technology Joint Stock
84D15A	TCT mobile
84D1C1	Intel
84D303	Chipsea Technologies (Shenzhen) Crop
84D328	Apple
84D32A	Ieee 1905.1
84D343	Calix
84D352	Tonly
84D3D5	Huawei
84D412	Palo Alto Networks
84D47E	HPE
84D4C8	Widex
84D5A0	MCOT
84D608	Wingtech Mobile Communications
84D6C5	SolarEdge
84D6D0	Amazon
84D7DE	Huawei
84D81B	TP-Link
84D931	Hangzhou H3C
84D9C8	Unipattern
84D9E0	eero
84DB2F	Sierra Wireless, ULC
84DB9E	Pink Nectarine Health
84DBA4	Huawei
84DBAC	Huawei
84DBFC	Nokia
84DD20	Texas Instruments
84DD84	Cisco
84DDB7	Cilag
84DE3D	Crystal Vision
84DF0C	Net2grid
84DF19	Chuango Security
84E058	CommScope
84E323	Green Wave Telecommunication SDN BHD
84E327	Tailyn
84E342	Tuya Smart
84E4D9	Shenzhen NEED
84E585	EM Microelectronic
84E59E	Shenzhen YOUHUA
84E5D8	Guangdong UNIPOE IoT
84E629	Bluwan
84E657	Sony
84E6B3	Tiinlab
84E714	Liang Herng Enterprise
84E892	Actiontec
84E8CB	Buffalo
84E986	Huawei
84E9C1	Realme Chongqing Mobile Telecommunications
84EA97	Shenzhen iComm Semiconductor
84EA99	Vieworks
84EAD2	Koganei
84EAED	Roku
84EB0C	Mellanox
84EB18	Texas Instruments
84EB3E	Vivint Smart Home
84EB3F	Vivint
84EBEF	Cisco
84EC14	Qingdao Goertek Horizons
84ED33	BBMC
84EE7F	Huawei
84EEE4	Samsung
84EF18	Intel
84F117	Newseason
84F129	Metrascale
84F147	Cisco
84F175	Jiangxi Xunte Intelligent Terminal
84F1D0	Ehoome IOT Private
84F1F7	NXP Semiconductor (Tianjin)
84F2C1	ZTE
84F3EB	Espressif
84F44C	International Integrated
84F493	OMS spol. s.r.o
84F5EB	ZTE
84F64C	Cross Point
84F6FA	Miovision
84F703	Espressif
84F758	Huizhou BYD Electronic
84F883	Luminar
84FB43	Central Denshi Seigyo
84FC14	Shenzhen Bilian Electronic Co.，ltd
84FCAC	Apple
84FCE6	Espressif
84FCFE	Apple
84FD27	Silicon Laboratories
84FDD1	Intel
84FE40	Huawei
84FE9E	RTC Industries
84FEDC	Borqs Beijing
84FFC2	Cisco
8800C6	Sichuan Tianyi Comheart Telecom
88010C	Sichuan Tianyi Comheart Telecom
880118	BLT
8801F2	Vitec System Engineering
8801F9	Texas Instruments
880264	Pascal Audio
880348	Sercomm
88034C	Weifang Goertek
880355	Arcadyan
8803E9	OPPO
88074B	LG
880894	Skullcandy
880905	MTMCommunications
880907	MKT Systemtechnik
8809AF	Masimo
880AA3	Juniper
880ABD	Wuhan Nexphoton
880CE0	Texas Instruments
880E85	Shenzhen Boomtech Industrial
880F10	Huami Information
880F62	Silicon Laboratories
880FA2	Sagemcom
880FB6	Jabil Circuits India Pvt Ltd,-EHTP unit
881032	Apple
881036	Panodic(ShenZhen) Electronics Limted
88108F	Huawei
881196	Huawei
88123D	Suzhou Aquila Solutions
88124E	Qualcomm
88127D	Shenzhen Melon
8812AC	Hunan Fn-link
8813BF	Espressif
8813C2	Tendyron
88142B	Protonic Holland
881544	Cisco Meraki
881566	Huawei
8815C5	Huawei
8817A3	Integrated Device Technology (Malaysia) Sdn. Bhd
8817A8	Apple
8818AE	Tamron
8818F1	Nokia
881908	Apple
881A14	Silicon Laboratories
881B99	Shenzhen XIN FEI JIA Electronic
881C95	Itel Mobile
881DFC	Cisco
881E59	Onion
881E5A	Apple
881EC8	Bouffalo Lab (Nanjing)
881FA1	Apple
88200D	Apple
882012	LMI
882067	Fiberhome Telecommunication
8821E3	Nebusens, S.L
882222	VusionGroup
88225B	HPE
8822B2	Chipsea Technologies (Shenzhen)
88231F	Fibocom Wireless
882364	Watchnet DVR
88238C	Fiberhome Telecommunication
8823FE	TTTech Computertechnik
882508	Meta Platforms
882510	HPE
88252C	Arcadyan
882593	TP-Link
88263F	Zhejiang Uniview
88287D	AltoBeam
8828B3	Huawei
8828FB	Juniper
882949	Renesas Electronics (Penang) Sdn. Bhd
882950	Netmoon
882985	SZ DJI
88299C	Samsung
8829BF	Amazon
882A5E	New H3C
882AE1	MRC
882B94	Madoka System
882BD7	Addénergie
882C31	Apple
882D53	Baidu Online Network Technology (Beijing)
882E5A	storONE
882F64	BCOM Networks
882F92	Xiaomi
883037	Juniper
88308A	Murata
88329B	Samsung
883314	Texas Instruments
883374	Askey Computer
8833BE	Ivenix
8834FE	Bosch Automotive Products (Suzhou)
88354C	Transics
8835C1	OI Electric
883612	SRC Computers
88365F	LG
88366C	EFM Networks
8836CF	Huawei
883A30	HPE
883B8B	Cheering Connection
883BDC	CJ intelligent
883C1C	Mercury
883C93	Alcatel-Lucent Enterprise
883D24	Google
883E0D	HD Hyundai Electric
883F0C	system a.v
883F27	Huawei
883F37	UHTEK
883F4A	Texas Instruments
883F99	Siemens
883FD3	Huawei
884033	Huawei
88403B	Huawei
884067	infomark
884157	Shenzhen Atsmart
88415F	MitraStar
8841C1	Orbisat DA Amazonia IND E Aerol
8841FC	AirTies Wireless Networks
8842D0	Earda
8843E1	Cisco
884477	Huawei
8844F6	Nokia
884558	Amicro
8845F0	Guangdong Genius
884604	Xiaomi
88462A	Telechips
88492D	Shenzhen Bilian Electronic Co.，ltd
884A18	Opulinks
884A70	Wacom
884AEA	Texas Instruments
884B39	Siemens AG, Healthcare Sector
884CCF	Pulzze
884D7C	Apple
884DDE	Nubia
884F59	Cisco
885046	LEAR
8850DD	Infiniband Trade Association
8850F6	Shenzhen Jingxun Software Telecommunication
88517A	HMD Global
8851F2	Apple
8851FB	HP
8852EB	Xiaomi
88532E	Intel
885395	Apple
8853D4	Huawei
88541F	Google
88546B	Texas Instruments
88548E	vivo
8856A6	Espressif
88571D	Seongji Industry
885721	Espressif
88576D	XTA
8857EE	Buffalo
8858BE	kuosheng.com
885A06	OPPO
885A23	Celestica
885A85	WNC
885A92	Cisco
885BDD	Extreme Networks
885C47	Alcatel Lucent
885DFB	ZTE
885E54	Samsung
885EBD	Nckorea
886076	Sparnex n.v
886078	Sparnex n.v
88615A	Siano Mobile Silicon
88625D	Bitnetworks
8863C5	Huawei
8863DF	Apple
886440	Apple
8864A8	TeraNXT Global India Pvt
88659F	Fiberhome Telecommunication
886639	Huawei
88665A	Apple
8866A5	Apple
886746	eero
886770	Huizhou Desay SV Automotive
8867DC	Huawei
88684B	OPPO
88685C	Shenzhen ChuangDao & Perpetual Eternal
88693D	Huawei
886AB1	vivo
886AE3	Alpha Networks
886B0F	Bluegiga
886B44	Sunnovo
886B6E	Apple
886B76	China Hopeful Group Hopeful Electric
886BDB	Apple
886C60	Xiaomi
886D2D	Huawei
886EDD	Micronet union Technology(Chengdu)Co
886EE1	Erbe Elektromedizin
886EEB	Huawei
886F29	Pocketbook
886FD4	Dell
887015	Apple
887033	Hangzhou Silan Microelectronic
88708C	Lenovo
8870EF	SC Professional Trading
8871B1	CommScope
8871E5	Amazon
887384	Toshiba
887398	K2E Tekpoint
887477	Huawei
887556	Cisco
887598	Samsung
8876B9	D-Link
887873	Intel
88789C	Game
88795B	Konka
88797E	Motorola
887A31	Velankani Electronics Pvt
887ABC	Cisco
887B2C	ZTE
887CC1	Zebronics India Pvt
887E25	Extreme Networks
887E9B	Apple
887F03	Comper Technology Investment
887FD5	ZTE
888187	Umeox Innovations
8881B9	Huawei
888225	Telink Micro
888279	Shenzhen RB-LINK Intelligent
888322	Samsung
88835D	Fn-link
888603	Huawei
8886A0	Simton
8886C2	Stabilo
888717	CANON
8887DD	DarbeeVision
888914	All Components
88892F	Huawei
888964	GSI
888B5D	Storage Appliance
888C19	Brady Corp Asia Pacific
888C1B	EM Microelectronic
888E68	Huawei
888E7F	ATOP
888F10	Shenzhen Max Infinite
888FA4	Huawei
889009	Juniper
88908D	Cisco
889166	Viewcooper
8891DD	Racktivity
8892CC	Tonly
889471	Brocade Communications
88947E	Fiberhome Telecommunication
88948E	Max Weishaupt SE
88948F	Xi'an Zhisensor
8894F9	Gemicom
8895B9	Unified Packet Systems Crop
88964E	CommScope
889655	Zitte
889676	TTC MARCONI s.r.o
8896B6	Global Fire Equipment
8896F2	Valeo Schalter und Sensoren
889746	Sichuan AI-Link
889765	exands
8897DF	Entrypass Corporation Sdn. Bhd
889821	Teraon
889986	TP-Link
889AFF	SystemX
889B39	Samsung
889CA6	BTB Korea
889CAD	Cisco
889D98	Allied-telesisK.K
889E33	TCT mobile
889E68	Vantiva USA
889E96	ZTE
889F6F	Samsung
889FAA	Hella Gutmann Solutions
889FFA	Foxconn
88A084	Formation Data
88A0BE	Huawei
88A25E	Juniper
88A29E	Raspberry Pi
88A2D7	Huawei
88A303	Samsung
88A3CC	Amatis Controls
88A479	Apple
88A4C2	LCFC(Hefei)
88A5BD	QPCOM
88A68D	Shanghai MXCHIP Information
88A6C6	Sagemcom
88A73C	Ragentek
88A9B7	Apple
88AC9E	Shenzhen YOUHUA
88ACC0	Zyxel
88ACC1	Generiton
88AD43	Pegatron
88ADD2	Samsung
88AE07	Apple
88AE1D	Compal Information (kunshan)
88AE35	Realme Chongqing Mobile Telecommunications
88AEDD	EliteGroup Computer
88AF7B	Nanjing Powercore
88B111	Intel
88B168	Delta Control
88B1E1	Mojo Networks
88B291	Apple
88B2AB	Fiberhome Telecommunication
88B362	Nokia
88B436	Fujifilm
88B4A6	Motorola
88B4BE	Huawei
88B5FF	Shenzhen iComm Semiconductor
88B627	Gembird Europe
88B66B	easynetworks
88B6BD	Flaircomm Microelectronics
88B6EE	Dish
88B7EB	Apple
88B863	Hisense Visual
88B86F	Infinix mobility
88B8D0	Dongguan Koppo Electronic
88B945	Apple
88B951	Xiaomi
88B9B8	NXP Semiconductors Taiwan
88BA74	Silicon Laboratories
88BA7F	Qfiednet
88BCAC	Zebra
88BCC1	Huawei
88BD09	Netis
88BD45	Samsung
88BD78	Flaircomm Microelectronics
88BF35	Verifone
88BFD5	Simple Audio
88BFE4	Huawei
88C08B	Apple
88C093	Gigamedia
88C174	ZTE
88C227	Huawei
88C22D	Buffalo
88C242	Poynt
88C255	Texas Instruments
88C344	Google
88C36E	Beijing Ereneben lnformation
88C397	Xiaomi
88C3B2	ROTEK
88C3B3	Sovico
88C3E5	Betop Techonologies
88C48E	Uneeviu Technologies India Private
88C626	Logitech
88C663	Apple
88C6E8	Huawei
88C78F	ZTE
88C9D0	LG
88C9E8	Sony
88CB87	Apple
88CBA5	Suzhou Torchstar Intelligent
88CC45	Skyworth Digital Technology(Shenzhen)
88CE3F	Huawei
88CEFA	Huawei
88CF98	Huawei
88CFCD	Texas Instruments
88D039	Tonly
88D171	Beghelli
88D199	Vencer
88D211	Eko Devices
88D274	ZTE
88D2BF	German Autolabs
88D37B	FirmTek
88D50C	OPPO
88D546	Apple
88D5A8	Itel Mobile
88D652	Amergint
88D7BC	DEP
88D7F6	ASUS
88D82E	Intel
88D962	Canopus Systems US
88D98F	Juniper
88DA04	Huawei
88DA18	China Mobile Group Device
88DA1A	Redpine Signals
88DA33	Beijing Xiaoyuer Network
88DA36	Calix
88DB08	EM Microelectronic
88DC96	EnGenius
88DD79	Voltaire
88DDB8	Huawei
88DE39	Hangzhou Hikvision Digital
88DE7C	Askey Computer
88DEA9	Roku
88DF9E	New H3C
88E034	Shinwa industries(China)
88E056	Huawei
88E0A0	Shenzhen VisionSTOR
88E0F3	Juniper
88E161	Art Beijing Science and Technology Development
88E3AB	Huawei
88E603	Avotek
88E628	Shenzhen Kezhonglong Optoelectronic
88E64B	Juniper
88E712	Whirlpool
88E7A6	iKnowledge Integration
88E87F	Apple
88E8F8	Yong TAI Electronic (dongguan)
88E90F	innomdlelab
88E917	Tamaggo
88E9A4	HPE
88E9FE	Apple
88ED1C	Cudo Communication
88EF16	CommScope
88F00F	Miraeil
88F031	Cisco
88F077	Cisco
88F155	Espressif
88F2BD	GD Midea Air-Conditioning Equipment
88F2CE	Apple
88F3D5	Zyxel
88F488	cellon communications technology(shenzhen)Co
88F490	Jetmobile Pte
88F4DA	Intel
88F56E	Huawei
88F6DC	Huawei
88F715	Arista Networks
88F7BF	vivo
88F7C7	Vantiva USA
88F872	Huawei
88F916	Qingdao Dayu Dance Digital
88F9C0	KTS Kommunikationstechnik und Systeme
88FC5D	Cisco
88FCA6	devolo
88FD15	Lineeye
88FEB6	Askey Computer
88FED6	ShangHai WangYong Software
8C006D	Apple
8C019D	Arista Networks
8C02CD	Fujian Star-net Communication
8C02FA	COMMANDO Networks
8C04BA	Dell
8C04FF	Vantiva USA
8C0528	Tenda
8C0551	Koubachi
8C0572	Huawei
8C06CB	Toradex
8C0734	Private
8C078C	Flow Data
8C083C	EM Microelectronic
8C0879	Texas Instruments
8C088B	Remote Solution
8C08AA	Apple
8C09F4	CommScope
8C0C87	Nokia
8C0C90	Ruckus
8C0CA3	Amper
8C0D76	Huawei
8C0DD9	Skullcandy
8C0E60	Nanjing Juplink Intelligent
8C0EE3	OPPO
8C0F6F	Pegatron
8C0F7E	TCL King Electrical Appliances(Huizhou)Co
8C0F83	Angie Hospitality
8C0FA0	di-soric
8C0FC9	Huawei
8C0FFA	Hutec
8C10D4	Sagemcom
8C11CB	ABUS Security-Center
8C12C2	GLBB Japan
8C13E2	Netlink ICT
8C142A	Cisco
8C14B4	ZTE
8C1553	Beijing Memblaze
8C15C7	Huawei
8C1645	LCFC(Hefei)
8C1759	Intel
8C17B6	Huawei
8C1801	ZTE
8C1850	China Mobile (Hangzhou) Information
8C18D9	Shenzhen RF
8C1952	Amazon
8C19B5	Arcadyan
8C1A50	China Mobile Group Device
8C1ABF	Samsung
8C1AF3	Shenzhen Gooxi Information Security
8C1D55	Hanwha NxMD (Thailand)
8C1D96	Intel
8C1E80	Cisco
8C1ECB	Nanjing Jiahao
8C1ECF	Unionman
8C1ED9	Beijing Unigroup Tsingteng Microsystem
8C1F94	RF Surgical System
8C20F1	OpenAI
8C210A	TP-Link
8C2114	Huawei
8C22D2	Hangzhou Hikvision Digital
8C2505	Huawei
8C255E	VoltServer
8C26AA	Apple
8C271D	QuantHouse
8C278A	Vocollect
8C2937	Apple
8C2A85	Amazon
8C2A8E	DongGuan Ramaxel Memory
8C2AC1	GSD Viet NAM
8C2DAA	Apple
8C2E72	Samsung
8C2F39	IBA Dosimetry
8C2FA6	Solid Optics
8C3066	Ubiquiti
8C31E2	Dayouplus
8C3223	JWIPC
8C3330	EmFirst
8C3357	HiteVision Digital Media
8C3396	Apple
8C3401	OPPO
8C3446	Huawei
8C34FD	Huawei
8C3579	QDIQO Sp. z o.o
8C3592	Guangzhou Shiyuan Electronic
8C367A	Palo Alto Networks
8C37B7	Hosin Global
8C3957	Telink Micro
8C395C	Bit4id
8C3A7E	Universal
8C3AE3	LG
8C3B32	Microfan
8C3B4A	Universal Global Scientific Industrial
8C3BAD	Netgear
8C3C07	Skiva
8C3C4A	Nakayo
8C3D16	Shenzhen Four Seas Global Link Network
8C3DB1	Beijing H-IoT
8C3F44	GD Midea Air-Conditioning Equipment
8C41F2	RDA
8C41F4	IPmotion
8C426D	Huawei
8C4361	Hailo Digital Hub
8C4435	Shanghai BroadMobi Communication
8C444F	HUMAX
8C44A5	Cisco
8C44BB	Tenda
8C4500	Murata
8C4598	Espressif
8C477F	NambooSolution
8C47BE	Dell
8C4962	Roku
8C497A	Extreme Networks
8C49B6	vivo
8C49CF	Private
8C4AEE	Giga TMS
8C4B14	Espressif
8C4B59	3D Imaging & Simulations
8C4CAD	Evoluzn
8C4CDC	Planex Communications
8C4DB9	Unmonday
8C4DEA	Cerio
8C4E46	Motorola
8C4EBB	Amazon
8C4F00	Espressif
8C501A	Private
8C5105	Shenzhen ireadygo Information
8C5219	SHARP
8C5387	Huzhou Luxshare Precision Industry
8C53C3	Xiaomi
8C53D2	China Mobile Group Device
8C53E6	WNC
8C53F7	A&D Engineering
8C541D	LGE
8C554A	Intel
8C55BB	Songwoo Information
8C5646	LG
8C569D	Imaging Solutions
8C56C5	Nintendo
8C579B	WNC
8C57FD	LVX Western
8C5823	SZ DJI
8C5877	Apple
8C5973	Zyxel
8C598B	C
8C59C3	ADB Italia
8C59DC	ASR Microelectronics (Shanghai)
8C5A25	CommScope
8C5AC1	Huawei
8C5AF0	Exeltech Solar Products
8C5AF8	Xiaomi
8C5BF0	CommScope
8C5C20	Vantiva USA
8C5C53	AltoBeam
8C5CA1	d-broad
8C5D54	Kisi
8C5D60	UCI
8C5E4D	DragonWave Technologies DMCC
8C5EBD	Huawei
8C5F48	Aumovio
8C5FAD	Fiberhome Telecommunication
8C5FDF	Beijing Railway Signal Factory
8C604F	Cisco
8C6078	Swissbit
8C60E7	MPGIO
8C6102	Beijing Baofengmojing
8C6120	EM Microelectronic
8C61A3	CommScope
8C640B	Beyond Devices d.o.o
8C6422	Sony
8C64A2	OnePlus
8C64D4	Hyeco Smart
8C65A3	Silicon Laboratories
8C65EC	Tubitak MAM
8C6794	vivo
8C683A	Huawei
8C6878	Nortek-AS
8C68C8	ZTE
8C6914	Freebox
8C6A3B	Samsung
8C6A8D	Vantiva USA
8C6AE4	Viogem
8C6BDB	Huawei
8C6D50	Shenzhen MTC
8C6D77	Huawei
8C6DC4	Megapixel VR
8C6FB9	Silicon Laboratories
8C705A	Intel
8C7086	Gesellschaft für Sonder-EDV-Anlagen mbH
8C7112	Microchip
8C71F8	Samsung
8C736E	Fujitsu
8C73A0	Fiberhome Telecommunication
8C73DA	Silicon Laboratories
8C763F	CommScope
8C76C1	Goden
8C7712	Samsung
8C7716	Longcheer Telecommunication
8C7779	Arcadyan
8C78D7	Shenzhen Fast
8C7909	HPE
8C7967	ZTE
8C79F5	Samsung
8C7A00	Nokia
8C7A15	Ruckus
8C7A3D	Xiaomi
8C7AAA	Apple
8C7AB3	Guangzhou Shiyuan Electronic
8C7B9D	Apple
8C7BF0	Xufeng Development
8C7C92	Apple
8C7CB5	Foxconn
8C7CFF	Brocade Communications
8C7EB3	Lytro
8C7F3B	CommScope
8C8126	ARCOM
8C8172	Sichuan Tianyi Comheart Telecom
8C8283	Apple
8C82A8	Insigma
8C8394	Arcadyan
8C839D	Shenzhen Xinyupeng Electronic
8C83DF	Nokia
8C83E1	Samsung
8C83E8	Huawei
8C83FC	Axioma Metering UAB
8C8401	Private
8C8442	Cisco
8C8474	Broadcom
8C8580	Smart Innovation
8C8590	Apple
8C85C1	HPE
8C85E6	Cleondris
8C861E	Apple
8C862A	Huawei
8C86DD	TP-Link
8C8726	VAST Data
8C873B	Leica Camera
8C87D0	Shenzhen Uascent
8C8881	Cisco Meraki
8C897A	Augtek
8C89A5	Micro-Star INT'L
8C89FA	Zhejiang Hechuan
8C8A6E	Estun Automation Technoloy
8C8ABB	Beijing Orient View
8C8ACD	Huawei
8C8B48	Silicon Laboratories
8C8B5B	WNC
8C8B83	Texas Instruments
8C8C29	Espressif
8C8CAA	LCFC(Hefei)
8C8D28	Intel
8C8E0D	ZTE
8C8E4E	Baylan Olcu Aletleri San. ve Tic.A.S
8C8E76	taskit
8C8EF2	Apple
8C8F8B	China Mobile Chongqing branch
8C8FE9	Apple
8C902D	TP-Link
8C90D3	Nokia
8C9109	Toyoshima Electric Technoeogy(Suzhou)
8C913A	Mellanox
8C91A4	Apple
8C9236	Aus.Linx
8C9246	Oerlikon Textile Gmbh&Co
8C9351	Jigowatts
8C938B	Realme Chongqing Mobile Telecommunications
8C941F	Cisco
8C9461	Cisco
8C946A	New H3C
8C94CC	SFR
8C94CF	Encell
8C94DF	Espressif
8C965F	Shandong Zhongan
8C96A5	New H3C
8C97EA	Freebox
8C9806	Shenzhen SEI Robotics
8C986B	Apple
8C9885	Samsung
8C99E6	TCT mobile
8C9A8F	Sagemcom
8C9B2D	Plantronics
8C9F3B	Qingdao Hisense Communications
8CA048	Beijing NeTopChip
8CA229	Huawei
8CA2F5	Huawei
8CA2FD	Starry
8CA399	Servercom (india) Private
8CA3EC	Samsung
8CA401	Shenzhen New Chip Intelligence
8CA454	Private
8CA5A1	Oregano Systems - Design & Consulting
8CA5CF	Huawei
8CA6DF	TP-Link
8CA96D	Huawei
8CA96F	D&M
8CA982	Intel
8CA9FD	Copper Mountain
8CAAB5	Espressif
8CAACE	Xiaomi
8CAB8E	Shanghai Feixun Communication
8CAE4C	Plugable
8CAE89	Y-cam Solutions
8CAEDB	Nagtech
8CB094	Airtech I&C
8CB0E9	Samsung
8CB50E	Cisco
8CB64F	Cisco
8CB6C5	Mimosa Networks
8CB7F7	Shenzhen UniStrong Science
8CB82C	IPitomy Communications
8CB84A	Samsung
8CB864	AcSiP
8CB87E	Intel
8CBA25	Union MAN
8CBAFC	Joynext
8CBD37	Shenzhen Phaten
8CBE24	Tashang Semiconductor(Shanghai)
8CBE6F	Tianyi Telecom Terminals
8CBEBE	Xiaomi
8CBF9D	Shanghai Xinyou Information
8CBFA6	Samsung
8CBFEA	Espressif
8CC121	Panasonic Corporation AVC Networks
8CC246	Apple
8CC573	Xsight Labs
8CC58C	ShenZhen Elsky
8CC5B4	Sagemcom
8CC5D0	Samsung
8CC5E1	ShenZhen Konka Telecommunication
8CC661	Current, powered by GE
8CC681	Intel
8CC7AA	Radinet Communications
8CC7C3	Netlink ICT
8CC7D0	zhejiang ebang communication
8CC84B	Chongqing Fugui
8CC8CD	Samsung
8CC9E9	Huawei
8CCB14	TBS
8CCBDF	Foxconn
8CCD55	EM Microelectronic
8CCDA2	ACTP
8CCDE8	Nintendo
8CCDFE	AMPAK
8CCE4E	Espressif
8CCEFD	Shenzhen zhouhai
8CCF09	Dell
8CCF5C	Befega
8CCF8F	ITC
8CD066	Texas Instruments
8CD08B	WuXi Rigosys
8CD0B2	Xiaomi
8CD17B	CG Mobile
8CD1A6	eero
8CD2E9	Yokote Seiko
8CD3A2	VisSim
8CD48E	Itel Mobile
8CD54A	Taiyo Yuden
8CD628	Ikor Metering
8CD67F	EM Microelectronic
8CD9D6	Xiaomi
8CDB25	ESG Solutions
8CDC02	ZTE
8CDCD4	HP
8CDD0B	eero
8CDD30	Ruijie Networks
8CDD8D	Wifly-City System
8CDE52	ISSC
8CDE99	Comlab
8CDEE6	Samsung
8CDEF9	Xiaomi
8CDF2C	vivo
8CDF9D	NEC
8CE042	vivo
8CE081	ZTE
8CE117	ZTE
8CE2DA	Circle Media
8CE38E	Kioxia
8CE468	Guangzhou Sageran
8CE4DB	Shenzhen MiaoMing Intelligent
8CE5C0	Samsung
8CE5EF	Huawei
8CE748	Hangzhou Hikvision Digital
8CE78C	DK Networks
8CE7B3	Sonardyne
8CE807	Bouffalo Lab (Nanjing)
8CE9B4	Zhejiang Dahua
8CE9EE	Intel
8CE9FF	Dell
8CEA12	Shenzhen MiaoMing Intelligent
8CEA1B	Edgecore Networks
8CEA48	Samsung
8CEA88	Chengdu Yocto Communication
8CEBC6	Huawei
8CEC4B	Dell
8CEC7B	Apple
8CEDE1	Ubiquiti
8CEE17	Gyges Labs PTE
8CEEC6	Precepscion
8CEEFD	ZTE
8CF0DF	Beijing Zhongyuan Yishang
8CF112	Motorola
8CF228	Mercury Communication
8CF319	Siemens Industrial Automation Products Ltd., Chengdu
8CF3E7	solidotech
8CF5A3	Samsung
8CF67D	Netgear
8CF681	Silicon Laboratories
8CF710	AMPAK
8CF773	Nokia
8CF813	Orange Polska
8CF8C5	Intel
8CF945	Power Automation pte
8CF957	RuiXingHengFang Network (Shenzhen)
8CF9C9	Mesada
8CFABA	Apple
8CFADD	Huawei
8CFCA0	Shenzhen Smart Device
8CFD15	Imagine Marketing Private
8CFD18	Huawei
8CFD49	Espressif
8CFDDE	Sagemcom
8CFDF0	Qualcomm
8CFE57	Apple
8CFE74	Ruckus
8CFEB4	Vsoontech
90004E	Foxconn
9000DB	Samsung
900117	Huawei
90013B	Sagemcom
900218	SKY UK
90027A	Shenzhen Sworix Techonlogy
90028A	Shenzhen Shidean Legrand Electronic Products
9002A9	Zhejiang Dahua
900325	Huawei
90032E	Taicang T&W
900371	Quectel Wireless Solutions
900372	Longnan Junya Digital
9003B7	Parrot
900628	Samsung
9006DB	Huawei
9006F2	Texas Instruments
900917	Far-sighted mobile
9009D0	Synology
9009DF	Intel
900A1A	Taicang T&W
900A39	Wiio
900A3A	PSG Plastic Service
900A48	Samsung
900A62	Inventus Power Eletronica do Brasil LTDA
900A75	New H3C
900A84	Mellanox
900BC1	Sprocomm
900C0F	Flume-io
900CB4	Alinket Electronic
900CC8	Google
900D66	Digimore
900DCB	CommScope
900E83	Monico Monitoring
900E84	eero
900E9E	Shenzhen SuperElectron
900EB3	Shenzhen Amediatech
900F0C	Cloud Network Technology Singapore PTE
901057	Intel
901195	Amazon
901234	Shenzhen YOUHUA
9012A1	We
9013DA	Athom
9014AF	Cambium Networks
901506	Espressif
9016BA	Huawei
901711	Hagenuk Marinekommunikation
90173F	Huawei
90179B	Nanomegas
9017AC	Huawei
9017C8	Huawei
90185E	Apex Tool Group GmbH & Co OHG
90187C	Samsung
9018AE	Shanghai Meridian
901900	SCS
901A4F	EM Microelectronic
901ACA	CommScope
901B0E	Fujitsu Technology Solutions
901C9E	Alcatel-Lucent Enterprise
901D27	ZTE
901DFF	ZOWEE TECHNOLOGY(HEYUAN)Co
901EDD	Great Computer
901F09	Silicon Laboratories
901F94	TP-Link
90203A	BYD Precision Manufacture
902083	General Engine Management
9020C2	HPE
9020D7	Microsoft
902106	SKY UK
90212E	Apption Labs
902155	HTC
902181	Shanghai Huaqin Telecom
90235B	Amazon
9023B4	New H3C
9023EC	Availink
9025F2	Huawei
90272B	Algorab
902759	Nanjing Jiahao
902778	Open Infrastructure
9027E4	Apple
9028F6	Wuhan Yangtze Optical
902962	Linkpower Microelectronics
902AEE	Xiaomi
902B34	Giga-byte
902BD2	Huawei
902C09	Apple
902CC7	C-MAX Asia
902CFB	CanTops
902D77	Edgecore Americas Networking
902E16	LCFC(Hefei)
902E1C	Intel
902E87	LabJack
9030D6	Quectel Wireless Solutions
90314B	AltoBeam
903196	Shenzhen Ip-com Networks
9031CD	Onyx Healthcare
90324B	Foxconn
90342B	Gatekeeper
9034FC	Foxconn
90356E	Vodafone Omnitel N.V
9035A2	Apple
9035EA	Silicon Laboratories
9036B2	Traton
903809	Ericsson
90380C	Espressif
9038DF	Changzhou Tiannengbo System
90395E	Silicon Laboratories
90395F	Amazon
903A72	Ruckus
903AA0	Nokia
903AE6	Parrot
903C1D	Hisense Visual
903C92	Apple
903CAE	Yunnan KSEC Digital
903CB3	Edgecore Networks
903CDA	Fiberhome Telecommunication
903D5A	Shenzhen Wision Technology Holding
903D68	G-Printec
903D6B	Zicon
903DBD	Secure Meters
903E7F	Fiberhome Telecommunication
903EAB	CommScope
903F86	New H3C
903FC3	Huawei
903FEA	Huawei
9041B2	Ubiquiti
9043E2	Cornami
904506	Tokyo Boeki Medisys
904528	Nintendo
9046A2	Tedipay UK
9046B7	Vadaro Pte
904716	RORZE
90473C	China Mobile Group Device
904748	Sony
9047C2	Intel
904846	Texas Instruments
90486C	Ring
90489A	Foxconn
904992	YSTen
9049FA	Intel
904C02	vivo
904C81	HPE
904CC5	Apple
904CE5	Foxconn
904D4A	Sagemcom
904DC3	Flonidan
904DE2	Apple
904E2B	Huawei
90505A	unGlue
90507B	Advanced PANMOBIL
9050CA	Hitron
90513F	Elettronica Santerno
9051F8	HPE
9052BF	Sichuan Tianyi Comheart Telecom
905446	TES Electronic Solutions
9054B7	Eltex Enterprise
9055AE	Ericsson, EAB/RWI/K
9055DE	Fiberhome Telecommunication
905607	Sichuan AI-Link
905671	Cisco
905682	Lenbrook Industries
905692	Autotalks
9056FC	Tecno Mobile
905851	Vantiva USA
90593C	Az-technology SDN BHD
9059AF	Texas Instruments
905A08	Super Micro Computer
905C34	Sirius Electronic
905C44	Compal Broadband Networks
905D7C	New H3C
905E44	Huawei
905F2E	TCT mobile
905F7A	Apple
905F8D	modas
9060F1	Apple
90610C	Fida International (S) Pte
9061AE	Intel
90623F	Apple
90633B	Samsung
90649B	Espressif
9064AD	Huawei
906560	EM Microelectronic
906584	Intel
906717	Alphion India Private
90671C	Huawei
9067B5	Alcatel-Lucent
9067F3	Alcatel Lucent
9068C3	Motorola
906976	Withrobot
906989	Samsung
906A94	hangzhou huacheng network
906AEB	Microsoft
906C4B	Advance Security
906CAC	Fortinet
906D05	BXB
906D62	Cambium Networks
906DC8	DLG Automação Industrial Ltda
906EBB	Foxconn
906F18	Afero
906FA7	Funshion Online
906FA9	Nanjing Putian Telecommunications
907025	Garea Microsys
907065	Texas Instruments
907069	Espressif
9070BF	Mimosa Networks
9070D3	Fiberhome Telecommunication
907240	Apple
907282	Sagemcom
90735A	Motorola
90742E	New H3C
90749D	IRay
9074AE	AzureWave
9074F2	Huawei
9075BC	Nokia
9075DE	Zebra
90769F	Shenzhen Mercury Communication
9077EE	Cisco
907841	Intel
9078B2	Xiaomi
907910	Integrated Device Technology (Malaysia) Sdn. Bhd
907990	Benchmark Electronics Romania
9079CF	ZTE
907A0A	Gebr. Bode
907A28	Beijing Morncloud Information And
907A58	Zegna-Daidong
907ABE	GSD Viet NAM
907ADA	China Dragon
907AF1	Wally
907BC6	Texas Instruments
907E30	LARS
907E43	ZTE
907EBA	Utek Technology (shenzhen)
907F61	Chicony
908060	Nilfisk
90808F	Huawei
90812A	Apple
908158	Apple
908175	Samsung
908260	IEEE 1904.1 Working
9082C3	Quanta Computer
90834B	Beijing Yunyi Times
90837A	General Electric Water & Process
90837E	Fiberhome Telecommunication
90840D	Apple
90842B	LEGO System
90848B	Hdr10+
90848E	Fujian Star-net Communication
908674	Sichuan Tianyi Comheart Telecom
90869B	ZTE
908855	Cisco
9088A2	Ionics Technology ME Ltda
908938	Hefei Linkin
90895F	Weifang Goertek
908A80	Cisco
908C09	Total Phase
908C43	Apple
908C44	H.K Zongmu
908C63	GZ Weedong Networks
908D1D	GH
908D6C	Apple
908D6E	Dell
908D78	D-Link
908FCF	UNO System
90903C	Trison
909060	RSI Video
909164	ChongQing Lavid
90916E	nFore
90922C	Changzhi City Zhouyi Hengtong Information Security
9092B4	Diehl BGT Defence
90935A	CommScope
90940A	Analog Devices
909412	OPPO
909497	Huawei
9094E4	D-Link
909507	Huawei
9096F3	Buffalo
9097D5	Espressif
9097F3	Samsung
909838	Huawei
909864	Impex-Sat GmbH&amp;Co
909877	Vestel Elektronik San ve Tic. A.S
909916	ELVEES NeoTek OJSC
909A4A	TP-Link
909A77	Texas Instruments
909B6F	Apple
909C4A	Apple
909D7D	CommScope
909DAC	Infinix mobility
909DE0	Newland Design + Assoc
909E24	ekey biometric
909F22	Zyxel
909F33	EFM Networks
909F43	Accutron Instruments
90A0BE	Cannice
90A137	Beijing Splendidtel Communication
90A196	Private
90A1BA	PNetworks Electronics Information
90A210	United Telecoms
90A25B	Apple
90A2DA	GHEO
90A365	HMD Global
90A46A	Sisnet
90A4DE	WNC
90A57D	Huawei
90A5AF	Huawei
90A62F	NAVER
90A6BF	Quectel Wireless Solutions
90A783	JSW Pacific
90A7BF	EM Microelectronic
90A7C1	Pakedge Device and Software
90A822	Amazon
90A935	JWEntertainment
90AAC3	Hitron
90AB96	Silicon Laboratories
90AC3F	BrightSign
90AC6D	Apple
90ADF7	vivo
90ADFC	Telechips
90AE1B	TP-Link
90AF59	Choice IT Global
90AFD1	netKTI
90B021	Intel
90B0ED	Apple
90B11C	Dell
90B134	CommScope
90B141	Motorola
90B144	Samsung
90B176	Intel
90B1E0	Beijing Nebula Link
90B21F	Apple
90B339	Espressif
90B4DD	ZPT R&D
90B57F	Shenzhen iComm Semiconductor
90B622	Samsung
90B67A	Shenzhen Skyworth Digital
90B685	Weifang Goertek
90B686	Murata
90B790	Apple
90B832	Extreme Networks
90B8D0	Joyent
90B8E0	Shenzhen Yanray
90B931	Apple
90B942	ZTE
90B97D	Johnson Outdoors Marine Electronics d/b/a Minnkota
90B9F9	Motorola
90BA09	Huawei
90BDE6	Quectel Wireless Solutions
90BFD9	Smart Innovation
90C115	Sony
90C119	Nokia
90C1C6	Apple
90C35F	Nanjing Jiahao
90C54A	vivo
90C710	ZTE
90C792	CommScope
90C7D8	ZTE
90C952	Durin
90C97E	Huawei
90C99B	Tesorion Nederland
90CAFA	Google
90CBA3	Tecno Mobile
90CC24	Synaptics
90CC7A	Huawei
90CCDF	Intel
90CD1F	Quectel Wireless Solutions
90CDB6	Foxconn
90CDE8	Apple
90CEB8	Texas Instruments
90CF15	Nokia
90CF6F	Dlogixs
90CF7D	Qingdao Hisense Communications
90D092	HUMAX
90D11B	Palomar Medical
90D20B	Nokia
90D3CF	Askey Computer
90D432	ZTE
90D473	vivo
90D529	Accton
90D689	Huahao Fangzhou
90D733	Huawei
90D74F	Bookeen
90D7BE	Wavelab Global
90D7EB	Texas Instruments
90D852	Comtec
90D8F3	ZTE
90D92C	Hug-witschi
90DA4E	AVANU
90DA6A	Focus H&S
90DA72	Espressif
90DAF9	Siemens Rail Automation SAU
90DB46	E-lead Electronic
90DD5D	Apple
90DE80	Shenzhen Century Xinyang
90DF06	Ciena
90DF46	Shanghai Tosun
90DF7D	Realme Chongqing Mobile Telecommunications
90DFB7	s.m.s smart microwave sensors
90DFFB	Homerider
90E0F0	IEEE 1722a Working
90E17B	Apple
90E202	Texas Instruments
90E2BA	Intel
90E317	Mellanox
90E468	Guangzhou Shiyuan Electronic
90E4B0	SHARP
90E5B1	Espressif
90E643	Tesla
90E6BA	ASUS
90E710	New H3C
90E7C4	HTC
90E868	AzureWave
90E95E	Cisco
90EA60	SPI Lasers
90EB48	Shanghai XinMiaoLink
90EB50	Cisco
90EC50	C.o.b.o
90EC77	silicom
90ECE3	Nokia
90ECEA	Apple
90EEC7	Samsung
90EED9	Universal DE Desarrollos Electrónicos
90EF4A	Dongguan Liesheng Electronic
90EF68	Zyxel
90F005	Xi'an Molead
90F04C	Nokia
90F052	MEIZU
90F157	Garmin
90F1AA	Samsung
90F1B0	Hangzhou Anheng Info&Tech
90F260	Shenzhen Honesty
90F278	Radius Gateway
90F305	HUMAX
90F3B7	Kirisun Communications
90F3B8	China Mobile Group Device
90F4C1	Rand McNally
90F510	Technologie Optic.ca
90F644	Huawei
90F652	TP-Link
90F721	IndiNatus (IndiNatus India Private Limited)
90F72F	Phillips Machine & Welding
90F7B2	New H3C
90F80C	Samsung
90F82E	Amazon
90F861	u-blox
90F891	Kaon
90F964	Rawasi
90F970	Huawei
90F9B7	Huawei
90FB5B	Avaya
90FB5D	Xiaomi
90FB93	Renesas Design US
90FBA6	Foxconn
90FC55	Hyve Solutions
90FD61	Apple
90FD73	ZTE
90FD9F	Silicon Laboratories
90FEE2	ISIF
90FF79	Metro Ethernet Forum
90FFD6	Honor
940006	jinyoung
940070	Nokia
9400B0	Huawei
940149	AutoHotBox
94017D	Shenzhen Shlink
9401AC	Wuhan Qianyang Iotian
9401C2	Samsung
940230	Logitech
94026B	Optictimes
94049C	Huawei
9404E3	Vantiva USA
9405B6	Liling FullRiver
940853	Liteon
9408C7	Huawei
940937	HUMAX
9409C9	Alpsalpine
9409D3	shenzhen maxtopic
940B19	Huawei
940B2D	NetView Technologies(Shenzhen)
940B83	ZTE
940BCD	Apple
940BD5	Himax
940BFA	EM Microelectronic
940C6D	TP-Link
940C98	Apple
940D2D	Universal
940D4B	Cisco
940E2A	NXP Semiconductors Taiwan
940E5F	Apple
940E6B	Huawei
940EE7	Huawei
940F3B	Askey Computer
94103E	Belkin
941042	Fanox Electronic S.L
94105A	Dell
9411DA	ITF Fröschl
941457	Shenzhen Sundray
94147A	vivo
9415B2	Huawei
941625	Apple
941673	Point Core SARL
941700	Xiaomi
941724	Anhui Guoke Ruidian communication
941787	Nokia
941865	Netgear
941882	HPE
94193A	Elvaco
941C56	Actiontec
941D1C	TLab West
941DD4	Google
941F3A	Ambiq
941FA2	Wuhan YuXin Semiconductor
942053	Nokia
942157	Apple
942197	Stalmart
94224C	Qingdao Haier
94236E	Shenzhen Junlan Electronic
942453	Huawei
9424B8	Gree Electric Appliances, Inc. OF Zhuhai
9424E1	Alcatel-Lucent Enterprise
942533	Huawei
94261D	Huawei
94270E	Intel
942770	BSH Hausgeräte
942790	TCT mobile
94282E	New H3C
94286F	ZTE
94290C	Shenyang wisdom Foundation Technology Development
94292F	New H3C
942957	Airpo Networks
94298D	Shanghai AdaptComm
942A3F	Diversey
942A6F	Ubiquiti
942AD6	Texas Instruments
942B68	Apple
942CB3	HUMAX
942D3A	Prizor Viztech
942DDC	Samsung
942E17	Schneider Electric Canada
942E63	Finsécur
94319B	Alphatronics
9431CB	vivo
943251	Askey Computer
9432C1	Honor
9433D8	Cisco
9433DD	Taco
94342F	Itel Mobile
943469	Silicon Laboratories
94350A	Samsung
943589	Huawei
94368B	GD Midea Air-Conditioning Equipment
9436E0	Sichuan Bihong Broadcast &amp; Television New
94376C	IoTronix Technologies Sdn. Bhd
9437F7	Huawei
9438AA	Technology Innovation Institute
94390E	Intel
9439E5	Foxconn
943A91	Amazon
943AF0	Nokia
943B22	Netgear
943B31	Arista Networks
943BB0	New H3C
943BB1	Kaon
943C96	Sagemcom
943CC6	Espressif
943DC9	Asahi Net
943EE4	WiSA
943F0C	Genexis
943F68	Nanjing RISC-V Institute
943FBB	JSC RPC Istok named after Shokin
943FC2	HPE
943FD6	Apple
9440A2	Anywave Communication
9440C9	HPE
9440F3	Huawei
9441C1	Mini-Cam
94434D	Ciena
944444	LG
944452	Belkin
944560	Google
944667	Cisco
944696	BaudTec
944788	Huawei
9447B0	Beijing Eswin Computing
9447EE	Fiberhome Telecommunication
944996	WiSilica
9449F6	Huawei
944A09	BitWise Controls
944A0C	Sercomm
944BF8	TOZO
944E5B	Ubee Interactive
944F4C	Sound United
944FDB	Nokia
945044	Texas Instruments
945047	Rechnerbetriebsgruppe
945089	SimonsVoss
945103	Samsung
94513D	iSmart Alarm
9451BF	Hyundai ESG
9451DC	Espressif
945244	Samsung
945330	Foxconn
9453FF	Intel
945493	Rigado
9454A0	Fosilicon
9454C5	Espressif
9454CE	OPPO
9454DF	YST
945641	Palo Alto Networks
9457A5	HP
9458CB	Nintendo
945907	Shanghai HITE-BELDEN Network
945915	Amazon
94592D	EKE Building
945AEA	Huawei
945AFC	Amazon
945B7E	Trilobit Ltda
945C9A	Apple
945DBF	Nokia
945F34	Renesas Electronics (Penang) Sdn. Bhd
946010	Huawei
9460D5	HPE
94611E	Wata
946124	Pason
946269	CommScope
94626D	Xiaomi
946372	vivo
9463D1	Samsung
946424	HPE
946442	Celestica
94652D	OnePlus
94659C	Intel
9466E7	WOM Engineering
94677E	Belden India Private
946A77	Vantiva USA
946A7C	OnePlus
946AB0	Arcadyan
946C04	EM Microelectronic
946DAE	Mellanox
94706C	Quectel Wireless Solutions
9470D2	Winfirm
9471AC	TCT mobile
94720F	Guangdong Nanguang Photo&Video
94742E	Mercusys
94756E	QinetiQ North America
9476B7	Samsung
9476C3	Fritz!
94772B	Huawei
947806	Ningbo Sunvot
947918	Itel Mobile
947AF4	Huawei
947BAE	Xiaomi
947BBE	Ubicquia
947BE7	Samsung
947C3E	Polewall Norge
947D77	Huawei
947EB9	National Narrowband Network Communications
947F1D	Shenzhen Fastrain
947FD8	Shenzhen Skyworth Digital
9481A4	Azuray
9482B2	GL Intelligence
9483C4	GL Technologies (Hong Kong)
94857A	Evantage Industries
9486CD	Seoul Electronics&telecom
9486D4	Surveillance Pro
94877C	CommScope
9487E0	Xiaomi
948815	Infinique Worldwide
948835	Crestron
948854	Texas Instruments
94885E	Surfilter Network
948978	Apple
948AC6	Realme Chongqing Mobile Telecommunications
948B03	EAGET Innovation and
948B93	Xiaomi
948BC1	Samsung
948CD7	Hui Zhou Gaoshengda
948D50	Beamex
948DEF	Oetiker Schweiz
948E6D	Nintendo
948E89	Industrias Unidas SA DE CV
948ED3	Arista Networks
948FCF	CommScope
948FEE	Verizon Telematics
949010	Huawei
949034	Shenzhen Chuangwei-rgb
94917F	Askey Computer
9492BC	Syntech(hk)
9492D2	KCF
949386	Shenzhen SiACRRIER Industry Machines
949426	Apple
94944A	Particle Industries
9495A0	Google
949722	AzureWave
94974F	Liteon
9497AE	OPPO
949869	ZTE
94988F	Sagemcom
9498A2	Shanghai LISTEN
949901	Shenzhen YITOA Digital Appliance
949990	VTC Telecommunications
949AA9	Microsoft
949B2C	Extreme Networks
949BFD	Trans New
949C55	Alta Data
949CBE	Huawei
949D57	Panasonic do Brasil Limitada
949F3E	Sonos
949F3F	Optek Digital
949F8B	ZTE
949FB4	ChengDu JiaFaAnTai
94A04E	Bostex
94A07D	Huawei
94A081	Silicon Laboratories
94A1A2	AMPAK
94A25D	Huawei
94A3CA	KonnectONE
94A408	Shenzhen Trolink
94A40C	Diehl Metering
94A4B5	Mitsubishi Electric
94A4CE	Sensear
94A4F9	Huawei
94A67E	Netgear
94A6D8	New H3C
94A748	New H3C
94A7B7	ZTE
94A7BC	BodyMedia
94A990	Espressif
94A9A8	Texas Instruments
94AA07	Nokia
94AA0A	Fiberhome Telecommunication
94AAB8	Joview(Beijing)
94AB18	cellXica
94ABDE	OMX Technology - FZE
94ABFE	Nokia
94ACCA	trivum
94AD05	Huawei
94AD23	Apple
94AE61	Alcatel Lucent
94AEE3	Belden Hirschmann industries (Suzhou)
94AEF0	Cisco
94B01F	Apple
94B10A	Samsung
94B216	Silicon Laboratories
94B271	Huawei
94B2CC	Pioneer
94B34F	Ruckus
94B3F7	Hui Zhou Gaoshengda
94B40F	HPE
94B43A	Samsung
94B555	Espressif
94B5AD	ERM Electronic
94B609	Intel
94B819	Nokia
94B86D	Intel
94B8C5	RuggedCom
94B97E	Espressif
94B9B4	Aptos
94BA06	Shenzhen Bilian Electronic Co.，ltd
94BA31	Visiontec da Amazônia Ltda
94BA56	Shenzhen Coship
94BB43	AzureWave
94BBAE	Husqvarna
94BDBE	TPV Display Technology (Xiamen)
94BE09	China Mobile Group Device
94BE36	Adopt Nettech PVT
94BE46	Motorola
94BE50	Remote Solution
94BF1E	eflow Inc. / Smart Device Planning and Development Division
94BF2D	Apple
94BF80	ZTE
94BF94	Juniper
94BF95	Shenzhen Coship
94BFC4	Ruckus
94C014	Sorter Sp. j. Konrad Grzeszczyk MichaA, Ziomek
94C038	Tallac Networks
94C150	2Wire
94C2BD	Tecnobit
94C2EF	Askey Computer
94C36B	DRD Automation
94C3E4	Atlas Copco IAS
94C4E9	PowerLayer Microsystems HongKong
94C5A6	Itel Mobile
94C691	EliteGroup Computer
94C6EB	NOVA
94C7A8	Jiangsu Huitong
94C7AF	Raylios
94C960	Zhongshan B&T
94C962	Teseq
94C9F3	Bouffalo Lab (Nanjing)
94CA0F	Honeywell Analytics
94CA9A	Paul Vahle
94CBCD	ZTE
94CCB9	CommScope
94CDAC	Creowave
94CDFD	eero
94CE0F	Huawei
94CE2C	Sony
94CE31	CTS
94CFB0	Huawei
94D00D	Huawei
94D019	Cydle
94D029	OPPO
94D075	CIS Crypto
94D299	Techmation
94D2BC	Huawei
94D331	Xiaomi
94D417	GPI Korea
94D469	Cisco
94D505	Fiberhome Telecommunication
94D54D	Huawei
94D60E	shenzhen yunmao information
94D6DB	NexFi
94D723	Shanghai DareGlobal
94D771	Samsung
94D859	TCT mobile
94D86B	nass magnet Hungária Kft
94D93C	Enelps
94D9B3	TP-Link
94DB49	Sitcorp
94DB56	Sony
94DBC9	AzureWave
94DBDA	Huawei
94DC4E	AEV, spol. s r. o
94DD3F	A+V Link
94DDF8	Brother Industries
94DE0E	SmartOptics
94DE80	Giga-byte
94DEB8	Silicon Laboratories
94DF34	Huawei
94DF4E	Wistron InfoComm(Kunshan)Co
94DF58	IJ Electron
94E0D0	HealthStream Taiwan
94E0D6	China Dragon
94E129	Samsung
94E1AC	Hangzhou Hikvision Digital
94E226	D. ORtiz Consulting
94E23C	Intel
94E2FD	Boge Kompressoren OTTO Boge
94E300	Huawei
94E36D	Texas Instruments
94E3EE	ZTE
94E4BA	Huawei
94E686	Espressif
94E6BA	Samsung
94E6F7	Intel
94E70B	Intel
94E711	Xirka Dama Persada PT
94E7EA	Huawei
94E7F3	Huawei
94E848	Fylde Micro
94E8C5	CommScope
94E96A	Apple
94E979	Liteon
94E98C	Nokia
94E9EE	Huawei
94EA32	Apple
94EAE7	Lynq
94EAEA	Tellescom Industria E Comercio EM Telecomunicacao
94EB2C	Google
94EBCD	BlackBerry RTS
94EC13	Hangzhou Ezviz Software
94EC32	Silicon Laboratories
94EE9F	HMD Global
94EF49	BDR Thermea
94EF50	TP-Link
94EF97	Edgecore Americas Networking
94F128	HPE
94F19E	Huizhou Maorong Intelligent
94F278	Elma Electronic
94F2BB	Valeo Vision
94F392	Fortinet
94F524	Chengdu BeiZhongWangXin
94F551	Cadi Scientific Pte
94F665	Ruckus
94F692	Geminico
94F6A3	Apple
94F6D6	Apple
94F6F2	Honor
94F717	CIG Shanghai
94F720	Tianjin Deviser Electronics Instrument
94F7AD	Juniper
94F7BE	Sercomm
94F827	Shanghai Imilab
94F929	Meta Platforms
94FA57	Equalizer
94FAE8	Shenzhen Eycom
94FB29	Zebra
94FBB2	Shenzhen Gongjin Electronics Co.,lt
94FC04	Dongguan Amsamotion Automation
94FC87	Hirschmann Automation and Control
94FD1D	WhereWhen
94FD2E	Shanghai Uniscope
94FE22	Huawei
94FE9D	Shenzhen Gongjin Electronics Co.,lt
94FEF4	Sagemcom
94FF06	HPE
94FF34	Hanshow
94FF3C	Fortinet
94FF61	China Mobile Group Device
94FF7D	AltoBeam
98006A	ZTE
980074	Raisecom
9800C1	GuangZhou CREATOR Technology Co.,Ltd.(CHINA)
9800C6	Apple
9801A7	Apple
980284	Theobroma
98038A	Texas Instruments
98038E	TP-Link
98039B	Mellanox
9803A0	ABB n.v. Power Quality Products
9803CF	Shenzhen Bilian Electronic Co.，ltd
9803D8	Apple
98045F	Huawei
98063A	Home Control Singapore Pte
98063C	Samsung
9806A3	GSD Viet NAM
980709	Huawei
98072D	Texas Instruments
98076A	Apple
980802	ORBIS
980818	AltoBeam
9809CF	OnePlus
980A4B	Nokia
980C33	Silicon Laboratories
980C82	Samsung
980CA5	Motorola
980D2E	HTC
980D51	Huawei
980D67	Zyxel
980D6F	Samsung
980DAF	Apple
980E24	Phytium
980EE4	Private
981082	Nsolution
981094	Shenzhen Vsun communication
9810E8	Apple
9811CC	Ciena
981223	Tarmoc Network
9812B7	Karst.ai
9812E0	Xiaomi
981333	ZTE
9814D2	Avonic
9816CD	leapio
9816EC	IC Intracom
98171A	Xiaomi
98173C	Private
9817F1	ZTE
981888	Cisco Meraki
98192C	Edgecore Networks
981A35	Huawei
981BB5	ASSA ABLOY Korea Co., Ltd iRevo
981C42	Laiier
981CA2	Apple
981DAC	Cyviz
981DFA	Samsung
981E0F	Jeelan (Shanghai Jeelan Technology Information
981E19	Sagemcom
981E89	Tianyi Telecom Terminals
981FB1	Shenzhen Lemon Network
982044	New H3C
98208E	Definium
98226E	Amazon
9822EF	Liteon
98234E	Micromedia
98247B	Huawei
98254A	TP-Link
98256E	Private
98262A	Applied Research Associates
9826AD	Quectel Wireless Solutions
98288B	zhejiang Dusun Electron
9828A6	Compal Information (kunshan)
98291D	Jaguar de Mexico, SA de CV
98293F	Fujian Start Computer Equipment
9829A6	Compal Information (kunshan)
982A0A	Intelbras
982AC3	Silicon Laboratories
982AFD	Huawei
982BA6	Motorola
982CBC	Intel
982CBE	2Wire
982CC6	Sernet (suzhou)
982D56	Resolution Audio
982D68	Samsung
982DBA	Fibergate
982F3C	Sichuan Changhong Electric
982F86	vivo
982FF8	Huawei
983000	Beijing KEMACOM
983071	Daikyung Vascom
983268	Silicon Laboratories
98348C	Great Talent
98349D	Krauss Maffei
983571	Sub10
9835B8	Assembled Products
9835ED	Huawei
983713	PT.Navicom Indonesia
98387D	Itronic
983910	Kaon
98398E	Samsung
9839C0	Flextronics
983A1F	Google
983B16	AMPAK
983B67	DWnet Technologies(Suzhou)
983B8A	Sekisui Jushi CAP-AI System
983B8F	Intel
983C8C	Apple
983DAE	Espressif
983F60	Huawei
983F66	Funshion Online
983F9F	China SSJ (Suzhou) Network
983FA4	ZTE
983FE8	Samsung
9840BB	Dell
9840D4	Vantiva Connected Home - Technologies Telco
98415C	Nintendo
984246	SOL Industry PTE
984265	Sagemcom
9842AB	GN Hearing
9842F5	Apple
9843DA	Intertech
9843FA	Intel
9844B6	Infranor
9844CE	Huawei
984562	Shanghai Baud Data Communication
98460A	Apple
98473C	Shanghai Sunmon Communication Technogy
984744	Shenzhen Boomtech Industrial
984827	TP-Link
984874	Huawei
984914	WNC
984925	Juniper
98499F	Domo Tactical Communications
9849E1	Boeing Defence Australia
984A47	CHG Hospital Beds
984A6B	Ruijie Networks
984B06	Huawei
984B4A	CommScope
984BE1	HP
984C04	Zhangzhou Keneng Electrical Equipment
984CD3	Mantis Deposition
984E8A	Samsung
984E97	Starlight Marketing (H. K.)
984FEE	Intel
98502E	Apple
9850A3	Signaltek JSC
9851FC	Huawei
985207	Huawei
98523D	Sunitec Enterprise
98524A	Vantiva USA
9852B1	Samsung
98535F	Huawei
98541B	Intel
9857D3	Foxconn
98588A	Sysgration
985945	Texas Instruments
985949	Luxottica
98597A	Intel
985A98	Huawei
985AEB	Apple
985B76	Vantiva Connected Home - Orange Belgium
985BB0	Kmdata
985C93	SBG
985D46	PeopleNet Communication
985D82	Arista Networks
985DAD	Texas Instruments
985E1B	ConversDigital
985F41	Intel
985F4F	Tongfang Computer
985FD3	Microsoft
986022	EMW
9860CA	Apple
986110	Huawei
986297	Shenzhen Techwinsemi
986610	ZTE
9866EA	Industrial Control Communications
98672E	Skullcandy
98698A	Apple
986B3D	CommScope
986C5C	Jiangxi Gosun Guard Security
986CF5	ZTE
986DC8	Toshiba Mitsubishi-electric Industrial
986F60	OPPO
9870E8	Innatech SDN BHD
9873C4	Sage Electronic Engineering
98743D	Shenzhen Jun Kai Hengye
9874DA	Infinix mobility
98751A	Huawei
987552	Xiaomi
987596	EM Microelectronic
9876B6	Adafruit
987770	Pep Digital Technology (Guangzhou)
9877CB	Vorteks ED
9877D5	WiZ
9877E7	Kaon
987800	TCT mobile
987A10	Ericsson
987A14	Microsoft
987A9B	TCL Moka
987BF3	Texas Instruments
987DDD	China Mobile Group Device
987E46	Emizon Networks
987EB5	Huawei
987ECA	Inventus Power Eletronica do Brasil LTDA
987EE3	vivo
9880EE	Samsung
98818A	Huawei
988217	Disruptive
988389	Samsung
9884E3	Texas Instruments
98865D	Nokia
98868B	Juniper
9886B1	Flyaudio corporation (China)
988744	Wuxi Hongda Science and
98874C	Servercom (india) Private
98876C	Huawei
9887CC	AltoBeam
98886C	Huawei
9888E0	Espressif
988924	Texas Instruments
9889ED	Anadem Information
988B0A	Hangzhou Hikvision Digital
988B5D	Sagemcom
988B69	Shenzhen hylitech
988BAD	Corintech
988CB3	Sichuan Tianyi Comheart Telecom
988D46	Intel
988E34	Zhejiang Boxsam Electronic
988E4A	Noxus(beijing)
988E79	Qudelix
988ED4	Itel Mobile
988EDD	TE Connectivity Limerick
988F00	HPE
989080	Linkpower Network System
989096	Dell
9893CC	LG
989449	Skyworth Wireless
9897CC	TP-Link
9897D1	MitraStar
9898FB	Google
989AB9	ZTE
989BCB	AVM (FRITZ!Box)
989C57	Huawei
989D39	China Mobile Group Device
989D40	Miwa Lock
989D5D	Vantiva USA
989DB2	GOIP Global Services Pvt
989DE5	Hangzhou Hikvision Digital
989E63	Apple
989E80	tonies
989E85	Honor
989F1A	Private
989F1E	Huawei
98A14A	Quectel Wireless Solutions
98A2C0	Cisco
98A316	Espressif
98A33C	Shenzhen Cultraview Digital
98A375	Huawei
98A404	Ericsson
98A40E	Snap
98A44E	IEC Technologies S. de R.L de C.V
98A5F9	Apple
98A7B0	Mcst ZAO
98A829	AltoBeam
98A878	Agnigate Technologies Private
98A92D	New H3C
98A942	Tozed Kangwei
98A965	AVM (FRITZ!Box)
98AA3C	Will i-tech
98AAD7	Blue Wave Networking
98AB15	Fujian Youyike
98ACEF	Realme Chongqing Mobile Telecommunications
98AD1D	Huawei
98AE71	VVDN Technologies Pvt
98AF65	Intel
98B039	Nokia
98B08B	Samsung
98B177	EYKON Solutions
98B379	Apple
98B3EF	Huawei
98B6E9	Nintendo
98B71E	Infinix mobility
98B785	Shenzhen 10Gtek Transceivers
98B8BA	LG
98B8BC	Samsung
98B8E3	Apple
98BA39	Doro
98BA5F	TP-Link
98BB1E	BYD Precision Manufacture
98BB99	Phicomm (Sichuan)
98BC57	SVA
98BC99	Edeltech
98BD80	Intel
98BE94	IBM
98BEDC	Honor
98BFF4	Markin
98C08A	Huawei
98C0EB	Global Regency
98C377	Espressif
98C3D2	Ningbo Sanxing Medical Electric
98C5B3	New H3C
98C5DB	Ericsson
98C7A4	Shenzhen HS Fiber Communication Equipment
98C81C	Baytec
98C845	PacketAccess
98C854	Chiun Mai Communication System
98C8B8	vivo
98C97C	Shenzhen iComm Semiconductor
98C9BE	Shenzhen SDMC
98CA20	Shanghai SIMCOM
98CA33	Apple
98CAB5	Apple
98CB27	Galore Networks Pvt
98CB38	Boxin Communications Limited Liability
98CBA4	Benchmark
98CC4D	Shenzhen mantunsci
98CCD9	Shenzhen SuperElectron
98CCE4	Shenzhen Mindray Animal Medical
98CCF3	Amazon
98CDAC	Espressif
98CDB4	Virident
98CF53	BBK Educational
98CF7D	Apple
98D293	Google
98D331	Shenzhen Bolutek
98D3D2	MEKRA Lang
98D3D7	Huawei
98D3E7	Netafim L
98D686	Chyi Lee industry
98D6BB	Apple
98D6F7	LG
98D742	Samsung
98D7E1	Cisco
98D863	Shanghai High-Flying
98D88C	Nortel Networks
98D93D	Demant Enterprise
98DA92	Vuzix
98DAC4	TP-Link
98DCD9	Unitec
98DD5B	Takumi Japan
98DD60	Apple
98DDEA	Infinix mobility
98DED0	TP-Link
98DF82	Hangzhou Hikvision Digital
98E081	Xiaomi
98E0D9	Apple
98E165	Accutome
98E255	Nintendo
98E301	Shenzhen Sundray
98E476	Zentan
98E55B	Intelbras
98E743	Dell
98E79A	Foxconn
98E7D5	NXP Semiconductor (Tianjin)
98E7F4	HP
98E7F5	Huawei
98E848	Axiim
98E859	Apple
98E8FA	Nintendo
98EC65	Cosesy ApS
98ED5C	Tesla
98ED7E	eero
98EDCA	Fiberhome Telecommunication
98EE8C	ZTE
98EE94	Xiaomi
98EECB	Wistron Infocomm (Zhongshan)
98EF9B	Ohsung
98F04C	Cisco
98F058	Lynxspring, Incl
98F07B	Texas Instruments
98F083	Huawei
98F0AB	Apple
98F112	Hangzhou Hikvision Digital
98F170	Murata
98F181	New H3C
98F199	NEC Platforms
98F1AE	Senaisc
98F217	Castlenet
98F2B3	HPE
98F364	Yantai Dongfang Wisdom Elrctic
98F3F6	Huawei
98F428	ZTE
98F487	Texas Instruments
98F4AB	Espressif
98F537	ZTE
98F5A9	Ohsung
98F621	Xiaomi
98F67A	Chipsea Technologies (Shenzhen) Crop
98F781	CommScope
98F7D7	CommScope
98F8C1	IDT
98F8DB	Marini Impianti Industriali
98F9CC	Zhejiang Dahua
98FA2E	Sony
98FA9B	LCFC(Hefei)
98FAA7	Innonet
98FAE3	Xiaomi
98FB12	Grand Electronics (HK)
98FB27	Samsung
98FBF5	Atraltech
98FC11	Linksys
98FD74	ACT
98FDB4	Primax
98FE03	Ericsson - North America
98FE3E	Intel
98FE54	Raspberry Pi
98FE94	Apple
98FEE1	Apple
98FF6A	OTEC(Shanghai)Technology
98FFD0	Lenovo
9C00D3	Shenzhen IK World
9C0111	Shenzhen Newabel Electronic
9C0213	NXP Semiconductors Germany
9C0298	Samsung
9C0351	Huawei
9C039E	Beijing Winchannel Software
9C0473	Tecmobile (International)
9C04B6	Quectel Wireless Solutions
9C04EB	Apple
9C0567	Honor
9C0591	Mellanox
9C05D6	Ubiquiti
9C061B	Hangzhou H3C
9C066E	Hytera Communications
9C06CF	PLAUD
9C0971	New H3C
9C098B	Cisco
9C09CA	Huawei
9C0AB3	Vantiva USA
9C0B05	eero
9C0C35	Shenzhenshi Xinzhongxin
9C0CDF	OPPO
9C0DAC	Tymphany HK
9C0E4A	Shenzhen Vastking Electronic
9C0E51	Schneider Electric
9C1221	Sichuan AI-Link
9C139E	Espressif
9C13AB	Chanson Water
9C1463	Zhejiang Dahua
9C1465	Edata Elektronik San. ve Tic. A.Ş
9C1874	Nokia
9C19C2	Dongguan Liesheng Electronic
9C1A25	Apple
9C1C12	HPE
9C1C37	AltoBeam
9C1C6D	Hefei Datang Storage
9C1D36	Huawei
9C1D58	Texas Instruments
9C1E95	Actiontec
9C1EA4	Renesas Electronics (Penang) Sdn. Bhd
9C1ECE	ALT
9C1ECF	Valeo Telematik und Akustik
9C1FCA	Hangzhou AlmightyDigit
9C1FDD	Accupix
9C1FE6	Shenzhen Skyworth Display
9C207B	Apple
9C216A	TP-Link
9C2183	Broadcom
9C220E	Tascan
9C2410	Bouffalo Lab (Nanjing)
9C2472	Sagemcom
9C2595	Samsung
9C25BE	Wildlife Acoustics
9C2840	Discovery
9C28B3	Apple
9C28BF	AUMOVIO Czech Republic s.r.o
9C28EF	Huawei
9C28F7	Xiaomi
9C293F	Apple
9C2976	Intel
9C2A70	Foxconn
9C2A83	Samsung
9C2BA6	Ruijie Networks
9C2D49	Nanowell Info
9C2DCD	LCFC(Hefei)
9C2DCF	Shishi Tongyun Technology(Chengdu)Co
9C2E7A	Samsung
9C2EA1	Xiaomi
9C2F4E	ZTE
9C2F73	Universal Tiancheng Technology (Beijing)
9C2F9D	Liteon
9C305B	Foxconn
9C3066	RWE Effizienz
9C3178	Foshan Huadian Intelligent Communications Teachnologies
9C31B6	Kulite Semiconductor Products
9C31C3	SKY UK
9C32A9	Sichuan Tianyi Comheart Telecom
9C32CE	CANON
9C3312	Treon
9C3426	CommScope
9C3583	Nipro Diagnostics
9C35EB	Apple
9C36F8	Hyundai Kefico
9C3708	HPE
9C37CB	Sony
9C37F4	Huawei
9C3818	Cisco
9C3928	Samsung
9C3A9A	Shenzhen Sundray
9C3AAF	Samsung
9C3B91	VSSL
9C3DCF	Netgear
9C3E53	Apple
9C3EAA	EnvyLogic
9C40CD	Synclayer
9C417C	Hame
9C443D	Chengdu Xuguang
9C44A6	SwiftTest
9C4563	DIMEP Sistemas
9C45F0	Skylark Electronics PVT
9C4711	Accton
9C4782	TP-Link
9C47F4	Nokia
9C47F9	LJU Automatisierungstechnik
9C4929	Huawei
9C4952	Dongguan Liesheng Electronic
9C497F	Integrated Device Technology (Malaysia) Sdn. Bhd
9C4A7B	Nokia
9C4B6B	iFlight
9C4CAE	Mesa Labs
9C4DC2	Cisco
9C4E20	Cisco
9C4E36	Intel
9C4E8E	ALT
9C4EBF	BoxCast
9C4F5F	Google
9C4FAC	ZTE
9C4FCF	TCT mobile
9C4FDA	Apple
9C50D1	Murata
9C50EE	Cambridge Industries(Group)
9C5187	Sunitec
9C52F8	Huawei
9C5322	TP-Link
9C5385	PT. Hartono Istana Teknologi
9C53CD	Engicam
9C5416	Cisco
9C541C	Shenzhen My-power
9C5440	ChengDu TD
9C5467	Nokia
9C54C2	New H3C
9C54CA	Zhengzhou VCOM Science and
9C54DA	SkyBell
9C558F	Lockin Technology(Beijing)
9C55B4	I.S.E
9C5636	Huawei
9C5711	Feitian Xunda(Beijing) Aeronautical Information
9C5766	Huawei
9C57AD	Cisco
9C57BC	eero
9C583C	Apple
9C5884	Apple
9C5A44	Compal Information (kunshan)
9C5A80	Juniper
9C5A81	Xiaomi
9C5A8A	DJI Baiwang
9C5B96	NMR
9C5C8D	Firemax Indústria E Comércio DE Produtos Eletrônicos Ltda
9C5C8E	ASUS
9C5CF9	Sony
9C5D12	Extreme Networks
9C5D95	VTC
9C5E73	Calibre UK
9C5F5A	OPPO
9C5FB0	Samsung
9C6076	Apple
9C611D	Panasonic Corporation of North America
9C6121	Sichuan Tianyi Comheart Telecom
9C61D7	Huawei
9C62AB	Sumavision
9C635B	ZTE
9C63C0	Mellanox
9C63ED	ZTE
9C645E	Harman Consumer
9C648B	Apple
9C64A1	Silicon Laboratories
9C65B0	Samsung
9C65EB	Intel
9C65EE	Zhone
9C65F9	AcSiP
9C65FA	AcSiP
9C6650	Glodio Technolies Co.,Ltd Tianjin Branch
9C6697	Cisco
9C67D6	Intel
9C685B	Octonion
9C6865	Fiberhome Telecommunication
9C6937	Qorvo International Pte
9C69D1	Huawei
9C69D3	ASIX
9C69ED	Arista Networks
9C6ABE	QEES ApS
9C6B00	ASRock Incorporation
9C6B37	Renesas Electronics (Penang) Sdn. Bhd
9C6B72	Realme Chongqing MobileTelecommunications
9C6BF0	Shenzhen Yipingfang Network
9C6C15	Microsoft
9C6D92	Shanghai Kanghai Infomation System
9C6F52	ZTE
9C713A	Huawei
9C7370	Huawei
9C73B1	Samsung
9C7403	OPPO
9C741A	Huawei
9C746F	Huawei
9C7514	Wildix
9C756E	Ajax Systems DMCC
9C760E	Apple
9C7613	Ring
9C77AA	Nadasnv
9C79AC	Suntec Software(Shanghai)
9C79E3	Apple
9C7A03	Ciena
9C7BD2	NEOLAB Convergence
9C7BEF	HP
9C7C1E	Cloud Network Technology Singapore PTE
9C7DA3	Huawei
9C7DC0	Tech4home, Lda
9C7F57	UNIC Memory
9C7F64	Nanjing Qinheng Microelectronics
9C7F81	Shenzhen Fast
9C803D	TCT mobile
9C807D	SYSCABLE Korea
9C80DF	Arcadyan
9C823F	Huawei
9C8275	Yichip Microelectronics (Hangzhou)
9C8281	vivo
9C8306	Samsung
9C83BF	Pro-vision
9C84B6	Shenzhen iComm Semiconductor
9C84BF	Apple
9C8566	Wingtech Mobile Communications
9C862B	Motorola
9C86DA	Phoenix Geophysics
9C8824	PetroCloud
9C8888	Simac Techniek
9C88AD	Fiberhome Telecommunication
9C891E	FireBrick
9C8ACB	Juniper
9C8BA0	Apple
9C8BF1	The Warehouse
9C8C6E	Samsung
9C8CD8	HPE
9C8D1A	INTEG process
9C8D7C	Alpsalpine
9C8DD3	Leonton
9C8E99	HP
9C8E9C	Huawei
9C8ECD	Amcrest
9C8EDC	Teracom
9C8FA9	Genexis
9C9019	Beyless
9C924F	Apple
9C934E	Xerox
9C935C	Unisyue Technologies Co;LTD
9C93B0	Megatronix (Beijing)
9C93E4	Private
9C9561	Hui Zhou Gaoshengda
9C9567	Huawei
9C956E	Microchip
9C95F8	SmartDoor
9C9613	Lenovo
9C961B	IFTER Jerzy Taczalski
9C96D5	Espressif
9C971B	Intel
9C9726	Vantiva Technologies Belgium
9C9774	Huawei
9C9789	1MORE
9C9793	Huawei
9C9811	Guangzhou Sunrise Electronics Development
9C99A0	Xiaomi
9C99CD	Voippartners
9C9AC0	LEGO System
9C9C1D	Starkey Labs
9C9C1F	Espressif
9C9C40	Sichuan Tianyi Comheart Telecom
9C9D07	Fn-link
9C9D5D	Raden
9C9D7E	Xiaomi
9C9E03	awayfrom
9C9E6E	Espressif
9C9E71	Huawei
9C9ED5	Xiaomi
9CA10A	Scle SFE
9CA118	Huawei
9CA134	Nike
9CA2F4	TP-Link
9CA389	Nokia
9CA3A9	Guangzhou Juan Optical and Electronical Tech Joint Stock
9CA3BA	SAKURA Internet
9CA513	Samsung
9CA525	Shandong USR IOT
9CA570	eero
9CA577	Osorno Enterprises
9CA5C0	vivo
9CA615	TP-Link
9CA69D	Whaley
9CA6D8	Fiberhome Telecommunication
9CA9B8	Cisco
9CA9C5	Apple
9CA9E4	ZTE
9CAA1B	Microsoft
9CAA5D	OPPO
9CAC6D	Universal
9CAD97	Foxconn
9CADEF	Obihai
9CAED3	Epson
9CAF6F	Itel Mobile
9CAFCA	Cisco
9CB008	Ubiquitous Computing
9CB150	Intel
9CB1DC	Earda
9CB206	HMS Industrial Networks
9CB2B2	Huawei
9CB2E8	Huawei
9CB400	ZTE
9CB654	HP
9CB6D0	Rivet Networks
9CB70D	Liteon
9CB793	Creatcomm
9CB8B4	AMPAK
9CBAC9	Telit Communication
9CBB98	Shen Zhen RND Electronic
9CBCA6	HPE
9CBCF0	Xiaomi
9CBD6E	DERA
9CBD9D	SkyDisk
9CBEE0	Biosoundlab
9CBF0D	Framework Computer
9CBFCD	Huawei
9CC077	PrintCounts
9CC0D2	Conductix-Wampfler
9CC12D	GD Midea Air-Conditioning Equipment
9CC172	Huawei
9CC2C4	IEIT
9CC394	Apple
9CC7A6	AVM (FRITZ!Box)
9CC7B1	Elitegroup Computer
9CC7D1	SHARP
9CC7D3	AzureWave
9CC893	Juniper
9CC8AE	Becton, Dickinson and
9CC8E9	Amazon
9CC8FC	CommScope
9CC950	Baumer Holding
9CC9EB	Netgear
9CCAD9	Nokia
9CCBF7	Cloud Star
9CCC01	Espressif
9CCC83	Juniper
9CCD42	Dongguan Liesheng Electronic
9CCD82	Cheng UEI Precision Industry
9CCE22	PROMED Soest
9CCE88	Ruijie Networks
9CD1D0	Guangzhou Ronsuo Electronic
9CD21E	Foxconn
9CD24B	ZTE
9CD332	PLC
9CD35B	Samsung
9CD36D	Netgear
9CD48B	Innolux Technology Europe
9CD4A6	Servercom (india) Private
9CD57D	Cisco
9CD643	D-Link
9CD8E3	Wuhan Huazhong Numerical Control
9CD917	Motorola
9CD9CB	Lesira Manufacturing
9CDA36	Tecno Mobile
9CDA3E	Intel
9CDAA8	Apple
9CDAB7	HPE
9CDB07	Yellowtec
9CDBAF	Huawei
9CDBCB	Funshion Online
9CDC71	HPE
9CDC99	Extreme Networks
9CDD1F	Intelligent Steward
9CDE4D	ML vision
9CDEF0	Jiangxi Risound
9CDF03	Harman/Becker Automotive
9CDF8A	Huawei
9CDFB1	Shenzhen Crave Communication
9CDFB3	NXP Semiconductor (Tianjin)
9CE041	Nokia
9CE063	Samsung
9CE10E	NCTech
9CE176	Cisco
9CE1D6	Junger Audio-Studiotechnik
9CE230	Julong
9CE330	Cisco Meraki
9CE33F	Apple
9CE374	Huawei
9CE635	Nintendo
9CE65E	Apple
9CE6E7	Samsung
9CE7BD	Winduskorea
9CE82B	vivo
9CE895	New H3C
9CE91C	ZTE
9CE91E	Tejas Networks
9CE951	Shenzhen Sang Fei Consumer Communications
9CEA97	Honor
9CEBE8	BizLink (Kunshan)
9CEC61	Huawei
9CEDFA	EVUlution
9CEFD5	Panda Wireless
9CF029	Integrated Device Technology (Malaysia) Sdn. Bhd
9CF155	Nokia
9CF1D4	Roku
9CF27E	Samsung
9CF387	Apple
9CF3AC	Apple
9CF48E	Apple
9CF531	OPPO
9CF55F	Harman/Becker Automotive
9CF61A	Carrier Fire & Security
9CF67D	Ricardo Prague, s.r.o
9CF86B	AgiTech Distribution Limited - Linki
9CF8B8	Shenzhen Skyworth Digital
9CF8DB	shenzhen eyunmei
9CF938	Areva NP
9CF9A1	Juniper
9CFA3C	Daeyoung
9CFA76	Apple
9CFA96	T3
9CFB77	OPPO
9CFBD5	vivo
9CFBF1	Mesomatic
9CFC01	Apple
9CFC28	Apple
9CFCD1	Aetheris Technology (Shanghai)
9CFCE8	Intel
9CFEA1	Fiberhome Telecommunication
9CFFBE	OTSL
9CFFC2	AVI
A0004C	Hisense Visual
A002A5	Intel
A002DC	Amazon
A00363	Robert Bosch Healthcare
A0043E	Parker Hannifin Manufacturing Germany
A00460	Netgear
A00627	NEXPA System
A00798	Samsung
A007B6	Advanced Technical Support
A0086F	Huawei
A0092E	ZTE
A0094C	CenturyLink
A009ED	Avaya
A00A9A	Huawei
A00ABF	Wieson
A00BBA	Samsung
A00CA1	SKTB SKiT
A00CE2	Shenzhen Shokz
A00E98	Huawei
A00F37	Cisco
A01077	ZTE
A01081	Samsung
A01217	OPPO
A01290	Avaya
A012DB	Tabuchi Electric
A0133B	HiTi Digital
A013CB	Fiberhome Telecommunication
A0143D	Parrot
A0146D	Suzhou NODKA Automation
A0165C	Triteka
A017F1	Allwinner
A01828	Apple
A01842	Comtrend
A01859	Shenzhen Yidashi
A01917	Bertel
A01AE3	Edgecore Americas Networking
A01B04	Hefei Huanxin Microelectronics
A01B29	Sagemcom
A01B9E	Samsung
A01BD6	Nautitech Mining
A01C05	Nimax Telecom
A01C87	Union MAN
A01C8D	Huawei
A01D48	HP
A01E0B	MINIX
A020A6	Espressif
A0218B	ACE Antenna
A02195	Samsung
A021AA	China Mobile Group Device
A021B7	Netgear
A02252	Astra Wireless Technology FZ-LLC
A022DE	vivo
A0231B	TeleComp R&D
A0239F	Cisco
A02442	Shenzhenshi Xinzhongxin
A024F9	Chengdu InnovaTest
A025D7	HPE
A02605	Belden Hirschmann industries (Suzhou)
A027B6	Samsung
A02884	Garmin
A028ED	HMD Global
A02919	Dell
A02942	Intel
A029BD	Team
A02B44	WaveGo
A02BB8	HP
A02C36	Fn-link
A02D13	AirTies Wireless Networks
A02DDB	Sagemcom
A02EF3	United Integrated Services Co., Led
A03131	Procenne Digital Security
A031DB	Huawei
A031EB	Semikron Elektronik
A03299	Lenovo
A0334F	Cisco
A0341B	Adero
A03679	Huawei
A0369F	Intel
A036BC	ASUS
A036F0	Comprehensive Power
A036FA	Ettus Research
A03768	Shenzhen E-Life Intelligence
A038F8	OURA Health
A03975	Leo Bodnar
A039EE	Sagemcom
A039F7	LG
A039F9	Sagemcom
A03A75	PSS Belgium N.V
A03B01	Kyung In
A03B1B	Inspire
A03BE3	Apple
A03C20	Sagemcom
A03C31	Shenzhen Belon
A03D6E	Cisco
A03D6F	Cisco
A04025	Actioncable
A04041	Samwonfa
A0406F	Huawei
A040A0	Netgear
A0412D	Lansen
A04147	Huawei
A0415E	Opsens Solution
A041A7	NL Ministry of Defense
A0423F	Tyan Computer
A04246	IT Telecom
A042D1	Huawei
A043B0	Hangzhou BroadLink
A043DB	Sitael
A0445C	Huawei
A04466	Intellics
A044B7	PAX Computer Technology(Shenzhen)
A044F3	RafaelMicro
A0465A	Motorola
A0479B	Procitec
A047D7	Best IT World (India) Pvt
A0481C	HP
A04839	Huawei
A04A5E	Microsoft
A04C0C	Shenzhen Skyworth Digital
A04C5B	Shenzhen TINNO Mobile
A04CC1	Helixtech
A04E01	Central Engineering
A04E04	Nokia
A04E8D	Cisco Meraki
A04EA7	Apple
A04ECF	Apple
A04F52	Intel
A04F85	LG
A04FD4	ADB Broadband Italia
A04FE4	PAX Computer Technology(Shenzhen)
A0510B	Intel
A051C6	Avaya
A05272	Apple
A052AB	AVM (FRITZ!Box)
A05394	Shenzhen zediel
A0551F	Sagemcom
A0552E	ZTE
A0554F	Cisco
A055DE	CommScope
A0562C	Samsung
A056B2	Harman/Becker Automotive
A056F3	Apple
A057E3	Huawei
A05866	Qorvo Utrecht
A05911	Cisco Meraki
A0593A	V.D.S. Video Display
A05950	Intel
A05AA4	Grand Products Nevada
A05B21	Envinet
A05D0E	Alpsalpine
A05DC1	TMCT
A05DE7	Directv
A05E6B	Melper
A06032	Amcrest
A06090	Samsung
A06260	Private
A062FB	Hisense Visual
A06391	Netgear
A0648F	Askey Computer
A06518	VNPT
A06610	Fujitsu
A06636	Intracom SA Telecom Solutions
A06720	China Dragon
A067BE	Sicon
A067D6	Nokia
A0681C	GD Midea Air-Conditioning Equipment
A0687E	CommScope
A06974	Honor
A06986	Wellav
A069D9	New H3C
A06A00	Verilink
A06A44	Vizio
A06B4A	TCT mobile
A06C65	Texas Instruments
A06CEC	RIM
A06D09	Intelcan Technosystems
A06E50	Nanotek Elektronik Sistemler Ltd. Sti
A06FAA	LG
A07099	Beijing Huacan
A070B7	Huawei
A071A9	Nokia
A0722C	HUMAX
A072E4	NJ System
A07332	Cashmaster
A073FC	Rancore Technologies Private
A07591	Samsung
A075EA	BoxLock
A0764E	Espressif
A07751	ASMedia
A07771	Vialis
A0779E	Chipsea Technologies (Shenzhen)
A07817	Apple
A0782D	Apple
A078BA	Pantech
A07D42	Compal Information (kunshan)
A07D9C	Samsung
A07E16	EM Microelectronic
A07F8A	Sagemcom
A08069	Intel
A0821F	Samsung
A08222	Qingdao Haier
A082AC	Linear DMS Solutions Sdn. Bhd
A082C7	P.T.I
A083B4	Velorum
A084CB	SonicSensory
A08527	Intel
A085E3	Espressif
A085FC	Microsoft
A0861D	Chengdu Fuhuaxin
A086C6	Xiaomi
A086EC	Saehan Hitec
A087BE	Apple
A0885E	Anhui Xiangyao New Energy
A08869	Intel
A0889D	Huawei
A088B4	Intel
A088C2	Mellanox
A08966	CIG Shanghai
A089E4	Skyworth Digital Technology(Shenzhen)
A08A06	Askey Computer
A08A87	HuiZhou KaiYue Electronic
A08C15	Gerhard D. Wempe
A08C9B	Xtreme
A08CF2	Yinuolink
A08CF8	Huawei
A08CFD	HP
A08D16	Huawei
A08E24	eero
A08E78	Sagemcom
A090B5	Tiinlab
A090DE	Veedims
A09169	LG
A091A2	OnePlus
A091C8	ZTE
A091CA	Nokia
A09208	Tuya Smart
A09347	OPPO
A09351	Cisco
A0941A	OPPO
A0946A	Shenzhen XGTEC
A0950C	China Mobile IOT
A0957F	Sernet (suzhou)
A09805	OpenVox Communication
A09857	Shenzhen ELINK
A098ED	Shandong Intelligent Optical Communication Development
A09921	GD Midea Air-Conditioning Equipment
A0999B	Apple
A09A0C	Honor
A09A52	Shenzhen MoreSense
A09A5A	Time Domain
A09A8E	Apple
A09B12	China Mobile IOT
A09B17	Taicang T&W
A09BBD	Total Aviation Solutions
A09C19	CIG Shanghai
A09CC2	Nokia
A09D22	Apple
A09D86	Alcatel-Lucent Shanghai Bell
A09D91	SoundBridge
A09DC1	China Dragon
A09E1A	Polar Electro
A09F10	Shenzhen Bilian Electronic Co.，ltd
A09F7A	D-Link
A0A001	HPE
A0A0DC	Huawei
A0A130	DLI Taiwan Branch office
A0A23C	GPMS
A0A309	Apple
A0A33B	Huawei
A0A3B3	Espressif
A0A3B8	Wiscloud
A0A3E2	Actiontec
A0A3F0	D-Link
A0A47F	Cisco
A0A4C5	Intel
A0A65C	Supercomputing
A0A763	Polytron Vertrieb
A0A8CD	Intel
A0AAFD	EraThink
A0AB1B	D-Link
A0AB51	Weifang Goertek
A0AC69	Samsung
A0AC78	Shenzhen iComm Semiconductor
A0AD62	Huawei
A0AD9F	ASUS
A0ADA1	JMR
A0AF12	Huawei
A0AFBD	Intel
A0B045	Halong Mining
A0B086	Hirschmann Automation and Control
A0B0BD	Samsung
A0B100	ShenZhen Cando
A0B15C	Google
A0B339	Intel
A0B3CC	HP
A0B40F	Apple
A0B437	GD Mission
A0B439	Cisco
A0B4A5	Samsung
A0B4BF	InfiNet
A0B53C	Vantiva Technologies Belgium
A0B549	Arcadyan
A0B5DA	HongKong THTF
A0B662	Acutvista Innovation
A0B765	Espressif
A0B8F8	Amgen U
A0B9ED	Skytap
A0BAB8	Pixon Imaging
A0BC6F	Cisco
A0BD1D	Zhejiang Dahua
A0BD71	Qualcomm
A0BDCD	SKY UK
A0BF50	S.c. Add-production
A0BFA5	Coresys
A0C016	Sichuan Changhong Network
A0C1C5	Apple
A0C20D	Huawei
A0C2DE	Costar Video
A0C3DE	Triton Electronic
A0C4A5	Sygn House
A0C562	CommScope
A0C589	Intel
A0C6A5	Lierda Science
A0C6EC	ShenZhen ANYK
A0C773	Chipsea Technologies (Shenzhen)
A0C7D2	Cisco
A0C926	Huawei
A0C98B	Nokia
A0C9A0	Murata
A0CA4A	AltoBeam
A0CAA5	Intelligence Technology OF CEC
A0CBFD	Samsung
A0CC2B	Murata
A0CDF3	Murata
A0CEC8	CE Link
A0CF5B	Cisco
A0CFF5	ZTE
A0D05B	Samsung
A0D0DC	Amazon
A0D12A	AXPRO
A0D1B3	Apple
A0D2B1	Amazon
A0D365	Intel
A0D37A	Intel
A0D385	AUMA Riester
A0D3C1	HP
A0D42D	G
A0D635	WBS
A0D722	Samsung
A0D795	Apple
A0D7A0	Huawei
A0D7F3	Samsung
A0D807	Huawei
A0D83D	Fiberhome Telecommunication
A0D86F	Argo AI
A0D91A	Texas Instruments
A0DA92	Nanjing Glarun Atten
A0DC04	Becker-Antriebe
A0DD6C	Espressif
A0DD97	PolarLink
A0DDE5	SHARP
A0DE05	JSC "Irbis-T"
A0DE0F	Huawei
A0DF15	Huawei
A0E025	Provision-ISR
A0E06D	Fiberhome Telecommunication
A0E0AF	Cisco
A0E201	AVTrace Ltd.(China)
A0E25A	Amicus SK, s.r.o
A0E295	DAT System
A0E390	Apple
A0E453	Sony
A0E4CB	Zyxel
A0E534	Stratec Biomedical
A0E5E9	enimai
A0E617	MATIS
A0E6F8	Texas Instruments
A0E70B	Intel
A0E7AE	CommScope
A0E922	Optiemus
A0E9DB	Ningbo FreeWings
A0EB76	AirCUVE
A0EC80	ZTE
A0ECF9	Cisco
A0ED6D	Ubee Interactive
A0EDCD	Apple
A0EDFB	Quectel Wireless Solutions
A0EE1A	Apple
A0EEEE	CIG Shanghai
A0EF84	Seine Image Int'l
A0F217	GE Medical System(China)
A0F261	Palo Alto Networks
A0F262	Espressif
A0F3C1	TP-Link
A0F3E4	Alcatel-Lucent IPD
A0F419	Nokia
A0F450	HTC
A0F459	Fn-link
A0F479	Huawei
A0F509	IEI Integration
A0F6FD	Texas Instruments
A0F7C3	Ficosa Automotive SLU
A0F849	Cisco
A0F895	Shenzhen TINNO Mobile
A0F9B7	Ademco Smart Homes Technology(Tianjin)Co
A0F9E0	Vivatel
A0FA9C	Weifang Goertek
A0FAC8	Huawei
A0FB68	Miba Battery
A0FB83	Honor
A0FBC5	Apple
A0FC6E	Telegrafia a.s
A0FDD9	Unionman
A0FE61	Vivint Wireless
A0FE91	AVAT Automation
A0FF0C	Hangzhou Hikvision Digital
A0FF22	Shenzhen Apical
A0FF70	Vantiva USA
A0FFFD	HMD Global
A4004E	Cisco
A400E2	Huawei
A40130	ABIsystems
A401DE	Sercomm
A402B7	Amazon
A402B9	Intel
A40450	nFore
A4056E	Tiinlab
A4059E	STA Infinity LLP
A405D6	CommScope
A405FD	Bouffalo Lab (Nanjing)
A406E9	Texas Instruments
A407B6	Samsung
A40801	Amazon
A40853	Nokia
A408EA	Murata
A408F5	Sagemcom
A40987	Apple
A409B3	Huawei
A409CB	Alfred Kaercher GmbH &amp;
A40B78	Fast Photonics HK
A40BED	Carry
A40C66	Shenzhen Colorful Yugong Technology and Development
A40CC3	Cisco
A40DBC	Xiamen Intretech
A40E2B	Facebook
A40E75	HPE
A40F25	eero
A40F98	OPPO
A410B6	Cisco
A41115	Robert Bosch Engineering and Business Solutions pvt
A41162	Arlo
A41194	Lenovo
A411BB	Cisco
A41232	OPPO
A41242	NEC Platforms
A4134E	Luxul
A41437	Hangzhou Hikvision Digital
A41566	Weifang Goertek
A41588	CommScope
A416C0	Apple
A416E7	Huawei
A41731	Foxconn
A41752	Hifocus Electronics India Private
A4178B	Huawei
A41791	Shenzhen Decnta
A41875	Cisco
A41894	Iqsight
A41908	Fiberhome Telecommunication
A41A3A	TP-Link
A41A6E	ZTE
A41B34	China Mobile Group Device
A41BC0	Fastec Imaging
A41CB4	DFI
A41EE1	Taicang T&W
A41F72	Dell
A4218A	Nortel Networks
A42249	Sagemcom
A422B6	Motorola
A42305	Open Networking Laboratory
A424B3	FlatFrog Laboratories
A424DD	Cambrionix
A4251B	Avaya
A42618	Integrated Device Technology (Malaysia) Sdn. Bhd
A42655	LTI Motion (Shanghai)
A426CA	Intel
A427A5	Palo Alto Networks
A428B7	Yangtze Memory
A42902	Hangzhou Hikvision Digital
A42940	Shenzhen YOUHUA
A42983	Boeing Defence Australia
A42985	Sichuan AI-Link
A429B7	bluesky
A42A26	GD Midea Air-Conditioning Equipment
A42A71	Sichuan Tianyi Comheart Telecom
A42A95	D-Link
A42B8C	Netgear
A42BB0	TP-Link
A42C08	Masterwork Automodules
A42DF1	Motorola
A4307A	Samsung
A43111	ZIV
A43135	Apple
A433D1	Fibrlink Communications
A433D7	MitraStar
A43412	Thales Alenia Space
A434D9	Intel
A434F1	Texas Instruments
A43523	Guangdong Donyan Network
A4352D	TRIZ Networks
A436C7	LG
A4373E	Huawei
A437E6	Murata
A43828	Huawei
A43831	RF elements s.r.o
A438CC	Nintendo
A438FC	Plastic Logic
A439B3	Xiaomi
A439B6	Shenzhen Peizhe Microelectronics
A43A39	Aurora
A43A69	Vers
A43B0E	Huawei
A43CD4	JBL Professional
A43CD7	NTX Electronics YangZhou
A43D78	OPPO
A43E51	Anov France
A43EA0	iComm HK
A43F51	Shenzhen Benew
A43F68	Arista Network
A43FA7	HPE
A44027	ZTE
A4403D	Shenzhen Baseus
A4423B	Intel
A44280	Apple
A4431B	Dreamtek Intelligent
A44343	Huawei
A44380	Huawei
A4438C	CommScope
A444D1	Wingtech Group (HongKong）Limited
A44519	Xiaomi
A445CD	IoT Diagnostics
A4466B	EOC
A446B4	Huawei
A446FA	AmTRAN Video
A44A64	Maverick Mobile
A44AD3	ST Electronics(Shanghai)
A44B15	Sun Cupid Technology (HK)
A44BD5	Xiaomi
A44BD9	Hangzhou Hikvision Digital
A44C11	Cisco
A44C62	Hangzhou Microimage Software
A44CC8	Dell
A44E2D	Adaptive Wireless Solutions
A44E31	Intel
A45006	Shenzhen Huachuang Shidai Technologyco
A45046	Xiaomi
A45055	Busware.de
A45129	XAG
A4515E	Juniper
A4516F	Microsoft
A4526F	ADB Broadband Italia
A4530E	Cisco
A45385	Weifang Goertek
A45590	Xiaomi
A45602	fenglian
A4561B	MCOT
A45630	Cisco
A456CC	Vantiva USA
A457A0	Samjin
A45802	Shin-il
A459BF	Silicon Laboratories
A45A1C	smart-electronic
A45C25	Texas Instruments
A45C27	Nintendo
A45D36	HP
A45D5E	Wilk Elektronik
A45DA1	ADB Broadband Italia
A45E5A	Activio
A45E60	Apple
A45F9B	Nexell
A45FB9	DreamBig Semiconductor
A46011	Verifone
A46032	MRV Communications (Networks)
A46177	Amosense
A46185	Tools for Humanity
A46191	NamJunSa
A462DF	DS Global
A463A1	Inventus Power Eletronica do Brasil LTDA
A46706	Apple
A468BC	Oakley
A46B1F	eero
A46B40	China Dragon
A46BB6	Intel
A46C24	Huawei
A46C2A	Cisco
A46CC1	LTi REEnergy
A46CF1	Samsung
A46D33	Phyplus Technology (Shanghai)
A46DA4	Huawei
A46DD4	Silicon Laboratories
A46E79	DFT System
A46EA7	DX Antenna
A470D6	Motorola
A47174	Huawei
A473AB	Extreme Networks
A475B9	Samsung
A47733	Google
A47758	Ningbo Freewings
A47760	Nokia
A477F3	Apple
A47806	Cisco
A47886	Avaya
A47952	Huawei
A479E4	Klinfo
A47A72	Arista Networks
A47AA4	CommScope
A47ACF	Vibicom Communications
A47B1A	Huawei
A47B2C	Nokia
A47B52	JoulWatt
A47B85	Ultimedia
A47B9D	Espressif
A47C14	ChargeStorm
A47C1F	Cobham
A47CC9	Huawei
A47D78	Edgecore Americas Networking
A47D9F	Shenzhen iComm Semiconductor
A47E36	EM Microelectronic
A47E39	ZTE
A47EFA	Withings
A47F1B	Juniper
A4817A	CIG Shanghai
A481EE	Nokia
A48269	Datrium
A483E7	Apple
A48431	Samsung
A4856B	Q
A486AE	Quectel Wireless Solutions
A486DB	Guangdong Juan Intelligent Technology Joint Stock
A48873	Cisco
A4895B	ARK Infosolutions PVT
A4897E	Guangzhou Yuhong
A48CC0	JLG Industries
A48CDB	Lenovo
A48D3B	Vizio
A48E0A	DeLaval
A49005	China Greatwall Computer Shenzhen
A490CE	vivo
A491B1	Vantiva Technologies Belgium
A492CB	Nokia
A4933F	Huawei
A49340	Beijing Supvan Information
A4934C	Cisco
A493AD	Huawei
A493FE	Huawei
A49426	Elgama-Elektronika
A494DC	Infinite Clouds
A49700	Cisco
A49733	Askey Computer
A4975C	VTech Telecommunications
A4978A	LEAR
A49791	Extreme Networks
A497B1	Chongqing Fugui
A497BB	Hitachi Industrial Equipment
A49813	CommScope
A49947	Huawei
A49981	FuJian Elite Power
A499A8	eero
A49A58	Samsung
A49B13	Digital Check
A49B4F	Huawei
A49BCD	Cisco
A49BF5	Hybridserver Tec
A49D49	Ketra
A49DB8	Shenzhen Tecno
A49DDD	Samsung
A49E69	Silicon Laboratories
A49EDB	AutoCrib
A49F85	Lyve Minds
A49F89	Shanghai Rui Rui Communication
A49FE7	Samsung
A4A179	Nanjing dianyan electric power automation
A4A1C2	Ericsson
A4A1E4	Innotube
A4A24A	Cisco
A4A404	Bubendorff
A4A459	Hangzhou Hikvision Digital
A4A46B	Huawei
A4A490	Samsung
A4A4D3	Bluebank Communication
A4A528	Sichuan Tianyi Comheart Telecom
A4A584	Cisco
A4A64E	Mellanox
A4A6A9	Private
A4A80F	Shenzhen Coship
A4A930	Xiaomi
A4AAFE	Huawei
A4AB39	Shenzhen Taichi
A4AC0F	Huawei
A4AD00	Ragsdale
A4AD9E	Nexaiot
A4ADB8	Vitec Group, Camera Dynamics
A4AE11	Foxconn
A4AE12	Foxconn
A4AE9A	Maestro Wireless Solutions
A4B039	Shenzhen iComm Semiconductor
A4B0F5	Texas Instruments
A4B121	Arantia 2010 S.L
A4B197	Apple
A4B1C1	Intel
A4B1E9	Vantiva Technologies Belgium
A4B1EE	H. Zander
A4B239	Cisco
A4B256	Shenzhen Incar
A4B2A7	Adaxys Solutions
A4B36A	JSC SDO Chromatec
A4B439	Cisco
A4B52E	Integrated Device Technology (Malaysia) Sdn. Bhd
A4B61E	Huawei
A4B805	Apple
A4B818	PENTA Gesellschaft für elektronische Industriedatenverarbeitung mbH
A4B980	Parking BOXX
A4BA70	Xiaomi
A4BA76	Huawei
A4BADB	Dell
A4BB6D	Dell
A4BBAF	Lime Instruments
A4BD7E	HMD Global
A4BDC4	Huawei
A4BE2B	Huawei
A4BE61	EutroVision System
A4BF01	Intel
A4C0B0	Drivenets
A4C0C7	ShenZhen Hitom Communication
A4C0E1	Nintendo
A4C138	Telink Semiconductor (Taipei)
A4C139	Dongguan Huayin Electronic
A4C1E8	Nintendo
A4C23E	Huizhou Speed Wireless
A4C2AB	Hangzhou LEAD-IT Information
A4C337	Apple
A4C34E	Texas Instruments
A4C361	Apple
A4C3BE	Xiaomi
A4C3F0	Intel
A4C40D	WAC Lighting
A4C494	Intel
A4C54E	Huawei
A4C64F	Huawei
A4C69A	Samsung
A4C6F0	Apple
A4C74B	Huawei
A4C788	Xiaomi
A4C7DE	Cambridge Industries(Group)
A4C7F6	Extreme Networks
A4C939	OPPO
A4CAA0	Huawei
A4CB8F	Espressif
A4CC32	Inficomm
A4CC37	Silicon Laboratories
A4CCB3	Xiaomi
A4CCB9	Realme Chongqing Mobile Telecommunications
A4CD23	Shenzhenshi Xinzhongxin
A4CEDA	Arcadyan
A4CF03	Realme Chongqing Mobile Telecommunications
A4CF12	Espressif
A4CF99	Apple
A4CFD2	Ubee Interactive
A4D094	Vivavis
A4D18C	Apple
A4D18F	Shenzhen Skyee Optical Fiber Communication
A4D1D1	ECOtality North America
A4D1D2	Apple
A4D23E	Apple
A4D3B5	GLITEL Stropkov, s.r.o
A4D4B2	Shenzhen MeiG Smart
A4D501	Yucca
A4D530	Avaya
A4D578	Texas Instruments
A4D5C2	Hangzhou Hikvision Digital
A4D73C	Epson
A4D795	Wingtech Mobile Communications
A4D7D6	Shenzhen Linkoh Network Technology Co;Ltd
A4D856	Gimbal
A4D8CA	Hong Kong Water World
A4D931	Apple
A4D990	Samsung
A4D9A4	neXus ID Solutions
A4D9C6	Airpro
A4DA32	Texas Instruments
A4DA3F	Bionics
A4DAD4	Yamato Denki
A4DB2E	Kingspan Environmental
A4DB30	Liteon
A4DB4C	RAI Institute
A4DCBE	Huawei
A4DCD5	Cisco
A4DD58	Huawei
A4DE26	Sumitomo Electric Industries
A4DE50	Total Walther
A4DEC9	QLove Mobile Intelligence Information Technology (W.H.)
A4E0E6	Filizola S.a. Pesagem E Automacao
A4E11A	Juniper
A4E287	Xiaomi
A4E31B	Nokia
A4E32E	Silicon & Software
A4E391	Deny Fontaine
A4E4B8	BlackBerry RTS
A4E57C	Espressif
A4E597	Gessler
A4E615	Shenzhen Chuangwei-rgb
A4E6B1	Shanghai Joindata
A4E731	Nokia
A4E7E4	Connex
A4E88D	Fn-link
A4E8A3	Fujian Newland Auto-ID
A4E975	Apple
A4E991	Sistemas Audiovisuales Itelsis S.L
A4E9A3	Honest
A4EA4F	VusionGroup
A4EA8E	Extreme Networks
A4EBD3	Samsung
A4ED4E	CommScope
A4EE57	Epson
A4EF0C	Mellanox
A4EF15	AltoBeam
A4EF52	Telewave
A4F00F	Espressif
A4F01F	CANON
A4F05E	OPPO
A4F1E8	Apple
A4F33B	ZTE
A4F3C1	Open Source Robotics Foundation
A4F3E7	Integrated Device Technology (Malaysia) Sdn. Bhd
A4F465	Itel Mobile
A4F4C2	VNPT
A4F4CA	Private
A4F522	Chofu Seisakusho
A4F6E6	Apple
A4F6E8	Apple
A4F7D0	LAN Accessories
A4F841	Apple
A4F8FF	Ubiquiti
A4F921	Apple
A4F933	Intel
A4F9E4	AirVine Scientific
A4FA76	New H3C
A4FB8D	Hangzhou Dunchong
A4FC14	Apple
A4FC77	Mega Well
A4FCA1	Nokia
A4FCCE	Security Expert
A4FF95	Nokia
A4FF9F	Xiaomi
A800E3	Starkey Labs
A8016D	Aiwa
A80180	IMAGO
A802DB	ZTE
A8032A	Espressif
A80556	vivo
A80577	Netlist
A80600	Samsung
A808CF	Vestel Elektronik San ve Tic. A.S
A809B1	Huawei
A80B6B	Chipsea Technologies (Shenzhen)
A80BFB	Ruckus
A80C03	Florawise
A80C0D	Cisco
A80C63	Huawei
A80CCA	Shenzhen Sundray
A80DE1	Huawei
A81087	Texas Instruments
A811FC	CommScope
A81306	vivo
A8130B	eero
A81374	Panasonic Corporation AVC Networks
A81378	Nokia
A8154D	TP-Link
A81559	Breathometer
A815D6	Shenzhen Meione
A8169D	Hui Zhou Gaoshengda
A816B2	LG
A816D0	Samsung
A81710	Bouffalo Lab (Nanjing)
A81758	Elektronik System i Umeå
A81AF1	Apple
A81B18	XTS
A81B5A	OPPO
A81B5D	Foxtel Management
A81B6A	Texas Instruments
A81C36	SmartSens Technology (Shanghai)
A81D16	AzureWave
A81E84	Quanta Computer
A81F79	Yingling Innovations Pte
A81FAF	Krypton Polska
A82066	Apple
A8213A	Shenzhen Talent Technology Comapny Limited 深圳市泰霖科技有限公司
A821C8	shenzhen phoenix telecom
A82316	Nokia
A823FE	LG
A82450	Beijing Huadianzhongxin
A824B8	Nokia
A824EB	ZAO NPO Introtest
A825EB	Cambridge Industries(Group)
A826D9	HTC
A827C8	Edgecore Americas Networking
A82948	TP-Link
A8294C	Precision Optical Transceivers
A829DC	TP-Link
A82AD6	Arthrex
A82BB5	Edgecore Networks
A82BB9	Samsung
A82BCD	Huawei
A82BD5	Xiaomi
A82BD6	Shina System
A82BDD	LCFC(Hefei)
A82C3E	Shenzhen Cultraview Digital
A82C89	Apple
A8301C	Qingdao Intelligent&Precise
A830AD	Weifang Goertek
A830BC	Samsung
A83162	Hangzhou Huacheng Network
A8329A	Digicom Futuristic
A8346A	Samsung
A83512	Huawei
A8367A	frogblue
A83759	Huawei
A83944	Actiontec
A83A48	Ubiqcom India Pvt
A83A79	Juniper Mist
A83B5C	Huawei
A83B76	Cloud Network Technology Singapore PTE
A83CA5	Dell
A83CCB	Rossma
A83E0E	HMD Global
A83ED3	Huawei
A8400B	Visteon
A84021	ZTE
A84025	Oxide Computer
A84041	Dragino
A8407D	GD Midea Air-Conditioning Equipment
A840F8	Humax Networks
A84122	China Mobile (Hangzhou) Information
A841F4	AzureWave
A842A1	TP-Link
A842A7	Jiangsu Huitong
A842E3	Espressif
A84397	Innogrit
A843A4	China Dragon
A84481	Nokia
A844AA	Fiberhome Telecommunication
A845CD	Siselectron
A845E9	Firich Enterprises
A84616	Huawei
A84674	Espressif
A8469D	Cisco Meraki
A8474A	Foxconn
A848FA	Espressif
A8494D	Huawei
A849A5	Lisantech
A84A28	Apple
A84A63	TPV Display Technology(Xiamen)
A84B4D	Samsung
A84D4A	Audiowise
A84E3F	Hitron
A84FA4	China Dragon
A84FB1	Cisco
A85008	Felion
A85081	Huawei
A8515B	Samsung
A851AB	Apple
A852D4	HPE
A8537D	Juniper Mist
A854A2	Heimgard
A854B2	WNC
A8556A	3S System
A8574E	TP-Link
A857BA	Shenzhen YOUHUA
A85840	Cambridge Industries(Group)
A8584E	PK Vega
A8587C	Shoogee
A8595F	Intel
A85AE0	Huawei
A85AF3	Shanghai Siflower Communication
A85B6C	Robert Bosch Gmbh, CM-CI2
A85B78	Apple
A85BB0	Shenzhen Dehoo
A85BB7	Apple
A85BD1	Inventec
A85BF3	Audivo
A85BF7	HPE
A85C03	JiangSu Fulian Communication
A85C2C	Apple
A85E45	ASUS
A85EE4	12Sided
A85EF2	Tecno Mobile
A85F61	Apple
A860B6	Apple
A8610A	Arduino
A861AA	Cloudview
A861DF	China Mobile Group Device
A861EC	Texas Instruments
A862A2	Jiwumedia
A86308	Avutec
A8637D	D-Link
A863DF	Displaire
A863F2	Texas Instruments
A86405	nimbus 9
A864F1	Intel
A865B2	Dongguan Yishang Electronic
A8667F	Apple
A8671E	RATP
A8698C	Oracle
A86A6F	RIM
A86A86	Xiaomi
A86ABB	Sagemcom
A86AC1	HanbitEDS
A86ACB	EVAR
A86B7C	Shenzhen Fenglian
A86BAD	Foxconn
A86D04	Siemens
A86D5F	Raisecom
A86DAA	Intel
A86E4E	Huawei
A86E84	TP-Link
A86F36	vivo
A8705D	CommScope
A870A5	UniComm
A87116	Earda
A8724D	Intel
A8727E	WISDRI (wuhan) Automation
A87285	IDT
A8741D	Phoenix Contact
A87484	ZTE
A8754E	Nexlawn Intelligent Technology (Suzhou)
A875D6	FreeTek
A875E2	Aventura
A87650	Samsung
A8776F	Zonoff
A877E5	Shenzhen Chuangwei-rgb
A87971	Huawei
A8798D	Samsung
A87B39	Nokia
A87C01	Samsung
A87C45	Huawei
A87CF8	Apple
A87D12	Huawei
A87E33	Nokia
A87EEA	Intel
A88038	ShenZhen MovingComm
A88055	Tuya Smart
A8817E	Apple
A88195	Samsung
A881F1	BMEYE
A881FE	Luxul
A88200	Hisense Electric
A8827F	CIBN Oriental Network(Beijing)
A885D7	Sangfor
A886DD	Apple
A88792	Broadband Antenna Tracking
A887B3	Samsung
A887ED	ARC Wireless
A88808	Apple
A8881F	Servercom (india) Private
A888CE	OPPO
A88940	Huawei
A88B28	Shenzhen Diyang Smart
A88C3E	Microsoft
A88CEE	MicroMade Galka i Drozdz sp.j
A88D7B	SunDroid Global
A88E24	Apple
A88F99	Arista Networks
A88FD9	Apple
A89008	Beijing Yuecheng
A89042	Beijing Wanwei Intelligent
A8913D	Apple
A89162	Sophos
A8922C	LG
A8934A	Chongqing Fugui
A89352	Shanghai Zhongmi Communication
A893E6	Jiangxi Jinggangshan Cking Communication
A895B0	Aker Subsea
A89609	Fn-link
A89675	Motorola
A8968A	Apple
A897CD	CommScope
A897DC	IBM
A89892	OPPO
A898C6	Shinbo
A8995C	aizo
A89969	Dell
A899AD	Chaoyue
A899DC	i-TOP DESING
A89A8C	ZTE
A89A93	Sagemcom
A89AD7	Nokia
A89B10	inMotion
A89C6C	Ubiquiti
A89C78	Apple
A89CA4	Furrion
A89CED	Xiaomi
A89D21	Cisco
A89DD2	Shanghai DareGlobal
A89FBA	Samsung
A89FEC	CommScope
A8A089	Tactical Communications
A8A092	China Dragon
A8A097	ScioTeq bvba
A8A159	ASRock Incorporation
A8A198	TCT mobile
A8A237	Arcadyan
A8A5E2	MSF-Vathauer Antriebstechnik
A8A648	Qingdao Hisense Communications
A8A668	ZTE
A8A795	Foxconn
A8A913	GN Hearing
A8AA7C	Huawei
A8ABB5	Apple
A8AD3D	Alcatel-Lucent Shanghai Bell
A8B028	CubePilot
A8B088	eero
A8B0AE	BizLink Special Cables Germany
A8B0D1	EFUN Display Technology (Shenzhen)
A8B13B	HP
A8B1D4	Cisco
A8B271	Huawei
A8B2DA	Fujitsu
A8B456	Cisco
A8B483	Shenzhen SuperElectron
A8B57C	Roku
A8B58E	Shenzhen Bilian Electronic Co.，ltd
A8B86E	LG
A8B8E0	Changwang
A8B9B3	ESSYS
A8BA25	HPE
A8BA69	Samsung
A8BB50	WiZ IoT
A8BB56	Apple
A8BBCF	Apple
A8BC9C	Cloud Light
A8BD1A	Honey Bee (Hong Kong)
A8BD27	HPE
A8BD3A	Union MAN
A8BE27	Apple
A8BF3C	HDV Phoelectron
A8C050	Quectel Wireless Solutions
A8C092	Huawei
A8C0EA	Pepwave
A8C222	TM-Research
A8C246	Gemtek
A8C252	Huawei
A8C266	HUMAX
A8C407	Huawei
A8C56F	OPPO
A8C647	Extreme Networks
A8C83A	Huawei
A8C87F	Roqos
A8C98A	New H3C
A8CA77	Amazon
A8CA7B	Huawei
A8CA87	Zhejiang Dahua Zhilian
A8CAB9	Samsung
A8CB95	East Best
A8CC6F	HMD Global
A8CCC5	Saab AB (publ)
A8CE90	CVC
A8CEE7	Fiberhome Telecommunication
A8CFE0	GDN Enterprises Private
A8D081	Huawei
A8D0E3	Systech
A8D0E5	Juniper
A8D162	Samsung
A8D236	Lightware Visual Engineering
A8D3C8	Wachendorff Automation
A8D3F7	Arcadyan
A8D409	USA 111
A8D498	Avira Operations
A8D4E0	Huawei
A8D579	Beijing Chushang Science and
A8D601	Huawei
A8D6D9	Cloud Network Technology Singapore PTE
A8D828	Ascensia Diabetes Care
A8D861	Itel Mobile
A8D88A	Wyconn
A8DA01	Shenzhen NUOLIJIA Digital
A8DA0C	Servercom (india) Private
A8DB03	Samsung
A8DC5A	Digital Watchdog
A8DD9F	Quectel Wireless Solutions
A8DDBC	Tuya Smart
A8DDEC	Hangzhou BroadLink
A8DE68	Beijing Wide
A8E018	Nokia
A8E207	GOIP Global Services Pvt
A8E291	AzureWave
A8E2C1	Texas Instruments
A8E2C3	Shenzhen YOUHUA
A8E3EE	Sony
A8E539	Nurivoice
A8E544	Huawei
A8E552	JUWEL Aquarium
A8E5EC	Nokia
A8E621	Amazon
A8E6E8	Tonly
A8E705	Fiberhome Telecommunication
A8E77D	Texas Instruments
A8E81E	ATW
A8E824	INIM
A8E978	Huawei
A8EA71	Fiberhome Telecommunication
A8EAE4	Weiser
A8ED71	Analogue Enterprises
A8EE67	Samsung
A8EE6D	Fine Point-High Export
A8EEC6	Muuselabs NV/SA
A8EF26	Tritonwave
A8EF5F	Realme Chongqing Mobile Telecommunications
A8F038	Shen Zhen SHI JIN HUA TAI
A8F059	Huawei
A8F07C	Huawei
A8F1B2	Allwinner
A8F266	Huawei
A8F274	Samsung
A8F470	Fujian Newland Communication Science
A8F5AC	Huawei
A8F5DD	CommScope
A8F5E1	Shenzhen Shokz
A8F766	ITE
A8F7D9	Juniper Mist
A8F7E0	Planet
A8F8C9	NXP Semiconductor (Tianjin)
A8F94B	Eltex Enterprise
A8FAD8	Apple
A8FB40	Nokia
A8FB45	Google
A8FB70	WiseSec L.t.d
A8FCB7	Consolidated Resource Imaging
A8FD07	Espressif
A8FE9D	Apple
A8FECE	Fiberhome Telecommunication
A8FFBA	Huawei
AA0000	Digital Equipment
AA0001	Digital Equipment
AA0002	Digital Equipment
AA0003	Digital Equipment
AA0004	Digital Equipment
AC007A	Apple
AC00D0	ZTE
AC00F9	BizLink Technology (S.E.A) Sdn. Bhd
AC0142	Uriel Technologies SIA
AC017A	Sichuan Tianyi Comheart Telecom
AC02CA	HI Solutions
AC02CF	RW Tecnologia Industria e Comercio Ltda
AC02EF	Comsis
AC040B	Peloton Interactive
AC0416	ZTE
AC0425	ball-b
AC0481	Jiangsu Huaxing
AC04AA	GoPro
AC04E6	NTX Electronics YangZhou
AC05C7	Intel
AC0613	Senselogix
AC0650	Shanghai Baosight Software
AC06C7	ServerNet
AC075F	Huawei
AC0775	Apple
AC0A61	Labor
AC0BFB	Espressif
AC0D1B	LG
AC0DFE	Ekon GmbH - myGEKKO
AC1007	Arcadyan
AC1065	KT Micro
AC11D3	Suzhou HOTEK Video
AC1203	Intel
AC122F	Fantasia Trading
AC128E	Shanghai Baud Data Communication
AC139C	Adtran
AC1461	ATAW
AC14D2	wi-daq
AC1518	Espressif
AC1585	silergy
AC15A2	TP-Link
AC15F4	Apple
AC1615	Apple
AC162D	HP
AC16DE	Intel
AC1702	Fibar Group sp. z o.o
AC1754	tiko Energy Solutions
AC1794	Shenzhen Chuangwei-rgb
AC17C8	Cisco Meraki
AC1826	Epson
AC198E	Intel
AC199F	Sungrow Power Supply
AC1A3D	Dell
AC1C26	Hangzhou Ezviz Software
AC1D06	Apple
AC1E92	Samsung
AC1E9E	Xiaomi
AC1EA9	Intelbras
AC1ED0	Temic Automotive Philippines
AC1F09	shenzhen RAKwireless
AC1F0F	Texas Instruments
AC1F6B	Super Micro Computer
AC1F74	Apple
AC1FD7	Real Vision
AC202E	Hitron
AC203E	Wuhan Tianyu Information Industry
AC20AA	Dmatek
AC2205	Compal Broadband Networks
AC220B	ASUS
AC2241	Huawei
AC2316	Juniper Mist
AC2334	Infinix mobility
AC233F	Shenzhen Minew
AC236E	Apismoon Electric Pte
AC2477	Shenzhen Tinno Mobile
AC276E	Espressif
AC2929	Infinix mobility
AC293A	Apple
AC2A0C	CSR Zhuzhou Institute
AC2AA1	Cisco
AC2B6E	Intel
AC2BA2	The Chamberlain
AC2DA3	TXTR
AC2DA9	Tecno Mobile
AC2FA8	Humannix
AC3019	Shenzhen Hailingwei
AC3184	Huawei
AC319D	Shenzhen TG-NET Botone
AC330B	Japan Computer Vision
AC3328	Huawei
AC3351	Ericsson
AC34CB	Shanhai GBCOM Communication
AC35EE	Fn-link
AC3613	Samsung
AC361B	Foxconn
AC3651	Jiangsu Hengtong Terahertz
AC3728	Taicang T&W
AC3743	HTC
AC37C9	RAID
AC3870	Lenovo
AC393D	eero
AC3971	Realme Chongqing Mobile Telecommunications
AC3A67	Cisco
AC3A7A	Roku
AC3AE2	Nvidia
AC3B77	Sagemcom
AC3B96	NXP Semiconductor (Tianjin)
AC3C0B	Apple
AC3C8E	Flextronics Computing(Suzhou)Co
AC3CB4	Nilan
AC3D05	Instorescreen Aisa
AC3D75	Hangzhou Zhiway
AC3D94	Arista Networks
AC3DCB	Intel
AC3DFA	Hangzhou Huacheng Network
AC3EB1	Google
AC3FA4	Taiyo Yuden
AC401E	vivo
AC40B5	Lumiva
AC40EA	C&T Solution
AC4122	Eclipse Electronic
AC416A	Amazon
AC4228	Parta Networks
AC4330	Versa Networks
AC44F2	Yamaha
AC4500	Apple
AC45B0	Shenzhen Jidao
AC45CA	OPPO
AC45EF	Intel
AC46A7	Sercomm
AC471B	Huawei
AC4723	Genelec
AC482D	Ralinwi Nanjing Electronic
AC49DB	Apple
AC4A56	Cisco
AC4A67	Cisco
AC4AFE	Hisense Broadband Multimedia
AC4B1E	Integri-Sys.Com
AC4BC8	Juniper
AC4CA5	Vantiva USA
AC4D16	Texas Instruments
AC4DD9	Extreme Networks
AC4E2E	Shenzhen JingHanDa
AC4E65	Fiberhome Telecommunication
AC4E74	Tenda
AC4E91	Huawei
AC4FFC	Svs-vistek
AC5036	Pi-Coral
AC5093	Magna Electronics Europe GmbH & Co. OHG
AC50DE	Cloud Network Technology Singapore PTE
AC50EE	Tianyi Telecom Terminals
AC512C	Infinix mobility
AC5135	MPI
AC51AB	Huawei
AC51EE	Adtran
AC5322	Samsung
AC5474	China Mobile IOT
AC54EC	IEEE P1823 Standards Working
AC562C	Lava International(h.k)
AC567B	Sunnovo
AC5775	HMD Global
AC583B	Human Assembler
AC587B	JCT Healthcare
AC5A14	Samsung
AC5AEE	China Mobile Group Device
AC5AF0	LG
AC5AFC	Intel
AC5C2C	Apple
AC5C80	Telink Micro
AC5D10	Pace Americas
AC5D5C	Fn-link
AC5E14	Huawei
AC5E8C	Utillink
AC5F3E	Samsung
AC5FEA	OnePlus
AC606F	Nokia
AC6089	Huawei
AC60B6	Ericsson
AC6123	Drivven
AC6175	Huawei
AC61B9	WAMA
AC61EA	Apple
AC620D	Jabil Circuit(Wuxi)
AC62FF	Vantiva USA
AC63BE	Amazon
AC6417	Siemens
AC6462	ZTE
AC6490	Huawei
AC64CF	Fn-link
AC6706	Ruckus
AC675D	Intel
AC676F	Electrocompaniet A.S
AC6784	Google
AC67B2	Espressif
AC69CF	Cisco Meraki
AC6AA3	Shenzhen Kertong
AC6B0F	Cadence Design
AC6BAC	Jenny Science
AC6C90	Samsung
AC6E1A	Shenzhen Gongjin Electronics Co.,lt
AC6F4F	Enspert
AC6FBB	Tatung
AC6FD9	Valueplus
AC710C	China Mobile Group Device
AC712E	Fortinet
AC7236	Lexking
AC7289	Intel
AC72DD	GD Midea Air-Conditioning Equipment
AC7352	OPPO
AC7409	Hangzhou H3C
AC74B1	Intel
AC74C4	Maytronics
AC751D	Huawei
AC764C	OPPO
AC7713	Honeywell Safety Products (Shanghai)
AC77B9	Nanjing Yufei Intelligent Control
AC78D1	Juniper
AC7A42	iConnectivity
AC7A4D	Alpsalpine
AC7A56	Cisco
AC7A94	OPPO
AC7BA1	Intel
AC7E01	Huawei
AC7E8A	Cisco
AC7F3E	Apple
AC7F8D	Extreme Networks
AC800A	Sony
AC80AE	Fiberhome Telecommunication
AC80D6	Hexatronic
AC80FB	Samsung
AC8112	Gemtek
AC81B5	Accton
AC81F3	Nokia
AC8226	Qingdao Haier
AC8247	Intel
AC82F0	Apple
AC8317	Shenzhen Furtunetel Communication
AC83E9	Beijing Zile
AC83F0	Cobalt Digital
AC83F3	AMPAK
AC84C6	TP-Link
AC84C9	Sagemcom
AC84FA	Zhejiang Weilai Jingling Artificial Intelligence
AC853D	Huawei
AC8674	Open Mesh
AC867E	Create New Technology (HK)
AC86A3	Apple
AC873F	Bouffalo Lab (Nanjing)
AC8746	Huizhou BYD Electronic
AC87A3	Apple
AC8866	Shenzhen Skyworth Digital
AC88FD	Apple
AC8995	AzureWave
AC89D2	Ciena
AC8AC7	Huawei
AC8ACD	ROGER D.Wensker, G.Wensker sp.j
AC8B6A	China Mobile IOT
AC8B9C	Primera
AC8BA9	Ubiquiti
AC8C46	Xiaomi
AC8D14	Smartrove
AC8D34	Huawei
AC8EBD	Microsoft
AC8FA9	Nokia
AC8FF8	Nokia
AC9073	Huawei
AC9085	Apple
AC915D	Digital Control
AC919B	WNC
AC91A1	Dell
AC9232	Huawei
AC932F	Nokia
AC936A	Huawei
AC93C4	GD Midea Air-Conditioning Equipment
AC9403	Envision Peripherals
AC9572	Jovision
AC965B	Lucid Motors
AC9738	Apple
AC976C	Greenliant
AC9929	Huawei
AC9A22	NXP Semiconductors
AC9A3F	Texas Instruments
AC9A96	Maxlinear
AC9B0A	Sony
AC9B84	Smak Tecnologia e Automacao
AC9CE4	Alcatel-Lucent Shanghai Bell
AC9E17	ASUS
AC9FC3	Ring
ACA016	Cisco
ACA09D	Juniper
ACA213	Shenzhen Bilian Electronic Co.，ltd
ACA22C	Baycity
ACA26A	Espressif
ACA31E	HPE
ACA32F	Solidigm
ACA430	Peerless AV
ACA46E	Shenzhen Gongjin Electronics Co.,lt
ACA613	Aivres
ACA667	Electronic Systems Protection
ACA704	Espressif
ACA7F1	TP-Link
ACA88E	SHARP
ACA899	Texas Instruments
ACA919	TrekStor
ACA9A0	Audioengine
ACAB2E	Beijing LasNubes
ACAB8D	Lyngso Marine
ACABBF	AthenTek
ACACE2	Changhong (hongkong) Trading
ACAD4B	ZTE
ACADEF	Wanan Hongsheng Electronic
ACAE19	Roku
ACAFB9	Samsung
ACB181	Belden Mooresville
ACB1EE	Shenzhen Fenda
ACB313	CommScope
ACB3B5	Huawei
ACB480	Dell
ACB566	Renesas Electronics (Penang) Sdn. Bhd
ACB57D	Liteon
ACB687	Arcadyan
ACB722	Qingdao Haier
ACB74F	METEL s.r.o
ACB859	Uniband Electronic
ACB92F	Hangzhou Hikvision Digital
ACBAC0	Intertech Services
ACBB61	YSTen
ACBC32	Apple
ACBC5B	Vivibit
ACBCB5	Apple
ACBCD9	Cisco
ACBD0B	Leimac
ACBD70	Huawei
ACBDF7	Cisco Meraki
ACBE75	Ufine
ACBEB6	Visualedge
ACBF71	Bose
ACC048	OnePlus
ACC1EE	Xiaomi
ACC25D	Fiberhome Telecommunication
ACC2EC	CLT Int'l IND
ACC33A	Samsung
ACC358	AUMOVIO Czech Republic s.r.o
ACC3E5	Cisco Meraki
ACC4A9	Fiberhome Telecommunication
ACC4BD	OPPO
ACC51B	Zhuhai Pantum
ACC595	Graphite
ACC5B4	Huawei
ACC662	MitraStar
ACC698	Kohzu Precision
ACC73F	Vitsmo
ACC906	Apple
ACC935	Ness
ACC9FF	Realme Chongqing Mobile Telecommunications
ACCA0F	Indisr Communication Services AND Technologies India
ACCA54	Telldus
ACCA8E	ODA
ACCAAB	Virtual Electric
ACCABA	Midokura
ACCB09	Hefcom Metering (Pty)
ACCB36	Fiberhome Telecommunication
ACCB51	Hangzhou Hikvision Digital
ACCC8E	Axis Communications
ACCCFC	Amazon
ACCE8F	HWA YAO
ACCE92	New H3C
ACCF23	Hi-flying
ACCF5C	Apple
ACCF7B	Ingram Micro Services
ACCF85	Huawei
ACD074	Espressif
ACD180	Crexendo Business Solutions
ACD1B8	Foxconn
ACD20C	Chengdu SingCore
ACD31D	Cisco Meraki
ACD364	ABB Spa, ABB Sace DIV
ACD3FB	Arycs
ACD400	Cisco
ACD564	Chongqing Fugui
ACD618	OnePlus
ACD657	Shaanxi GuoLian Digital TV
ACD75B	Sagemcom
ACD829	Bouffalo Lab (Nanjing)
ACD8A7	Belldesign
ACD929	Quectel Wireless Solutions
ACD9D6	tci
ACDB22	Marquardt Schaltsysteme SCS
ACDB48	CommScope
ACDBDA	Shenzhen Geniatech
ACDCCA	Huawei
ACDCE5	Procter & Gamble
ACDE01	Ruckus
ACDE48	Private
ACDF9F	Arcadyan
ACDFA1	Apple
ACE010	Liteon
ACE011	Huawei
ACE069	ISAAC Instruments
ACE0D6	koreabts
ACE14F	Autonomic Controls
ACE215	Huawei
ACE2D3	HP
ACE342	Huawei
ACE348	MadgeTech
ACE403	Shenzhen Visteng
ACE42E	SK hynix
ACE4B5	Apple
ACE4D8	Xiaomi
ACE5F0	Doppler Labs
ACE606	Honor
ACE64B	Shenzhen Baojia Battery
ACE6BB	Google
ACE6FB	Apple
ACE77B	Sichuan Tianyi Comheart Telecom
ACE87B	Huawei
ACE87E	Bytemark Computer Consulting
ACE97F	IoT
ACE9AA	Hay
ACEA6A	Genix Infocomm
ACEA70	ZUNDA
ACEAEA	Huawei
ACEB51	Universal
ACEBE6	Espressif
ACEC80	CommScope
ACEC85	eero
ACED32	Extreme Networks
ACED5C	Intel
ACEE3B	6harmonics
ACEE64	Shenzhen SuperElectron
ACEE70	Fontem Ventures
ACEE9E	Samsung
ACF0B2	Becker Electronics Taiwan
ACF108	LG
ACF1DF	D-Link
ACF23C	Cloud Network Technology Singapore PTE
ACF2C5	Cisco
ACF42C	Earda
ACF466	HP
ACF473	iRobot
ACF5E6	Cisco
ACF6F7	LG
ACF70D	China Mobile Group Device
ACF7F3	Xiaomi
ACF85C	Chengdu Higon Integrated Circuit Design
ACF878	Tuya Smart
ACF896	eero
ACF8CC	CommScope
ACF932	NXP Semiconductor (Tianjin)
ACF970	Huawei
ACF97E	Elesys
ACFAA5	digitron
ACFAE4	Nintendo
ACFBC2	Shenzhen Skyworth Digital
ACFC82	Shenzhen Sundray
ACFCE3	EM Microelectronic
ACFD93	Weifang Goertek
ACFDCE	Intel
ACFDEC	Apple
ACFE05	Itel Mobile
ACFF6B	Huawei
B00073	WNC
B000B4	Cisco
B00247	AMPAK
B0027E	Muller Services
B00594	Liteon
B006EC	Nexquome Pte
B00875	Huawei
B008BF	Vital Connect
B009D3	Avizia
B009DA	Ring Solutions
B00AD5	ZTE
B00B22	Huawei
B00BE2	Xiaomi
B00C9D	Quectel Wireless Solutions
B00CD1	HP
B01041	Foxconn
B0104B	Fiberhome Telecommunication
B010A0	Texas Instruments
B01203	Dynamics Hong Kong
B01266	Futaba-Kikaku
B01408	Lightspeed
B014DF	MitraStar
B01656	Huawei
B01743	Edison Global Circuits
B01831	Apple
B01886	SmarDTV
B01921	TP-Link
B019C6	Apple
B01B4B	Invisible Fun Studio
B01B7C	Ontrol A.S
B01BD2	Le Shi Zhi Xin Electronic Technology (Tianjin)
B01BFC	Cisco
B01C0C	Shenzhen Chuangwei-rgb
B01C91	Elim
B01F29	Helvetia
B01F47	Heights Telecom T
B01F8C	HPE
B01FF4	Sagemcom
B0216F	Huawei
B0227A	HP
B02347	Shenzhen Giant Microelectronics
B02491	Huawei
B024F3	Progeny
B025AA	AIstone Global
B02628	Broadcom
B02680	Cisco
B027CF	Extreme Networks
B0285B	JUHUA
B02A1F	Wingtech Group (HongKong）Limited
B02A43	Google
B02B64	Cisco
B02EBA	Earda
B02EE0	Huawei
B02F20	VIM
B03055	China Mobile IOT
B030C8	Teal Drones
B03226	Keheng Information Industry
B03366	vivo
B033A6	Juniper
B03495	Apple
B034FB	ShenZhen Microtest Automation
B0350B	Mobiwire Mobiles (ningbo)
B0358D	Nokia
B0359F	Intel
B035B5	Apple
B03731	Fujian Star-net Communication
B03795	LG
B03829	Siliconware Precision Industries
B03850	Nanjing CAS-ZDC IOT SYSTEM
B0386C	EFM Networks
B03893	Onda TLC Italia
B038E2	Wanan Hongsheng Electronic
B03956	Netgear
B03ACE	Huawei
B03B1B	Kontrolnext Technology (Beijing)
B03CDC	Intel
B03D96	Vision Valley FZ
B03DBF	shenzhen ceita communications
B03DC2	Wasp artificial intelligence(Shenzhen)
B03E51	SKY UK
B03EB0	Microdia
B03F64	Apple
B03FD3	Espressif
B04089	Senient
B0411D	ITTIM
B0416F	Shenzhen Maxtang Computer
B042B7	Huawei
B0435D	MechoShade
B04414	New H3C
B0449C	Assa Abloy AB - Yale
B04502	Huawei
B04515	mira fitness
B04519	TCT mobile
B04530	SKY UK
B04545	YACOUB Automation
B04692	OPPO
B046FC	MitraStar
B047BF	Samsung
B047E9	Intel
B0481A	Apple
B0487A	TP-Link
B0495F	Omron Healthcare
B04A39	Beijing Roborock
B04A6A	Samsung
B04AB4	Motorola
B04B68	Nakayo
B04BBF	PT HAN Sung Electoronics Indonesia
B04C05	Fresenius Medical Care Deutschland
B04E26	TP-Link
B04F13	Dell
B04F3C	Genuine Optics
B04FA6	DongGuan Ramaxel Memory
B04FC3	Shenzhen NVC Cloud
B050BC	Shenzhen Basicom Electronic
B0518E	Holl
B05216	Foxconn
B0521F	Dyson
B05246	NXP Semiconductor (Tianjin)
B05365	China Mobile IOT
B05476	Samsung
B05508	Huawei
B05706	Vallox
B058C4	Broadcast Microwave Services
B05947	Shenzhen Qihu Intelligent
B05A44	Fibocom Wireless
B05A7B	Huawei
B05ADA	HP
B05B1F	Thermo Fisher Scientific
B05B67	Huawei
B05B99	Sagemcom
B05C16	Fiberhome Telecommunication
B05CDA	HP
B05CE5	Nokia
B05DD4	CommScope
B06088	Intel
B061A9	Yealink(xiamen) Network
B061C7	Ericsson-LG Enterprise
B061EB	Silicon Laboratories
B064E0	Samsung
B0653A	Murata
B06563	Shanghai Railway Communication Factory
B065BD	Apple
B065F1	WIO Manufacturing HK
B0672F	Bowers & Wilkins
B067B5	Apple
B068B6	Hangzhou OYE
B068E6	Chongqing Fugui
B06971	DEI Sales
B06A41	Google
B06B11	Hui Zhou Gaoshengda
B06BB3	GRT
B06CBF	3ality Digital
B06E72	Realme Chongqing Mobile Telecommunications
B06EBF	ASUS
B06FE0	Samsung
B0700D	Nokia
B0702D	Apple
B07219	Apple
B072BF	Murata
B0735D	Huawei
B0739C	Amazon
B0750C	QA Cafe
B0754D	Nokia
B075D5	ZTE
B0761B	Huawei
B077AC	CommScope
B07839	GD Midea Air-Conditioning Equipment
B07870	Wi-NEXT
B078F0	Beijing HuaqinWorld
B07908	Cummings Engineering
B0793C	Revolv
B07994	Motorola
B07A16	ROEHN
B07AA4	Guangzhou Punp Electronics Manufacturing
B07ADF	Huawei
B07B25	Dell
B07C51	Ruckus
B07C8E	Brother Industries
B07D47	Cisco
B07D62	Dipl.-Ing. H. Horstmann
B07D64	Intel
B07E11	Texas Instruments
B07E70	Zadara Storage
B07FB9	Netgear
B0808C	Laser Light Engines
B08101	Honor
B08184	Espressif
B081D8	I-sys
B082AB	Guangdong Welland
B082E2	ASUS
B083D6	CommScope
B083FE	Dell
B0869E	Chloride
B08807	Strata Worldwide
B08900	Huawei
B08991	LGE
B089C2	Zyptonite
B08B92	ZTE
B08B9E	Telechips
B08BA8	Amazon
B08BBE	ABL
B08BCF	Cisco
B08BD0	Cisco
B08C75	Apple
B08CB3	Fn-link
B08D57	Cisco
B08E1A	URadio
B09074	Fulan
B0907E	Cisco
B090D4	Shenzhen Hoin Internet
B09122	Texas Instruments
B09134	Taleo
B09137	ISis ImageStream Internet Solutions
B09200	Apple
B0924A	Sagemcom
B0935B	CommScope
B09501	EM Microelectronic
B09575	TP-Link
B0958E	TP-Link
B09648	Vantiva USA
B0966C	Lanbowan
B096EA	GD Midea Air-Conditioning Equipment
B09738	Shenzhen Skyworth Digital
B0973A	E-Fuel
B097E6	Fujian Fucan Wecon
B0982B	Sagemcom
B0989F	LG CNS
B098BC	Huawei
B09928	Fujitsu
B0995A	Huawei
B099D7	Samsung
B09AE2	Stemmer Imaging
B09BD4	GNH Software India Private
B09C18	Shenzhen Taichi
B09C63	Xiaomi
B09CB2	Google
B09E1B	Butlr
B09FBA	Apple
B0A10A	Pivotal
B0A187	Realme Chongqing Mobile Telecommunications
B0A2E7	Shenzhen TINNO Mobile
B0A37E	Qing DAO Haier Telecom
B0A3F2	Huaqin
B0A454	Tripwire
B0A460	Intel
B0A4F0	Huawei
B0A5B3	HPE
B0A604	Espressif
B0A651	Cisco
B0A6F5	Xaptum
B0A72A	Ensemble Designs
B0A732	Espressif
B0A737	Roku
B0A7B9	TP-Link
B0A7D2	Fiberhome Telecommunication
B0A86E	Juniper
B0AA36	OPPO
B0AA77	Cisco
B0AAD2	Sichuan tianyi kanghe communications
B0AC82	China Dragon
B0ACD2	ZTE
B0ACFA	Fujitsu
B0ADAA	Avaya
B0AE25	Varikorea
B0AFF7	Shenzhen Yipingfang Network
B0B0A1	Foxconn
B0B113	Texas Instruments
B0B194	ZTE
B0B21C	Espressif
B0B28F	Sagemcom
B0B2DC	Zyxel
B0B32B	Slican Sp. z o.o
B0B369	Shenzhen SDMC
B0B3AD	HUMAX
B0B448	Texas Instruments
B0B5C3	OPPO
B0B5E8	Ruroc
B0B867	HPE
B0B8D5	Nanjing Nengrui Auto Equipment
B0B98A	Netgear
B0BB8B	Wavetel
B0BBA9	Apple
B0BBE5	Sagemcom
B0BC7A	Harman/Becker Automotive
B0BC8E	SkyMirr
B0BD1B	Dongguan Liesheng Electronic
B0BD6D	Echostreams Innovative Solutions
B0BDA1	Zaklad Elektroniczny Sims
B0BE45	Mellanox
B0BE76	TP-Link
B0BE83	Apple
B0BF99	Wizitdongdo
B0C090	Chicony
B0C128	Adler ELREHA
B0C19E	ZTE
B0C205	Bionime
B0C287	Vantiva USA
B0C2C7	Motorola
B0C387	Goefer
B0C38E	Huawei
B0C46C	Senseit
B0C4E7	Samsung
B0C53C	Cisco
B0C554	D-Link
B0C559	Samsung
B0C61C	Huawei
B0C69A	Juniper
B0C745	Buffalo
B0C787	Huawei
B0C7DE	Silicon Laboratories
B0C83F	Jiangsu Cynray IOT
B0C8AD	People Power
B0C952	OPPO
B0C95B	Beijing Symtech
B0CA68	Apple
B0CAE7	Huawei
B0CBD8	Espressif
B0CCFE	Huawei
B0CE18	Zhejiang shenghui lighting
B0CF0E	Mellanox
B0CF4D	MI-Zone Technology Ireland
B0CFCB	Amazon
B0D09C	Samsung
B0D1D6	Nokia
B0D278	Texas Instruments
B0D2F5	Vello
B0D41F	Mobititecabsolut
B0D568	Shenzhen Cultraview Digital
B0D576	Apple
B0D587	silex
B0D59D	Shenzhen Zowee
B0D5CC	Texas Instruments
B0D5FB	Google
B0D616	Super Micro Computer
B0D77E	Huawei
B0D7C5	Logipix
B0D7CC	Tridonic
B0D7DE	Hangzhou Linovision
B0D888	Panasonic Automotive
B0DA00	Cera Electronique
B0DAF9	CommScope
B0DCEF	Intel
B0DD74	Heimgard
B0DE28	Apple
B0DE31	Samsung
B0DF3A	Samsung
B0DFC1	Tenda
B0E03C	TCT mobile
B0E17E	Huawei
B0E235	Xiaomi
B0E2E5	Fiberhome Telecommunication
B0E39D	CAT System
B0E45C	Samsung
B0E4D5	Google
B0E50E	NRG
B0E5ED	Huawei
B0E5EF	Apple
B0E5F9	Apple
B0E71D	Shanghai Maigantech
B0E754	2Wire
B0E7DE	Homa Technologies JSC
B0E892	Epson
B0E8E8	Silicon Laboratories
B0E97E	Advanced Micro Peripherals
B0E9FE	Woan Technology (Shenzhen)
B0EA19	TPV Audio and Visual Technology (Shenzhen)
B0EABC	Askey Computer
B0EB57	Huawei
B0EB7F	Juniper
B0EC69	Apple
B0EC71	Samsung
B0EC8F	GMX
B0ECDD	Huawei
B0ECE1	Private
B0EE45	AzureWave
B0EE7B	Roku
B0F00C	Dongguan Wecxw
B0F079	OPPO
B0F1A3	Fengfan (BeiJing)
B0F1AE	eero
B0F1BC	Dhemax Ingenieros Ltda
B0F1D8	Apple
B0F1EC	AMPAK
B0F208	AVM (FRITZ!Box)
B0F2F6	Samsung
B0F3E9	PATEO CONNECT (Xiamen)
B0F530	Hitron
B0F5C8	AMPAK
B0F7C4	Amazon
B0F893	Shanghai MXCHIP Information
B0F963	Hangzhou H3C
B0FA8B	Huawei
B0FA91	EM Microelectronic
B0FAEB	Cisco
B0FB15	Ezurio
B0FBDD	Shenzhen SuperElectron
B0FC0D	Amazon
B0FC36	CyberTAN
B0FC4B	Shenzhen Phaten
B0FC88	Sagemcom
B0FEBD	Private
B0FEE5	Huawei
B0FF0D	Hangzhou Hikvision Digital
B40016	Ingenico Terminals
B4009C	CableWorld
B40142	GCI Science
B40216	Cisco
B402F2	Synaptics
B40418	Smartchip Integrated
B40421	ZTE
B40429	Guangzhou Shiyuan Electronic
B4055D	IEIT
B40566	SP Best
B405A1	Xiaomi
B407F9	Samsung
B40832	TC Communications
B40931	Huawei
B40AC6	DEXON
B40AD8	Sony
B40B1D	Samsung
B40B44	Smartisan
B40B78	Brusa Elektronik
B40B7A	Brusa Elektronik
B40C25	Palo Alto Networks
B40E06	Third Reality
B40E96	HERAN
B40ECF	Bouffalo Lab (Nanjing)
B40EDC	LG-Ericsson
B40EDE	Intel
B40F3B	Tenda
B40FB3	vivo
B4101C	Shanghai Imilab
B4107A	Amazon
B4107B	Texas Instruments
B41324	Google
B41489	Cisco
B414E6	Huawei
B41513	Huawei
B4157E	Celona
B41584	Samsung
B41678	Juniper
B4174D	Project Monitor
B41780	DTI
B417A8	Meta Platforms
B418D1	Apple
B41974	Apple
B41A1D	Samsung
B41BB0	Apple
B41C30	ZTE
B41CAB	ICR
B41CAF	UAB Teltonika Networks
B41D2B	Shenzhen YOUHUA
B41D62	Nokia
B41DC4	Huawei
B41DEF	Internet Laboratories
B41E52	Flock Safety
B41F4D	Sony
B42046	eero
B4205B	OPPO
B4211D	Beijing GuangXin
B4218A	Dog Hunter
B42200	Brother Industries
B42330	Itron
B423A2	Google
B424E7	Codetek
B4265D	Taicang T&W
B42802	Intel
B42875	Futecho Solutions Private
B428F1	E-Prime
B4293D	Shenzhen Urovo
B42A0E	Vantiva USA
B42A39	ORBIT MERRET, spol. s r. o
B42BB9	Huawei
B42C92	Zhejiang Weirong Electronic
B42CBE	Direct Payment Solutions
B42D56	Extreme Networks
B42E99	Giga-byte
B42EF8	Eline
B42F03	Quectel Wireless Solutions
B43052	Huawei
B430C0	York Instruments
B43161	Realme Chongqing Mobile Telecommunications
B431B8	Aviwest
B4346C	Matsunichi Digital Technology (hong Kong)
B43522	Silicon Laboratories
B43564	Fujian Tian Cheng Electron Science & Technical Development
B435F7	Zhejiang Pearmain
B436A9	Fibocom Wireless
B436D1	Renesas Electronics (Penang) Sdn. Bhd
B436E3	Kbvision
B43741	Consert
B437D8	D-Link
B43836	Huawei
B43934	Pen Generations
B43939	Shenzhen TINNO Mobile
B4394C	Huawei
B439D6	ProCurve Networking by HP
B43A28	Samsung
B43A31	Silicon Laboratories
B43A45	Espressif
B43A96	Arista Networks
B43AE2	Huawei
B43B52	Sagemcom
B43D08	GX
B43D6B	NXP Semiconductor (Tianjin)
B43DB2	Degreane Horizon
B43E3B	Viableware
B440A4	Apple
B440DC	Samsung
B44130	Jabil Circuit (Guangzhou)
B4417A	Shenzhen Gongjin Electronics Co.,lt
B4430D	Broadlink
B44326	Huawei
B44389	Huawei
B44506	Dell
B4466B	Realtimeid
B4475E	Avaya
B447F5	Earda
B44BD2	Apple
B44C3B	Zhejiang Dahua
B44C90	Cisco
B44CC2	NR Electric
B44F96	Zhejiang Xinzailing
B45062	EmBestor
B451F9	NB Software
B45253	Seagate
B4527D	Sony
B4527E	Sony
B452A9	Texas Instruments
B45459	China Mobile (Hangzhou) Information
B454F2	Huawei
B45570	Borea
B45575	Apple
B4565D	Chipsea Technologies (Shenzhen)
B456B9	Teraspek
B456E3	Apple
B456F3	Westermo Network
B456FA	IOPSYS Software Solutions
B457E6	OPPO
B45861	CRemote
B45976	Apple
B45B86	Funshion Online
B45BD1	TP-Link
B45CA4	Thing-talk Wireless Communication
B45CB5	Mellanox
B45D50	HPE
B45F84	ZTE
B46077	Sichuan Changhong Electric
B4608C	Fiberhome Telecommunication
B460ED	Xiaomi
B46142	Huawei
B461E9	Sichuan AI-Link
B461FF	Lumigon
B4622E	Zhong Ge Smart
B46238	Exablox
B46293	Samsung
B462AD	Elysia Germany
B4636F	Nokia
B46415	Guangzhou V-Solution Telecommunication
B465DC	China Dragon
B46698	Zealabs
B4673F	Shenzhen Shokz
B467E9	Qingdao GoerTek
B46921	Intel
B4695F	TCT mobile
B46AD4	Edgecore Americas Networking
B46BFC	Intel
B46C47	Panasonic Appliances
B46D35	Dalian Seasky Automation Co;Ltd
B46D83	Intel
B46DC2	Shenzhen Bilian Electronic Co.，ltd
B46E08	Huawei
B46E10	vivo
B46F2D	Wahoo Fitness
B46F78	Accton
B47064	Samsung
B472D4	ZTE
B47356	Hangzhou Treebear Networking
B47443	Samsung
B47447	CoreOS
B4749F	Askey Computer
B4750E	Belkin
B476A4	Huawei
B47748	Shenzhen Neoway
B47947	Nutanix
B479A7	Samsung
B479C8	Ruckus
B47AF1	HPE
B47B1A	Huawei
B47C29	Shenzhen Guzidi
B47C59	Jiangsu Hengxin
B47C9C	Amazon
B47CA6	ZTE
B47D76	KNS
B47E9F	Xiaomi
B47F5E	Foresight Manufacture (S) Pte
B48107	Shenzhen Chuangwei-rgb
B481BF	Meta-Networks
B48255	Research Products
B4827B	AKG Acoustics
B482C5	Relay2
B482FE	Askey Computer
B48351	Intel
B484D5	GooWi Wireless
B48547	Amptown System
B485E1	Apple
B48618	GX India Pvt
B48655	Huawei
B48901	Huawei
B48910	Coster T.E
B48931	Silicon Laboratories
B48970	IGEN
B48A0A	Espressif
B48A5F	Juniper
B48B19	Apple
B48C9D	AzureWave
B490E5	GD Midea Air-Conditioning Equipment
B49107	Huawei
B492FE	Arista Network
B4944E	WeTelecom
B49691	Intel
B496A5	Apple
B49842	ZTE
B49882	Brusa HyPower
B4994C	Texas Instruments
B499BA	HP
B49A7D	OPPO
B49A95	Shenzhen Boomtech Industrial
B49CDF	Apple
B49D02	Samsung
B49D0B	BQ
B49D6B	vivo
B49DB4	Axion
B49DFD	Shenzhen SDMC
B49E80	Sichuan Changhong Electric
B49EAC	Imagik Int'l
B49EE6	Shenzhen
B49F4D	Fiberhome Telecommunication
B4A10A	Huawei
B4A25C	Cambium Networks
B4A305	Xiamen Yaxon Network
B4A382	Hangzhou Hikvision Digital
B4A3BD	Extreme Networks
B4A4B5	Zen Eye
B4A4E3	Cisco
B4A5A9	MODI
B4A5AC	OPPO
B4A5EF	Sercomm
B4A64A	Espressif
B4A678	Zhejiang Tmall
B4A7C6	Servercom (india) Private
B4A828	Shenzhen Concox Information
B4A82B	Histar Digital
B4A898	Huawei
B4A8B9	Cisco
B4A94F	Mercury
B4A95A	Avaya
B4A984	Symantec
B4A9FC	Quanta Computer
B4A9FE	GHIA Technology (Shenzhen)
B4AA4D	Ensequence
B4AB2C	MtM
B4AC8C	Bern University of Applied Sciences
B4AC9D	Texas Instruments
B4ADA3	Guangzhou Shiyuan Electronic
B4AE2B	Microsoft
B4AE6F	Circle Reliance, Inc DBA Cranberry Networks
B4AEC1	Apple
B4B017	Avaya
B4B024	TP-Link
B4B055	Huawei
B4B15A	Siemens AG Energy Management Division
B4B265	Daeho I&T
B4B291	LG
B4B2E9	Fortinet
B4B362	ZTE
B4B384	ShenZhen Figigantic Electronic
B4B52F	HP
B4B542	Hubbell Power
B4B5AF	Minsung
B4B5B6	Chongqing Fugui
B4B650	Realme Chongqing Mobile Telecommunications
B4B676	Intel
B4B686	HP
B4B742	Amazon
B4B853	Honor
B4B859	Texa
B4B88D	Thuh
B4B9E6	eero
B4BA02	Agatel
B4BA12	China Mobile (Hangzhou) Information
B4BA6A	Tecno Mobile
B4BA9D	SKY UK
B4BC7C	Texas Instruments
B4BE56	Camnex Innovations Private
B4BFE9	Espressif
B4BFF6	Samsung
B4C0C3	TP-Link
B4C0F5	Shenzhen TINNO Mobile
B4C170	Yi chip Microelectronics (Hangzhou)
B4C26A	Garmin
B4C2E0	Bouffalo Lab (Nanjing)
B4C2F7	Huawei
B4C3D9	Huawei
B4C44E	VXL eTech Pvt
B4C476	Wuhan Maritime Communication Research Institute
B4C4FC	Xiaomi
B4C556	Shanghai Kenmyond Industrial Network Equipment
B4C62E	Molex CMS
B4C6F8	Axilspot Communication
B4C799	Extreme Networks
B4C810	Umpi
B4C9B9	Sichuan AI-Link
B4CADD	Cisco
B4CB57	OPPO
B4CBB8	Universal
B4CC04	Piranti
B4CCE9	Prosyst
B4CD27	Huawei
B4CDF5	CUB Elecparts
B4CE40	Samsung
B4CEF6	HTC
B4CEFE	James Czekaj
B4CF49	WNC
B4CFDB	Shenzhen Jiuzhou Electric
B4CFE0	Sichuan tianyi kanghe communications
B4D0A9	China Mobile Group Device
B4D135	Cloudistics
B4D1F6	Huawei
B4D286	Telechips
B4D31A	Lysora
B4D5BD	Intel
B4D5E5	Samsung
B4D64E	Caldero
B4D7DB	New H3C
B4D8A9	BetterBots
B4D8DE	iota Computing
B4DB91	Celestica
B4DC09	Guangzhou Dawei Communication
B4DD15	ControlThings
B4DDD0	AUMOVIO Hungary Kft
B4DDE0	Shanghai Amphenol Airwave Communication
B4DE31	Cisco
B4DEDF	ZTE
B4DF09	Flux::
B4DF3B	Chromlech
B4DF91	Cisco Meraki
B4DFFA	Litemax
B4E01D	Conception Electronique
B4E025	ITLook
B4E0CD	Fusion-io
B4E10F	Dell
B4E1C4	Microsoft
B4E1EB	Private
B4E25B	HP
B4E265	Shenzhen SDMC
B4E3D0	LG
B4E3F9	Silicon Laboratories
B4E454	Amazon
B4E46B	China Mobile IOT
B4E53E	Ruckus
B4E54C	LLC "Elektra"
B4E5C5	Huawei
B4E62A	LG
B4E62D	Espressif
B4E782	Vivalnk
B4E7B3	Edifier
B4E842	Hong Kong Bouffalo Lab
B4E85C	fünfeinhalb Funksysteme
B4E8C9	XADA
B4E9A3	port industrial automation
B4E9B0	Cisco
B4E9B8	Dell
B4EC02	Alpsalpine
B4ECF2	Shanghai Listent Medical
B4ECFF	Wuhan IPG
B4ED19	Pie Digital
B4ED54	Wohler
B4EDD5	Quectel Wireless Solutions
B4EE25	Shenzhen Belon
B4EEB4	Askey Computer
B4EED4	Texas Instruments
B4EF04	DAIHAN Scientific
B4EF1C	360 AI
B4EF30	Shanghai SYH
B4EF39	Samsung
B4EFFA	Lemobile Information Technology (Beijing)
B4F0AB	Apple
B4F18C	Huawei
B4F1DA	LG
B4F267	Compal Broadband Networks
B4F2E8	CommScope
B4F323	Petatel
B4F49B	Huawei
B4F58E	Huawei
B4F61C	Apple
B4F7A1	LG
B4F81E	Kinova
B4F949	optilink networks pvt
B4F95D	Juniper
B4FA48	Apple
B4FBE3	AltoBeam
B4FBE4	Ubiquiti
B4FBF9	Huawei
B4FC75	SEMA Electronics(HK)
B4FC7D	AVM (FRITZ!Box)
B4FE8C	Centro Sicurezza Italia
B4FF98	Huawei
B80018	Htel
B8005B	Huawei
B8011F	Apple
B802A4	Aeonsemi
B80305	Intel
B80415	Bayan Audio
B80533	Apple
B805AB	ZTE
B8060D	Tuya Smart
B80716	vivo
B80756	Cisco Meraki
B808CF	Intel
B808D7	Huawei
B8098A	Apple
B80B9A	Huawei
B80B9D	ROPEX Industrie-Elektronik
B80BDA	GD Midea Air-Conditioning Equipment
B80C68	Honor
B80E1D	PAX Computer Technology(Shenzhen)
B810D4	Masimo
B8114B	Cisco
B812DA	Lvswitches
B81332	AMPAK
B813E9	Trace Live Network
B81413	Keen High Holding(HK)
B8144D	Apple
B8145C	Huawei
B814DB	Ohsung
B81619	CommScope
B8165F	LG
B816DB	Chant Sincere
B81743	shenzhen worldelite
B817C2	Apple
B8186F	Oriental Motor
B81904	Nokia
B81999	Nesys
B81BCB	Shanghai Sunmi
B81D1F	Huawei
B81DAA	LG
B81E0B	Extreme Networks
B81E61	Tellescom Industria E Comercio EM Telecomunicacao
B81E9E	Huawei
B81EA4	Liteon
B81F3F	Espressif
B81F5E	Apption Labs
B8208E	Panasonic Connect
B820E7	Guangzhou Horizontal Information & Network Integration
B8211C	Apple
B8220C	Apple
B82227	Texas Instruments
B8224F	Sichuan Tianyi Comheart Telecom
B82410	Magneti Marelli Slovakia s.r.o
B8241A	Sweda Informatica Ltda
B824F0	SOYO Technology Development
B8259A	Thalmic Labs
B825B5	Trakm8
B8266C	ANOV France
B826D4	Furukawa Industrial S.A. Produtos Elétricos
B827C5	Huawei
B827EB	Raspberry Pi
B8288B	Parker Hannifin Manufacturing (UK)
B82903	Vietnam Post AND Telecommunication Industry Technology Join Stock
B829F7	Blaster
B82A72	Dell
B82AA9	Apple
B82ADC	EFR Europäische Funk-Rundsteuerung
B82B68	Huawei
B82CA0	Resideo
B82D28	AMPAK
B82FCB	CMS Electracom
B830A8	Road-Track Telematics Development
B831B5	Microsoft
B83241	Wuhan Tianyu Information Industry
B83250	Suzhou Comay Information
B8328F	eero
B83446	Motorola
B836D8	Videoswitch
B8374A	Apple
B8374B	HPE
B83765	OPPO
B837B2	HPE
B83861	Cisco
B83865	HPE
B838CA	Kyokko Tsushin System
B838EF	ADVA Optical Networking
B83A08	Tenda
B83A5A	HPE
B83A7B	Worldplay (Canada)
B83A9D	Alarm.com
B83B8F	Hangzhou Hylin IoT Techonology
B83BAB	Arcadyan
B83BCC	Xiaomi
B83C20	Huawei
B83C28	Apple
B83D4E	Shenzhen Cultraview Digital Technology Co.,Ltd Shanghai Branch
B83DF6	Texas Instruments
B83DFB	Bouffalo Lab (Nanjing)
B83E59	Roku
B83FD2	Mellanox
B8415F	ASP
B841A4	Apple
B841D9	Guangzhou Shiyuan Electronic
B843E4	Vlatacom
B844AE	TCT mobile
B844D9	Apple
B845EB	Apple
B845F4	New H3C
B8477A	Dasan Electron
B847C6	SanJet
B848AA	EM Microelectronic
B848EC	Private
B8496D	Apple
B84D43	Hunan Fn-link
B84DEE	Hisense broadband multimedia
B84FA7	Apple
B84FD5	Microsoft
B85001	Extreme Networks
B850D8	Xiaomi
B8511D	Telechips
B851A9	Nokia
B85213	ZTE
B852E0	Xiaomi
B85384	Xiaomi
B853AC	Apple
B85510	Zioncom Electronics (Shenzhen)
B855EA	Yantai Jahport Electronic
B85600	Huawei
B856BD	ITT
B85776	lignex1
B857D6	Cisco
B857D8	Samsung
B85810	Numera
B858FF	Arista Networks
B8599F	Mellanox
B859C8	70mai
B859CE	Earda
B85A73	Samsung
B85AF7	Ouya
B85AFE	Handaer Communication Technology (Beijing)
B85B6C	Control Accessories
B85C5C	Microsoft
B85CEE	Baidu Online Network Technology (Beijing)
B85D0A	Apple
B85DC3	Huawei
B85E71	Vantiva USA
B85E7B	Samsung
B85F98	Amazon
B85FB0	Huawei
B86061	China Mobile Group Device
B86091	Onnet Technologies and Innovations
B86142	Beijing Tricolor
B8616F	Accton
B861FC	Juniper
B8621F	Cisco
B8634D	Apple
B86392	Guangdong Genius
B863BC	Robotis
B86468	BBSakura Networks
B86491	CK Telecom
B8653B	Bolymin
B86685	Sagemcom
B86870	Nintendo
B869C2	Sunitec Enterprise
B869F4	Routerboard.com
B86A97	Edgecore Networks
B86AF1	Sagemcom
B86B23	Toshiba
B86CE0	HPE
B86CE8	Samsung
B87029	Shenzhen Ruiyuanchuangxin
B870F4	Compal Information (kunshan)
B87424	Viessmann Elektronik
B87447	Convergence
B8752E	Huawei
B875C0	PayPal
B8763F	Foxconn
B877C3	METER
B87826	Nintendo
B8782E	Apple
B87879	Roche Diagnostics
B8797E	Secure Meters (UK)
B87AC9	Siemens
B87B4D	Espressif
B87BC5	Apple
B87BD4	Google
B87C6F	NXP (China) Management
B87CD0	Huawei
B87CF2	Extreme Networks
B87E39	Motorola
B87E40	Huawei
B87EE5	Intelbras
B88035	Shenzhen Qihu Intelligent
B8804F	Texas Instruments
B88198	Intel
B881FA	Apple
B88268	Shenzhen Hopestar
B882F2	WNC
B88303	HPE
B88411	Shenzhen Shokz
B8857B	Huawei
B88584	Dell
B88687	Liteon
B8871E	Good Mind Industries
B8876E	Intertech Services
B88788	HP
B887A8	Step Ahead Innovations
B887C6	Prudential
B88880	Shanghai Imilab
B888E3	Compal Information (kunshan)
B88981	Chengdu InnoThings
B889CA	Iljin Electric
B88A60	Intel
B88A72	Renesas Electronics (Penang) Sdn. Bhd
B88AEC	Nintendo
B88C29	GD Midea Air-Conditioning Equipment
B88C2B	Sagemcom
B88D12	Apple
B88DF1	Nanjing BigFish Semiconductor
B88E3A	Infinite Technologies JLT
B88E82	Huawei
B88EB0	Shenzhen Skyworth Digital
B88EC6	Stateless Networks
B88EDF	Zencheer Communication
B88F14	Analytica
B88F27	Realme Chongqing Mobile Telecommunications
B88FB4	Jabil Circuit Italia
B89047	Apple
B89165	Zhejiang Tmall
B891C9	Handreamnet
B8921D	BG T&A
B89436	Huawei
B89470	Calix
B894D2	Retail Innovation HTT
B894D9	Texas Instruments
B894E7	Xiaomi
B89674	AllDSP
B89734	Silicon Laboratories
B8975A	BIOSTAR Microtech Int'l
B8977A	Nokia
B898AD	Motorola
B898B0	Atlona
B898F7	Gionee Communication Equipment Co,Ltd.ShenZhen
B89919	7signal Solutions
B899AE	Shenzhen MiaoMing Intelligent
B899B0	Cohere
B89A2A	Intel
B89A9A	Xin Shi Jia Technology (Beijing)
B89ACD	Elite Optoelectronic(asia)co
B89AED	OceanServer
B89BC9	SMC Networks
B89BE4	ABB Power Systems Power Generation
B89C13	Alps Alpine
B89DE5	ASIX
B89EA6	Spbec-mining
B89F09	WNC
B89FCC	Huawei
B8A0B8	Samsung
B8A14A	Raisecom
B8A175	Roku
B8A1B8	Arista Networks
B8A25D	Motorola
B8A377	Cisco
B8A386	D-Link
B8A3E0	BenRui
B8A44F	Axis Communications
B8A535	Vantiva USA
B8A58D	Axe
B8A75E	Wuxi Xinjie Electric
B8A792	Sichuan Tianyi Comheart Telecom
B8A825	Samsung
B8A8AF	Logic
B8AB61	Cisco Meraki
B8AB62	Hui Zhou Gaoshengda
B8AC6F	Dell
B8AD3E	Bluecom
B8AE1C	Smart Cube
B8AE1D	Guangzhou Xingyi Electronic
B8AE6E	Nintendo
B8AEED	Elitegroup Computer
B8AF67	HP
B8B1C7	Bt&com
B8B1EA	Honor
B8B2EB	Googol Technology (HK)
B8B2F7	Drimaes
B8B2F8	Apple
B8B3DC	Derek (shaoguan)
B8B409	Samsung
B8B42E	Gionee Communication Equipment Co,Ltd.ShenZhen
B8B4C9	Cisco Meraki
B8B77D	Guangdong Transtek Medical
B8B7D7	2GIG
B8B7DB	GOIP Global Services Pvt
B8B7F1	WNC
B8B81E	Intel
B8B94E	Shenzhen iBaby Labs
B8BA66	Microsoft
B8BA68	Xi'an Jizhong Digital Communication
B8BA72	Cynove
B8BB11	Espressif
B8BB23	Guangdong Nufront CSC
B8BB6D	Eneres
B8BBAF	Samsung
B8BC1B	Huawei
B8BC5B	Samsung
B8BD79	TrendPoint
B8BEBF	Cisco
B8BEF4	devolo
B8BF83	Intel
B8C007	tickIoT
B8C051	VusionGroup
B8C065	Universal
B8C111	Apple
B8C1A2	Dragon Path
B8C1B5	Hanshow
B8C227	PSTec
B8C253	Juniper
B8C385	Huawei
B8C3BF	Henan Chengshi NetWork Technology Co.，Ltd
B8C46F	Primmcon Industries
B8C68E	Samsung
B8C6AA	Earda
B8C716	Fiberhome Telecommunication
B8C74A	OPPO
B8C75D	Apple
B8C855	Shanghai GBCOM Communication
B8C8EB	Itel Mobile
B8C924	Cisco
B8C9B5	OPPO
B8CA04	Holtek Semiconductor
B8CA3A	Dell
B8CB29	Dell
B8CB93	IC Boss.com
B8CC38	Shenzhen Yinwang Intelligent
B8CC5F	Shenzhen iComm Semiconductor
B8CD58	Shenzhen SuperElectron
B8CD93	Penetek
B8CDA7	Maxeler
B8CEED	Broadcom
B8CEF6	Mellanox
B8D06F	Guangzhou Hkust FOK Ying Tung Research Institute
B8D08F	Quectel Wireless Solutions
B8D0F0	FCNT
B8D309	Cox Communications
B8D3EF	Unisem (M) Berhad
B8D43E	vivo
B8D49D	M Seven System
B8D4BC	ZTE
B8D4C3	Huawei
B8D4E7	HPE
B8D4F7	New H3C
B8D50B	Sunitec Enterprise
B8D526	Zyxel
B8D56B	Mirka
B8D5AD	Nokia
B8D61A	Espressif
B8D6F6	Huawei
B8D7AF	Murata
B8D82D	Qingdao Intelligent&Precise
B8D94D	Sagemcom
B8D9CE	Samsung
B8DA5E	Texas Instruments
B8DAE8	Huawei
B8DAF1	Strahlenschutz- Entwicklungs- und Ausruestungsgesellschaft mbH
B8DAF7	Advanced Photonics
B8DB1C	Integrated Device Technology (Malaysia) Sdn. Bhd
B8DB38	Google
B8DB3D	SIMCom Wireless Solutions
B8DC28	Extreme Networks
B8DC7D	VusionGroup
B8DC87	IAI
B8DD71	ZTE
B8DDE8	Sichuan Tianyi Comheart Telecom
B8DE5E	Longcheer Telecommunication
B8DF6B	SpotCam
B8DFD4	Fiberhome Telecommunication
B8E28C	Motorola
B8E3B1	Huawei
B8E3EE	Universal
B8E44A	Xconnect
B8E589	Payter
B8E60C	Apple
B8E625	2Wire
B8E779	9Solutions
B8E856	Apple
B8E924	Mellanox
B8E937	Sonos
B8EA98	Xiaomi
B8EAAA	ICG Networks
B8ECA3	Zyxel
B8EE0E	Sagemcom
B8EE65	Liteon
B8EE79	YWire
B8EF8B	Shenzhen Cannice
B8F009	Espressif
B8F015	Juniper
B8F080	SPS
B8F0B9	ZTE
B8F12A	Apple
B8F255	Universal
B8F317	iSun Smasher Communications Private
B8F44F	u-blox
B8F4A4	Google
B8F4D0	Herrmann Ultraschalltechnik
B8F5E7	WayTools
B8F653	Shenzhen Jingxun Software Telecommunication
B8F6B1	Apple
B8F732	Aryaka Networks
B8F74A	Rcntec
B8F774	Fiberhome Telecommunication
B8F775	Intel
B8F828	Changshu Gaoshida Optoelectronic
B8F853	Arcadyan
B8F862	Espressif
B8F883	TP-Link
B8F8BE	Bluecom
B8F934	Sony
B8FBAF	Xiamen IPRT
B8FBB3	TP-Link
B8FC28	Valeo Vision
B8FC9A	Le Shi Zhi Xin Electronic Technology (Tianjin)
B8FD32	Zhejiang ROICX Microelectronics
B8FE90	Cisco
B8FE96	Amazon
B8FF61	Apple
B8FF6F	Shanghai Typrotech
B8FFB3	MitraStar
B8FFFE	Texas Instruments
BC0004	Fiberhome Telecommunication
BC0023	Honor
BC0200	Stewart Audio
BC024A	HMD Global
BC026E	Silicon Laboratories
BC0358	Intel
BC03A7	MFP Michelin
BC0435	GD Midea Air-Conditioning Equipment
BC0543	AVM (FRITZ!Box)
BC062D	Wacom
BC071D	TP-Link
BC0866	Nestle Purina PetCare
BC091B	Intel
BC095C	FiSens
BC0963	Apple
BC09B9	Hui Zhou Gaoshengda
BC09EB	Tecno Mobile
BC0DA5	Texas Instruments
BC0EAB	Samsung
BC0F2B	Fortune Techgroup
BC0F64	Intel
BC0F9A	D-Link
BC0FA7	Ouster
BC0FB7	sywinkey HongKong Co,. Limited?
BC0FF3	HP
BC0FFE	Juniper
BC102F	SJI Industry
BC107B	Samsung
BC121F	Accton
BC122F	LCFC(Hefei)
BC125E	Beijing WisVideo
BC13A8	Shenzhen YOUHUA
BC1401	Hitron
BC1469	Phyplus Technology (Shanghai)
BC1485	Samsung
BC14EF	ITON
BC1541	Nokia
BC15A6	Taiwan Jantek
BC15AC	Vodafone Italia
BC1665	Cisco
BC1695	ZTE
BC16F5	Cisco
BC17B8	Intel
BC1827	Apple
BC1896	Huawei
BC1926	Espressif
BC192F	Texas Instruments
BC1A67	YF
BC1AE4	Huawei
BC1C81	Sichuan iLink
BC1D89	Motorola
BC1E85	Huawei
BC1FE1	Ascendent
BC20A4	Samsung
BC20BA	Inspur (Shandong) Electronic Information
BC2106	Adtran
BC2228	D-Link
BC2247	New H3C
BC22FB	RF Industries
BC2392	BYD Precision Manufacture
BC239F	vivo
BC2411	Proxmox Server Solutions
BC2492	New H3C
BC25E0	Huawei
BC25F0	3D Display
BC261D	Hong Kong Tecon
BC2643	Elprotronic
BC26A1	Factory Five
BC26C7	Cisco
BC277A	Samsung
BC282C	e-Smart Systems Pvt
BC2846	NextBIT Computing Pvt
BC28D6	Rowley Associates
BC2978	Prama Hikvision India Private
BC2A33	Quectel Wireless Solutions
BC2B02	China Dragon
BC2B1E	Cresyn
BC2B6B	Beijing Haier IC Design
BC2BD7	Revogi Innovation
BC2C55	Bear Flag Design
BC2CE6	Cisco
BC2D98	ThinGlobal
BC2DEF	Realme Chongqing Mobile Telecommunications
BC2E48	CommScope
BC2EC3	Shenzhen Tianruixiang Communication Equipment
BC2EF6	Huawei
BC2F3D	vivo
BC305B	Dell
BC307D	WNC
BC307E	WNC
BC30D9	Arcadyan
BC31E2	New H3C
BC325F	Zhejiang Dahua
BC32B2	Samsung
BC3329	Sony
BC3340	Cisco Meraki
BC33AC	Silicon Laboratories
BC33DB	Sagemcom
BC34CA	Inovance
BC34D6	Extreme Networks
BC351E	Tuya Smart
BC35E5	Hydro
BC36F7	Huawei
BC37D3	Apple
BC3865	Jwcnetworks
BC3898	Intel
BC38D2	Pandachip
BC39A6	CSUN System
BC39D9	Z-TEC
BC3AEA	OPPO
BC3BAF	Apple
BC3D85	Huawei
BC3E07	Hitron
BC3E0B	Panasonic Connect
BC3E13	Accordance
BC3ECB	vivo
BC3F4E	Great Talent
BC3F8F	Huawei
BC4100	CODACO ELECTRONIC s.r.o
BC4101	Shenzhen TINNO Mobile
BC41A0	ZTE
BC428C	Alpsalpine
BC4377	Hang Zhou Huite
BC4434	Shenzhen TINNO Mobile
BC4486	Samsung
BC44B0	Elastifile
BC4529	ZTE
BC452E	Knowledge Development for POF S.L
BC4548	Beijing gpthink
BC455B	Samsung
BC458C	Shenzhen Topwise Communication
BC4632	Fiberhome Telecommunication
BC4699	TP-Link
BC4760	Samsung
BC49B2	Shenzhen Along Communication
BC4A56	Cisco
BC4B79	SensingTek
BC4C78	Huawei
BC4CA0	Huawei
BC4CC4	Apple
BC4DFB	Hitron
BC4E3C	Core Staff
BC4E5D	ZhongMiao
BC4F2D	Apple
BC515F	Nokia
BC516C	Tiandy
BC51FE	Swann communications
BC5274	Samsung
BC52B4	Nokia
BC52B7	Apple
BC542F	Intel
BC5436	Apple
BC5451	Samsung
BC54F9	Drogoo
BC54FC	Shenzhen Mercury Communication
BC5729	Shenzhen KKM
BC5A34	New H3C
BC5A56	Cisco
BC5BD5	CommScope
BC5C17	Qingdao Intelligent&Precise
BC5C4C	Elecom
BC5DA3	Sichuan Tianyi Comheart Telecom
BC5E33	Hangzhou Hikvision Digital
BC5E91	Honor
BC5EA1	PsiKick
BC5FF4	ASRock Incorporation
BC5FF6	Mercury Communication
BC6010	Qingdao Hisense Communications
BC606B	Shanghai Baud Data Communication
BC60A7	Sony
BC6193	Xiaomi
BC620E	Huawei
BC629C	ZTE
BC629F	Telenet Systems P
BC62CE	Netis
BC62D2	Genexis
BC644B	CommScope
BC64D9	OPPO
BC66DE	Shadow Creator Information
BC671C	Cisco
BC6778	Apple
BC6784	Environics
BC68C3	Huawei
BC69CB	Panasonic Electric Works Networks
BC6A16	tdvine
BC6A29	Texas Instruments
BC6A2F	Henge Docks
BC6A44	Commend
BC6AD1	Xiaomi
BC6B4D	Nokia
BC6BFF	Guangzhou Shiyuan Electronic
BC6C21	Apple
BC6C96	Tenda
BC6D05	Dusun Electron
BC6E64	Sony
BC6E6D	EM Microelectronic
BC6E76	Green Energy Options
BC6EE2	Intel
BC71C1	XTrillion
BC72B1	Samsung
BC73A4	Anda Telecom PVT
BC744B	Nintendo
BC74D7	HangZhou JuRu
BC74EA	Apple
BC7536	Alpsalpine
BC7574	Huawei
BC7596	Beijing Broadwit
BC764E	Rackspace US
BC765E	Samsung
BC7670	Huawei
BC76C5	Huawei
BC76F9	Ubiquoss
BC7737	Intel
BC779F	SBM
BC79AD	Samsung
BC7ABF	Samsung
BC7B72	Huawei
BC7DD1	Radio Data Comms
BC7E8B	Samsung
BC7EC3	Zyxel
BC7F7B	Huawei
BC7FA4	Xiaomi
BC804E	Apple
BC811F	Ingate
BC8199	BASIC
BC825D	Mitsumi Electric
BC8385	Microsoft
BC83A7	Shenzhen Chuangwei-rgb
BC851F	Samsung
BC8529	Jiangxi Remote lntelligence
BC8556	Foxconn
BC85D0	SKY UK
BC86A5	Cambridge Mobile Telematics
BC8753	Sera Network
BC87FA	Bose
BC8893	Villbau
BC88C3	Ningbo Dooya Mechanic & Electronic
BC89A6	Nintendo
BC89A7	Apple
BC89C1	Apple
BC89F8	GD Midea Air-Conditioning Equipment
BC8AA3	NHN Entertainment
BC8AE8	Qing DAO Haier Telecom
BC8B55	NPP ELIKS America Inc. DBA T&M Atlantic
BC8CCD	Samsung
BC8D0E	Nokia
BC8D1F	Cisco
BC8D2D	Fiberhome Telecommunication
BC8D7E	Silicon Laboratories
BC903A	Robert Bosch
BC91B5	Infinix mobility
BC926B	Apple
BC9307	Samsung
BC9325	Ningbo Joyson Preh Car Connect
BC932A	Silicon Laboratories
BC9388	Nokia
BC9424	TCT mobile
BC9680	Shenzhen Gongjin Electronics Co.,lt
BC96E5	Sercomm
BC9789	Huawei
BC97E1	Broadcom
BC9829	vivo
BC9889	Fiberhome Telecommunication
BC98DF	Motorola
BC9911	Zyxel
BC9930	Huawei
BC99BC	FonSee
BC9A53	Huawei
BC9A8E	Humax Networks
BC9B5E	Hangzhou Hikvision Digital
BC9B68	Vantiva USA
BC9C31	Huawei
BC9C8D	Ruckus
BC9CC5	Beijing Huafei
BC9D37	Telink Micro
BC9D42	Shenzhen Rf-link
BC9D4E	Shenzhen Skyworth Digital
BC9DA5	DASCOM Europe
BC9E2C	China Mobile Group Device
BC9EBB	Nintendo
BC9F58	Apple
BC9FE4	HPE
BC9FEF	Apple
BCA042	Shanghai Flyco Electrical Appliance
BCA080	Samsung
BCA0B9	Huawei
BCA13A	VusionGroup
BCA231	Huawei
BCA37F	Rail-Mil Sp. z o.o. Sp. K
BCA4E1	Nabto
BCA511	Netgear
BCA58B	Samsung
BCA5A9	Apple
BCA68D	Continetal Automotive Systems Sibiu
BCA6E7	Sichuan Odot Automation System
BCA8A6	Intel
BCA920	Apple
BCA993	Cambium Networks
BCA9D2	Quectel Wireless Solutions
BCA9D6	Cyber-Rain
BCAA82	Fiberhome Telecommunication
BCAB7C	TRnP KOREA
BCABF5	Cisco
BCAD28	Hangzhou Hikvision Digital
BCAD90	Kymeta Purchasing
BCADAB	Avaya
BCADAE	AltoBeam
BCAEC5	ASUS
BCAF6E	Arcadyan
BCAF87	smartAC.com
BCAF91	TE Connectivity Sensor Solutions
BCB0E7	Huawei
BCB181	SHARP
BCB1D3	Cisco Meraki
BCB1F3	Samsung
BCB22B	EM-Tech
BCB2CC	Samsung
BCB308	Hongkong Ragentek Communication
BCB30E	Cisco
BCB4FD	NXP Semiconductor (Tianjin)
BCB6FB	P4Q Electronics, S.L
BCB852	Cybera
BCB863	Apple
BCB923	Alta Networks
BCBAC2	Hangzhou Hikvision Digital
BCBAE1	AREC
BCBB58	Apple
BCBBC9	Kellendonk Elektronik
BCBC46	SKS Welding
BCBCCA	Huawei
BCBD84	ZTE
BCBD9E	Itel Mobile
BCBEFB	ASL Xiamen
BCBF2E	ASUS
BCC00F	Fiberhome Telecommunication
BCC168	DinBox Sverige
BCC23A	Thomson Video Networks
BCC2D9	Private
BCC31B	Kygo Life A
BCC342	Panasonic Communications
BCC427	Huawei
BCC436	Nokia
BCC493	Cisco
BCC61A	Spectra Embedded
BCC6DB	Nokia
BCC746	Foxconn
BCC7DA	Earda
BCC810	Cisco
BCC8CC	Epson
BCCAB5	CommScope
BCCD45	Voismart
BCCD7F	Huawei
BCCD99	Intel
BCCE25	Nintendo
BCCF4F	Zyxel
BCCFCC	HTC
BCD074	Apple
BCD0EB	New H3C
BCD11F	Samsung
BCD165	Cisco
BCD177	TP-Link
BCD1D3	Shenzhen TINNO Mobile
BCD206	Huawei
BCD22C	Intel
BCD295	Cisco
BCD5B6	d2d
BCD5ED	Sagemcom
BCD713	Owl Labs
BCD767	BAE
BCD7A5	HPE
BCD7CE	China Mobile (Hangzhou) Information
BCD7D4	Roku
BCD849	TP-Link
BCD940	ASR
BCD9FB	China Mobile Group Device
BCDB09	Cisco Meraki
BCDDC2	Espressif
BCDF58	Google
BCE001	Netis
BCE09D	Eoslink
BCE143	Apple
BCE265	Huawei
BCE59F	Waterworld
BCE63F	Samsung
BCE67C	Cambium Networks
BCE712	Cisco
BCE767	Quanzhou TDX
BCE796	Wireless CCTV
BCE8FA	OPPO
BCE92F	HP
BCE9E2	Brocade Communications
BCEA2B	CityCom
BCEA9C	Itel Mobile
BCEAFA	HP
BCEB5F	Fujian Beifeng Telecom
BCEBE8	Samsung
BCEC23	Shenzhen Chuangwei-rgb
BCEC5D	Apple
BCECA0	Compal Information (kunshan)
BCEE7B	ASUS
BCF105	Intel
BCF171	Intel
BCF1F2	Cisco
BCF212	Telink Micro
BCF292	Plantronics
BCF2AF	devolo
BCF2E5	Powerful Devices
BCF310	Extreme Networks
BCF45F	ZTE
BCF499	Rockwell Automation
BCF4D4	Cloud Network Technology Singapore PTE
BCF5AC	LG
BCF61C	Geomodeling Wuxi
BCF685	D-Link
BCF730	Samsung
BCF811	Xiamen DNAKE
BCF87E	Arcadyan
BCF88B	ZTE
BCF9F2	Cjsc "stc "teko"
BCFAB8	Guangzhou Shiyuan Electronic
BCFABA	Mellanox
BCFAEB	Cisco
BCFCE7	ASUS
BCFD0C	Shenzhen Phaten
BCFE8C	Altronic
BCFED9	Apple
BCFF21	Smart Code(shenzhen)Technology
BCFF4D	Espressif
BCFF54	ZTE
BCFFAC	Topcon
BCFFEB	Motorola
C00195	Amazon
C0028D	WINSTAR Display
C00380	Juniper
C005C2	CommScope
C0060C	Huawei
C006C3	TP-Link
C0074A	Brita
C00925	Fn-link
C00ACA	SafeSquare
C00D7E	Additech
C010B1	HMD Global
C01173	Samsung
C011A6	Fort-Telecom
C01242	Alpha Security Products
C0132B	Sichuan Changhong Electric
C0143D	Foxconn
C014B8	Nokia
C014FE	Cisco
C0151B	Sony
C01692	China Mobile Group Device
C01693	Xiaomi
C0174D	Samsung
C01754	Apple
C01803	HP
C01850	Quanta Computer
C01885	Foxconn
C0188C	Altus Sistemas de Automação
C01944	Juniper
C01ADA	Apple
C01B23	Sichuan Tianyi Comheart Telecom
C01C30	Shenzhen WIFI-3L
C01C6A	Google
C01E9B	Pixavi
C0210D	Shenzhen Rf-link
C02242	Chauvet
C02250	Koss
C0238D	Samsung
C02506	AVM (FRITZ!Box)
C0252F	Shenzhen Mercury Communication
C0255C	Cisco
C02567	Nexxt Solutions
C025A2	NEC Platforms
C025A5	Dell
C025E9	TP-Link
C027B9	Beijing National Railway Research & Design Institute of Signal & Communication
C0280B	Honor
C0288D	Logitech
C02897	Cisco
C02973	Audyssey Laboratories
C029F3	XySystem
C02B31	Phytium
C02B56	Candid Optronix Private
C02BFC	iNES. applied informatics
C02C17	Cisco
C02C5C	Apple
C02C7A	Shenzhen Horn Audio
C02CED	Silicon Laboratories
C02D10	Mohan Electronics AND
C02D2E	China Mobile Group Device
C02DEE	Cuff
C02E1D	Nokia
C02E25	OPPO
C02E26	iRhythm
C02E5F	Zyxel
C02EDF	AltoBeam
C02FCD	OPPO
C02FF1	Volta Networks
C0335E	Microsoft
C03379	Huawei
C033DA	Shenzhen JRUN
C034B4	Gigastone
C03532	Liteon
C03580	A&R
C035BD	Velocytech Aps
C035C5	Prosoft
C03653	eero
C03656	Fiberhome Telecommunication
C03896	Foxconn
C038F9	Nokia
C03937	Gree Electric Appliances, Inc. OF Zhuhai
C0395A	Zhejiang Dahua
C03A55	TP-Link
C03B8F	Minicom Digital Signage
C03C04	Sagemcom
C03C59	Intel
C03D03	Samsung
C03D46	Shanghai Sango Network
C03DD9	MitraStar
C03E0F	SKY UK
C03E50	Huawei
C03E75	Huawei
C03EBA	Dell
C03F0E	Netgear
C03F2A	Biscotti
C03FBB	Zhongshan Zhiniu
C03FD5	Elitegroup Computer
C03FDD	Huawei
C04004	Medicaroid
C0408D	Alpsalpine
C04121	Nokia
C041F6	LG
C042D0	Juniper
C04301	Epec
C04327	Realme Chongqing Mobile Telecommunications
C04442	Apple
C044E3	Shenzhen Sinkna
C0470E	Dell
C04754	vivo
C04884	Sigma Bilisim Sist. Tekn. Elk. Enj. ve San. D??. Tic. Ltd. ?ti
C048E6	Samsung
C048FB	Shenzhen JingHanDa
C0493D	Maitrise Technologique
C04943	ZTE
C049BD	EM Microelectronic
C049EF	Espressif
C04A00	TP-Link
C04A09	Zhejiang Everbright Communication Equip
C04A0E	Texas Instruments
C04B13	WonderSound
C04DF7	Serelec
C04E30	Espressif
C04E8A	Huawei
C05064	Shennan Circuits
C05097	EG4
C0515C	ZTE
C0517E	Hangzhou Hikvision Digital
C051F3	CIG Shanghai
C05234	Huawei
C05336	Beijing National Railway Research & Design Institute of Signal & Communication
C0544D	Nokia
C0555C	Impulse Labs
C05627	Belkin
C056E3	Hangzhou Hikvision Digital
C05724	Honor
C057BC	Avaya
C0582E	Cisco
C058A7	Pico
C05B44	Xiaomi
C05BBD	Huawei
C05D39	Jiangsu Huitong
C05D89	Espressif
C05E6F	V. Stonkaus firma "Kodinis Raktas"
C05E79	Shenzhen Huaxun ARK
C05F87	Legrand INTELLIGENT ELECTRICAL(HUIZHOU)CO
C06118	TP-Link
C0613D	BioIntelliSense
C06194	Huawei
C0626B	Cisco
C062F2	Beijing Cotytech
C06369	Binxin Technology(zhejiang)
C06380	Texas Instruments
C06394	Apple
C064C6	Nokia
C064E4	Cisco
C06599	Samsung
C067AF	Cisco
C068CC	Shenzhen Skyworth Digital
C06911	Arista Networks
C06B55	Motorola
C06BC7	Gallagher
C06C0C	Apple
C06C0F	Dobbs Stanford
C06C6D	MagneMotion
C06D1A	Tianjin Henxinhuifeng
C06DED	Hangzhou Hikvision Digital
C06E3D	Shenzhen Tecno
C06F98	eero
C07009	Huawei
C071AA	ShenZhen OnMicro
C07415	IntelPro
C0742B	Shenzhen Xunlong Software
C074AD	Grandstream Networks
C07640	Trivedi Advanced
C07831	Huawei
C07878	Flextronics Manufacturing(zhuhai)co
C07982	TCL King Electrical Appliances(Huizhou)Co
C07AD6	Samsung
C07BBC	Cisco
C07C90	Shenzhen YOUHUA
C07CD1	Pegatron
C07E40	Shenzhen XDK Communication Equipment
C08135	Ningbo Forfan
C08170	Effigis GeoSolutions
C0830A	2Wire
C083C9	Huawei
C0847A	Apple
C0847D	AMPAK
C08488	Finis
C084E0	Huawei
C084FF	GD Midea Air-Conditioning Equipment
C0854C	Ragentek
C086B3	Shenzhen Voxtech
C08706	Shenzhen Qianfenyi Intelligent
C087EB	Samsung
C08840	GD Midea Air-Conditioning Equipment
C0885B	SnD
C0886D	Securosys
C08997	Samsung
C089AB	CommScope
C08A60	AltoBeam
C08ACD	Guangzhou Shiyuan Electronic
C08ADE	Ruckus
C08B05	Huawei
C08B27	Fn-link
C08B2A	Cisco
C08B6F	S I Sistemas Inteligentes Eletrônicos Ltda
C08C60	Cisco
C08C71	Motorola
C08D51	Amazon
C08F20	Shenzhen Skyworth Digital
C09120	Sichuan Tianyi Comheart Telecom
C09132	Patriot Memory
C09134	ProCurve Networking by HP
C091B9	Amazon
C09296	ZTE
C09435	CommScope
C094AD	ZTE
C0956D	Apple
C09573	AIxLink
C095CF	Amazon
C095DA	NXP India Private
C096A4	Fiberhome Telecommunication
C09727	Samsung
C09879	Acer
C098DA	China Mobile IOT
C098E5	University of Michigan
C09A71	Xiamen Meitu Mobile
C09AD0	Apple
C09B63	Huawei
C09B9E	Silicon Laboratories
C09C04	Shaanxi GuoLian Digital TV
C09C92	COBY
C09D26	Topicon HK Lmd
C09F05	OPPO
C09F42	Apple
C09F51	Sernet (suzhou)
C09FE1	ZTE
C0A00D	CommScope
C0A0BB	D-Link
C0A0C7	Fairfield Industries
C0A0DE	Multi Touch
C0A0E2	Eden Innovations
C0A1A2	MarqMetrix
C0A26D	Abbott Point of Care
C0A364	3D Systems Massachusetts
C0A36D	Huawei
C0A36E	SKY UK
C0A39E	EarthCam
C0A3C7	Telink Micro
C0A476	Ruijie Networks
C0A4B9	Sichuan AI-Link
C0A4CF	Nintendo
C0A53E	Apple
C0A5DD	Shenzhen Mercury Communication
C0A5E8	Intel
C0A600	Apple
C0A66D	Inspur
C0A810	Intel
C0A8F0	Adamson Systems Engineering
C0A938	Huawei
C0AA68	OSASI Technos
C0AB2B	Huawei
C0AC54	Sagemcom
C0AD97	Tecno Mobile
C0AEFD	Shenzhen HC-WLAN
C0AFF2	Dyson
C0B101	ZTE
C0B22F	Apple
C0B339	Comigo
C0B357	Yoshiki Electronics Industry
C0B3C8	LLC "NTC Rotek"
C0B47D	Huawei
C0B550	Broadcom
C0B5CD	Huawei
C0B5D7	Chongqing Fugui
C0B5DD	Silicon Laboratories
C0B658	Apple
C0B6F9	Intel
C0B713	Beijing Xiaoyuer
C0B883	Intel
C0B8B1	BitBox
C0B8E6	Ruijie Networks
C0BA1F	Xiamen Milesight IoT
C0BAE6	Zenitel GB
C0BC9A	Huawei
C0BD42	ZPA Smart Energy a.s
C0BDC8	Samsung
C0BDD1	Samsung
C0BFA7	Juniper
C0BFAC	Huawei
C0BFBE	AzureWave
C0BFC0	Huawei
C0C170	Shenzhen SuperElectron
C0C1C0	Linksys
C0C3B6	Automatic
C0C4F9	Qisda
C0C520	Ruckus
C0C522	CommScope
C0C569	Shanghai Lynuc CNC
C0C687	Cisco
C0C70A	Ruckus
C0C7B5	Infinix mobility
C0C7DB	Apple
C0C946	Mitsuya Laboratories
C0C976	Shenzhen TINNO Mobile
C0C989	Edgecore Americas Networking
C0C9E3	TP-Link
C0CAA2	ESSYS
C0CB38	Foxconn
C0CBF1	Mobiwire Mobiles (NingBo)
C0CC42	Sichuan Tianyi Comheart Telecom
C0CCF8	Apple
C0CDD6	Espressif
C0CECD	Apple
C0CF64	Hangzhou Zenith Electron
C0CFA3	Creative Electronics & Software
C0D012	Apple
C0D026	Huawei
C0D044	Sagemcom
C0D063	EM Microelectronic
C0D0FF	China Mobile IOT
C0D193	Huawei
C0D2DD	Samsung
C0D2F3	Hui Zhou Gaoshengda
C0D3C0	Samsung
C0D46B	Huawei
C0D5E2	Samsung
C0D60A	Texas Instruments
C0D682	Arista Networks
C0D6D5	Microsoft
C0D7AA	Arcadyan
C0D834	xvtec
C0D941	Shenzhen VMAX Software
C0D962	Askey Computer
C0D9F7	ShanDong Domor Intelligent S&T
C0DA5E	Huawei
C0DA74	Hangzhou Sunyard
C0DC6A	Qingdao Eastsoft Communication
C0DCAB	LG
C0DCD7	Huawei
C0DCDA	Samsung
C0DD8A	Meta Platforms
C0DF77	Conrad Electronic SE
C0DFED	Juniper
C0E018	Huawei
C0E01C	IoT Security Group, SL
C0E1BE	Huawei
C0E350	China Dragon
C0E3A0	Renesas Electronics (Penang) Sdn. Bhd
C0E3FB	Huawei
C0E422	Texas Instruments
C0E42D	TP-Link
C0E434	AzureWave
C0E54E	ARIES Embedded
C0E579	Huawei
C0E5DA	Qingdao Intelligent&Precise
C0E7BF	Sichuan AI-Link
C0E862	Apple
C0E8EA	Fiberhome Telecommunication
C0E911	RealNetworks
C0EAE4	Sonicwall
C0EDE5	OPPO
C0EE40	Ezurio
C0EEB5	Enice Network
C0EEFB	OnePlus
C0F1C4	Pacidal
C0F2FB	Apple
C0F4E6	Huawei
C0F535	AMPAK
C0F636	Hangzhou Kuaiyue
C0F6C2	Huawei
C0F6EC	Huawei
C0F79D	Powercode
C0F827	Rapidmax
C0F853	Tuya Smart
C0F87F	Cisco
C0F8DA	Foxconn
C0F945	Toshiba Toko Meter
C0F991	GME Standard Communications P/L
C0F9B0	Huawei
C0F9D2	arkona
C0FBC1	Itel Mobile
C0FD6F	Sagemcom
C0FD84	ZTE
C0FFA8	Huawei
C0FFD4	Netgear
C40006	Lipi Data
C40049	Kamama
C400AD	Advantech Technology (CHINA)
C400B5	HongKong Tenry
C40142	MaxMedia
C4017C	Ruckus
C401B1	SeekTech
C401CE	Presition (2000)
C402E1	Khwahish Technologies Private
C403A8	Intel
C40415	Netgear
C4047B	Shenzhen YOUHUA
C404D8	Aviva Links
C40528	Huawei
C40683	Huawei
C4072F	Huawei
C40778	New H3C
C40826	Hisense Visual
C4084A	Nokia
C40880	Shenzhen UTEPO
C40898	Dropbeats
C40938	Fujian Star-net Communication
C409B7	Juniper
C40ACB	Cisco
C40B31	Apple
C40BCB	Xiaomi
C40D96	Huawei
C40E45	ACK Networks
C40EB7	IoTronix Technologies Sdn. Bhd
C40F08	Intel
C40F09	Hermes electronic
C40FA6	Sernet (suzhou)
C41062	Cornet Technology India Pvt
C4108A	Ruckus
C411E0	Bull
C41234	Apple
C412EC	Huawei
C412F5	D-Link
C41375	Cloud Network Technology Singapore PTE
C413E2	Extreme Networks
C41411	Apple
C4143C	Cisco
C414A2	Cisco Meraki
C41688	Huawei
C4168F	Apple
C416C8	Huawei
C416FA	Prysm
C4170E	Huawei
C417FE	Foxconn
C418E9	Samsung
C418FC	Cisco
C4198B	Dominion Voting
C419D1	Telink Semiconductor (Shanghai)
C419EC	Qualisys
C41C07	Samsung
C41C9C	JiQiDao
C41CFF	Vizio
C41ECE	HMI Sources
C42155	Huawei
C421B9	ZTE
C421C8	Kyocera
C4224E	Telink Micro
C42360	Intel
C4237A	WhizNets
C423A2	PT. Emsonic Indonesia
C423E2	WNC
C4242E	Galvanic Applied Sciences
C42456	Palo Alto Networks
C42628	Airo Wireless
C42728	ZTE
C4278C	Huawei
C42795	Vantiva USA
C4282D	Embedded Intellect
C4291D	Klemsan Elektrik Elektronik San.ve TIC
C42996	Signify
C42AD0	Apple
C42B44	Huawei
C42C03	Apple
C42C4F	Qingdao Hisense Mobile Communication
C42C7B	Vietnam Post AND Telecommunication Industry Technology Join Stock
C42F90	Hangzhou Hikvision Digital
C43018	MCS Logic
C430CA	SD Biosensor
C432D1	Farlink
C43306	China Mobile Group Device
C43396	Dongguan Hele
C4345B	Huawei
C4346B	HP
C435D9	Apple
C43655	Shenzhen Fenglian
C4366C	LG
C436C0	Buffalo
C436DA	Rusteletech
C43772	Virtuozzo
C43875	Sonos
C438D3	Tagatec
C4393A	SMC Networks
C43960	GD Midea Air-Conditioning Equipment
C43A35	Fn-link
C43A9F	Siconix
C43AA5	AzureWave
C43ABE	Sony
C43C3C	Cybelec
C43CB0	Shenzhen Bilian Electronic Co.，ltd
C43CEA	Buffalo
C43D1A	Intel
C43DC7	Netgear
C43EAB	Huawei
C44044	RackTop
C440F6	OPPO
C4411E	Belkin
C44137	Quectel Wireless Solutions
C44202	Samsung
C44268	Crestron
C4438F	LG
C4447D	Huawei
C444A0	Cisco
C44567	SAMBON PRECISON and
C445EC	Shanghai Yali Electron
C44606	Cisco
C44619	Foxconn
C4473F	Huawei
C4474E	Intel
C44838	Satcom Direct
C448FA	Taicang T&W
C4491B	Apple
C4493E	Motorola
C449BB	Mitsumi Electric
C44AD0	Fireflies
C44B31	Cisco
C44B44	Omniprint
C44BD1	Wallys Communications Teachnologies
C44D84	Cisco
C44E1F	BlueN
C44E5D	Texas Instruments
C44EAC	Shenzhen Shiningworth
C44F33	Espressif
C44F5F	Huawei
C44F96	Alps Alpine
C44FD5	Vantiva - Connected Home
C45006	Samsung
C4509C	Vantiva - Connected Home
C4518D	Shenzhen YOUHUA
C4524F	Apple
C45379	Micronview Limited Liability
C45444	Quanta Computer
C4550D	Huawei
C455A6	Cadac
C455C2	Bach-Simpson
C45600	Galleon Embedded Computing
C456FE	Lava
C4571F	June Life
C45746	Texas Instruments
C4576E	Samsung
C45781	Wingtech Group (HongKong)
C457CD	Huawei
C45878	AltoBeam
C458C2	Shenzhen TATFOOK
C45976	Fugoo Coorporation
C45A86	Huawei
C45AB1	Dell
C45BAC	Apple
C45BBE	Espressif
C45BF7	ants
C45D83	Samsung
C45DD8	HDMI Forum
C45E5C	Huawei
C4600A	Huaqin
C46026	SKY UK
C46044	Everex
C4618B	Apple
C4619A	Texas Instruments
C461C7	Microsoft
C46237	sunweit industrial
C4626B	ZPT Vigantice
C462EA	Samsung
C46354	U-Raku
C463C4	Huawei
C463FB	Neatframe
C46413	Cisco
C464B7	Fiberhome Telecommunication
C464E3	Texas Instruments
C464F2	Infinix mobility
C46516	HP
C46699	vivo
C4678B	Alphabet Capital Sdn Bhd
C467A1	Accelight Technologies (Wuhan)
C467B5	Libratone
C467D1	Huawei
C468D0	VTech Telecommunications
C4693E	Turbulence Design
C46940	Xiaomi
C469F0	Huawei
C46AB7	Xiaomi
C46BB4	myIDkey
C46DD1	Huawei
C46DF1	DataGravity
C46E1F	TP-Link
C46E33	Zhong Ge Smart
C46E7B	Shenzhen Rf-link
C4700B	Guangzhou Chip
C470AB	Ruijie Networks
C470BD	Mellanox
C4710F	Xiaomi
C47130	Fon Technology S.L
C47154	TP-Link
C471FE	Cisco
C47295	Cisco
C4731E	Samsung
C4741E	ZTE
C47469	BT9
C474F8	Hot Pepper
C475AB	Intel
C475EA	Huawei
C47764	Samsung
C477AB	Beijing ASU
C477AF	Advanced Digital Broadcast
C478A2	Huawei
C47905	Zhejiang Uniview
C47981	Ehya
C4799F	Haiguang Smart Device
C47A5D	Panmnesia
C47B2F	Beijing JoinHope Image
C47B80	Protempis
C47BA3	NAVIS
C47BE3	Huawei
C47D46	Fujitsu
C47D4F	Cisco
C47D9F	Samsung
C47DA8	NXP Semiconductor (Tianjin)
C47DCC	Zebra
C47DFE	A.N. Solutions
C47EE0	Cisco
C47F51	Inventek
C48025	Huawei
C4808A	Cloud Diagnostics Canada ULC
C4823F	Fujian Newland Auto-ID
C4824E	Changzhou Uchip
C482E1	Tuya Smart
C4836F	Ciena
C48466	Apple
C484C0	Motorola
C484FC	Apple
C48508	Intel
C4864F	Beijing BitIntelligence Information
C486E9	Huawei
C488E5	Samsung
C489ED	Solid Optics EU N.V
C48A5A	Jfcontrol
C48ACE	Hisense Visual
C48B66	Hui Zhou Gaoshengda
C48BA3	Cisco Meraki
C48E8F	Foxconn
C48F07	Shenzhen Yihao Hulian Science and
C48FC1	Deeptrack S.l.u
C4910C	Apple
C4913A	Shenzhen Sanland Electronic
C491CF	Luxul
C4924C	Keisokuki Center
C492D9	ZTE
C49300	8Devices
C49313	100fio networks
C49380	Speedytel
C493BB	Xiaomi
C493D9	Samsung
C49500	Amazon
C4955F	Anhui Saida Technology Limited Liability
C495A2	Shenzhen Weijiu Industry AND Trade Development
C4969F	Amazon
C49805	Minieum Networks
C4985C	Hui Zhou Gaoshengda
C49878	Shanghai Moaan Intelligent
C49880	Apple
C49886	Qorvo International Pte
C49A02	LG
C49A31	Zyxel
C49A89	Suzhou K-Hiragawa Electronic
C49D08	Huawei
C49DED	Microsoft
C49E41	G24 Power
C49E7E	Espressif
C49F4C	Huawei
C49FF3	Mciao
C4A052	Motorola
C4A151	Sichuan Tianyi Comheart Telecom
C4A1AE	Huawei
C4A366	ZTE
C4A3EF	UEI Electronics Private
C4A402	Huawei
C4A451	Tecno Mobile
C4A64E	Quectel Wireless Solutions
C4A72B	Shenzhen Chuangwei-rgb
C4A816	eero
C4A81D	D-Link
C4A9B8	Xiamenshi C-chip
C4AA43	Cisco
C4AA99	Huawei
C4AAA1	SUMMIT DEVELOPMENT, spol.s r.o
C4AAC4	Zhejiang Dahua
C4AB4D	Cisco
C4ABB2	vivo
C4AC59	Murata
C4ACAA	Apple
C4AD21	Mediaedge
C4AD34	Routerboard.com
C4ADF1	Gopeace
C4AE12	Samsung
C4B16B	Advantech Czech
C4B1D9	Huawei
C4B239	Cisco
C4B25B	Ruijie Networks
C4B301	Apple
C4B349	Apple
C4B36A	Cisco
C4B512	General Electric Digital Energy
C4B691	Angel Robotics
C4B757	Alpsalpine
C4B8B4	Huawei
C4B9CD	Cisco
C4BA99	I+ME Actia Informatik und Mikro-Elektronik
C4BAA3	Beijing Winicssec
C4BB03	Huawei
C4BB4C	Zebra Information
C4BB89	Shanghai High-Flying
C4BBEA	Pakedge Device and Software
C4BCD7	New Ryatek
C4BD6A	SKF
C4BD8D	Shenzhen Chuangwei-rgb
C4BDE5	Intel
C4BE84	Texas Instruments
C4BED4	Avaya
C4BF60	Tecno Mobile
C4C00A	Microsoft
C4C063	New H3C
C4C0AE	Midori Electronic
C4C138	OWLink
C4C17D	Apple
C4C19F	National Oilwell Varco Instrumentation, Monitoring, and Optimization (NOV IMO)
C4C36B	Apple
C4C563	Tecno Mobile
C4C603	Cisco
C4C6E6	LCFC(Hefei)
C4C755	Beijing HuaqinWorld
C4C919	Energy Imports
C4C9EC	Gugaoo HK
C4CA2B	Arista Networks
C4CA67	Chongqing ZQZER
C4CAD9	Hangzhou H3C
C4CB33	Garmin
C4CB54	Fibocom Auto
C4CB6B	Airista Flow
C4CB76	Microsoft
C4CBBE	Great Talent
C4CBE1	Dell
C4CCF9	ZTE
C4CD45	Beijing Boomsense
C4CD50	Shenzhen C-Data
C4CD82	Hangzhou Lowan Information
C4D0E3	Intel
C4D197	Ventia Utility Services
C4D36A	Texas Instruments
C4D438	Huawei
C4D489	JiangSu Joyque Information Industry
C4D496	Shenzhen Excelsecu Data
C4D4D0	Shenzhen Tecno
C4D655	Tercel
C4D666	Cisco Meraki
C4D6D3	Dell
C4D738	Huawei
C4D7DC	Zhejiang Weilai Jingling Artificial Intelligence
C4D7FD	Bouffalo Lab (Nanjing)
C4D8C8	Silicon Laboratories
C4D8D4	Huawei
C4D8D5	Espressif
C4D8F3	iZotope
C4D987	Intel
C4DA26	Noblex
C4DA7D	Ivium
C4DB04	Huawei
C4DBAD	Ring
C4DD57	Espressif
C4DE7B	Huawei
C4DEE2	Espressif
C4DF39	Realme Chongqing Mobile Telecommunications
C4E032	IEEE 1904.1 Working
C4E0DE	Zhengzhou XindaJiean Information
C4E17C	U2S
C4E1A1	OPPO
C4E287	Huawei
C4E39F	OPPO
C4E3CE	EnGenius
C4E506	Piper Networks
C4E510	Mechatro
C4E532	Arcadyan
C4E5B1	Suzhou PanKore Integrated Circuit
C4E733	Clear Align
C4E7AE	Chengdu Meross
C4E7BE	SCSpro
C4E90A	D-Link
C4E92F	AB Sciex
C4E984	TP-Link
C4EA1D	Vantiva Technologies Belgium
C4EB39	Sagemcom
C4EB41	Sagemcom
C4EB42	Sagemcom
C4EB43	Sagemcom
C4EB68	VusionGroup
C4EB81	Apple
C4EBE3	RRCN
C4EBFF	ZTE
C4EDBA	Texas Instruments
C4EEAE	VSS Monitoring
C4EEF5	II-VI
C4EF3D	Samsung
C4EF70	Home Skinovations
C4EFBB	LCFC(Hefei)
C4EFDA	Honeywell
C4F035	Hughes Network
C4F081	Huawei
C4F0EC	Fiberhome Telecommunication
C4F122	Nexar
C4F174	eero
C4F1D1	Beijing Sogou Technology Development
C4F312	Texas Instruments
C4F445	Apple
C4F464	Spica
C4F57C	Brocade Communications
C4F5A5	Kumalift
C4F7C1	Apple
C4F7D5	Cisco
C4F839	Actia Automotive
C4FBAA	Huawei
C4FBC8	Shenzhen Candour
C4FC22	Yealink(xiamen) Network
C4FCE4	DishTV NZ
C4FCEF	SambaNova
C4FDE6	Drtech
C4FE5B	OPPO
C4FEE2	Amiccom
C4FF1F	Huawei
C4FF22	Huawei
C4FF99	Intel
C80084	Cisco
C80210	LG
C80258	ITW GSE ApS
C8028F	Nova Electronics (Shanghai)
C802A6	Beijing Newmine
C803F5	Ruckus
C8059E	Hefei Symboltek
C805A4	Motorola
C80718	TDSi
C80739	Nakayo
C80873	Ruckus
C8088B	Arista Networks
C808E9	LG
C809A8	Intel
C80A35	Qingdao Hisense Smart Life
C80AA9	Quanta Computer
C80C53	China Mobile Group Device
C80CC8	Huawei
C80D32	Holoplot
C80E14	AVM (FRITZ!Box)
C80E77	Le Shi Zhi Xin Electronic Technology (Tianjin)
C80E95	OmniLync
C8102F	Netgear
C81072	BBPOS
C81073	Century Opticomm
C8120B	Samsung
C81337	Juniper
C8138B	Shenzhen Skyworth Digital
C81451	Huawei
C81479	Samsung
C814B4	Sichuan Tianyi Comheart Telecom
C8154E	Intel
C816A5	Masimo
C816BD	Qingdao Hisense Communications
C816DA	Realme Chongqing Mobile Telecommunications
C81739	Itel Mobile
C817F5	Nanjing Qinheng Microelectronics
C819D8	Blink by Amazon
C819F7	Samsung
C81AFE	Dlogic
C81B5C	BCTech
C81B6B	Innova Security
C81CFE	Zebra
C81E8E	ADV Security (S) Pte
C81EC2	Itel Mobile
C81EE7	Apple
C81F66	Dell
C81FBE	Huawei
C81FE8	Apple
C81FEA	Avaya
C8208E	Storagedata
C82158	Intel
C821DA	Shenzhen YOUHUA
C82478	Edifier
C82496	Jiangsu Yinhe
C825E1	Lemobile Information Technology (Beijing)
C82691	Arista Networks
C826E2	China Dragon
C82832	Xiaomi
C828E5	Cisco
C8292A	Barun
C829C8	Palo Alto Networks
C82A14	Apple
C82ADD	Google
C82AF1	TCT mobile
C82B6B	shenzhen worldelite
C82B96	Espressif
C82E18	Espressif
C82E47	Suzhou SmartChip Semiconductor
C82E94	Halfa Enterprise
C83049	Huawei
C83168	eZEX
C83232	Hunting Innova
C8334B	Apple
C83374	Zyxel
C833E5	Huawei
C8348E	Intel
C834E5	Cisco
C835B8	Ericsson, EAB/RWI/K
C836A3	Gertec Brasil Ltda
C83870	Samsung
C839AC	Huawei
C83A1B	Toshiba TEC
C83A35	Tenda
C83A6B	Roku
C83B45	JRI
C83C85	Apple
C83D97	Nokia
C83DD4	CyberTAN
C83DDC	Xiaomi
C83DFC	AlphaTheta
C83E99	Texas Instruments
C83E9E	Huawei
C83EA7	Kunbus
C83F26	Microsoft
C83FB4	CommScope
C84029	Fiberhome Telecommunication
C84052	PAX Computer Technology(Shenzhen)
C8412E	AM Telecom
C8418A	Samsung
C84529	IMK Networks
C84544	Asia Pacific CIS (Wuxi)
C8458F	Wyler
C84709	Cisco
C84782	Areson
C8478C	Beken
C84805	Nintendo
C848F5	MEDISON Xray
C84AA0	Sony
C84BD6	Dell
C84C75	Cisco
C84C78	ZTE
C84D34	LIONS Taiwan
C84D44	Shenzhen Jiapeng Huaxiang
C84F0E	Integrated Device Technology (Malaysia) Sdn. Bhd
C84F86	Sophos
C850CE	Huawei
C850E9	Raisecom
C85142	Samsung
C85195	Huawei
C851FB	Extreme Networks
C85261	CommScope
C85309	LCFC(Hefei)
C853E1	Douyin Vision
C8544B	Zyxel
C854A4	Infinix mobility
C85645	Intermas France
C85663	Sunflex Europe
C8586A	Beijing Winner Microelectronics
C85895	Motorola
C858B3	Intel
C858C0	Intel
C85A9F	ZTE
C85ACF	HP
C85B76	LCFC(Hefei)
C85BA0	Shenzhen Qihu Intelligent
C85CCC	Xiaomi
C85D38	HUMAX
C85EA9	Intel
C86000	ASUS
C8608F	Cisco
C861D0	Shen Zhen KTC
C86340	Cisco Meraki
C863F1	Sony
C863FC	CommScope
C864C7	ZTE
C8662C	Beijing Haitai Fangyuan High
C8664B	Aperion
C8665D	Extreme Networks
C8675E	Extreme Networks
C868DE	Huawei
C869CD	Apple
C86C1E	Display
C86C20	Sichuan Tianyi Comheart Telecom
C86C3D	Amazon
C86C87	Zyxel
C86C9A	SNUC System
C86CB6	Optcom
C86E08	Intel
C86F1D	Apple
C87023	Altice Labs
C870D4	IBO
C8711F	Suzhou Tesien
C87125	Johnson Outdoors Marine Electronics d/b/a Minnkota
C87248	Aplicom
C8727E	Nokia
C87324	Sow Cheng
C8741B	Fiberhome Telecommunication
C8755B	Quantify
C875DD	LG
C875F4	China Mobile Group Device
C87765	Tiesse
C8778B	Mercury Systems – Trusted Mission Solutions
C877F3	VusionGroup
C87867	Juniper Mist
C8787D	D-Link
C878F7	Cisco
C87B23	Bose
C87B5B	ZTE
C87CBC	Valink
C87CE2	Infrawaves
C87D77	Shenzhen Kingtech Communication Equipment
C87E75	Samsung
C87EA1	TCL Moka
C87F2B	Ingram Micro Services
C87F54	ASUS
C8806D	Apple
C88234	Cisco
C88314	Tempo Communications
C88439	Sunrise
C88447	Beautiful Enterprise
C8844E	Flextronics International Kft
C8848C	Ruckus
C884A1	Cisco
C884CF	Huawei
C88541	Espressif
C88550	Apple
C88629	Shenzhen Duubee Intelligent
C88722	Lumenpulse
C8873B	Net Optics
C889F3	Apple
C88A7B	Espressif
C88A83	Dongguan HuaHong
C88A9A	Intel
C88AD8	China Dragon
C88B47	Nolangroup S.P.A con Socio Unico
C88BE8	Masimo
C88D83	Huawei
C88DD4	Markone
C88F26	Skyworth Digital Technology(Shenzhen)
C89009	Budderfly
C8903E	Pakton
C8908A	Samsung
C890A8	Bouffalo Lab (Nanjing)
C890F7	Huawei
C89143	Nintendo
C891F9	Sagemcom
C89346	Mxchip
C89383	Embedded Automation
C89402	Chongqing Fugui
C894BB	Huawei
C894D2	Jiangsu Datang Electronic Products
C895CE	Intel
C8965A	SKY UK
C89665	Microsoft
C8979F	Nokia
C89828	ZTE
C899B2	Arcadyan
C89BAD	Honor
C89BD7	Realme Chongqing Mobile Telecommunications
C89C13	Inspiremobile
C89C1D	Cisco
C89CBB	Taicang T&W
C89CDC	Elitegroup Computer
C89D18	Huawei
C89D6D	Itel Mobile
C89E43	Netgear
C89E61	Lyngsoe
C89F0C	Motorola
C89F1A	Huawei
C89F1D	Shenzhen Communication
C89F42	VDII Innovation
C8A030	Texas Instruments
C8A162	DJI Baiwang
C8A1B6	Shenzhen Longway
C8A1BA	Neul
C8A1DC	Motorola
C8A23B	Shenzhen Sundray
C8A2CE	Oasis Media
C8A362	ASIX
C8A3E8	Cloud Network Technology Singapore PTE
C8A40D	Cooler Master
C8A4CD	Realme Chongqing Mobile Telecommunications
C8A608	Ruckus
C8A620	Nebula
C8A6EF	Samsung
C8A702	Hangzhou Hikvision Digital
C8A70A	Verizon Business
C8A729	SYStronics
C8A776	Huawei
C8A823	Samsung
C8A913	Lontium Semiconductor
C8A9FC	Goyoo Networks
C8AA21	CommScope
C8AA55	Hunan Comtom Electronic
C8AAB2	Shenzhen Chuangwei-rgb
C8AACC	Private
C8AC35	PiLink
C8ADE7	Shenzhen Shengxi Industrial
C8AE9C	Shanghai TYD Elecronic
C8AF40	marco Systemanalyse und Entwicklung
C8AFE3	Hefei Radio Communication
C8AFF0	CDVI Wireless
C8B0B2	ZTE
C8B1CD	Apple
C8B1EE	Qorvo
C8B21E	Chipsea Technologies (shenzhen)
C8B29B	Intel
C8B373	Linksys
C8B422	Askey Computer
C8B4AB	Inspur Computer
C8B5AD	HPE
C8B5B7	Apple
C8B6D3	Huawei
C8B6FE	Fitbit
C8B78A	Huawei
C8B82F	eero
C8BA94	Samsung
C8BAE9	QDIS
C8BB81	Huawei
C8BBB4	GSD Viet NAM
C8BBD3	Embrane
C8BC9C	Huawei
C8BCC8	Apple
C8BCE5	Sense Things Japan
C8BD4D	Samsung
C8BD69	Samsung
C8BE19	D-Link
C8BE35	Extreme Networks
C8BF4C	Xiaomi
C8BFFE	Huawei
C8C126	ZPM Industria e Comercio Ltda
C8C13C	RuggedTek Hangzhou
C8C2C6	Shanghai Airm2m Communication
C8C2F5	Flextronics Manufacturing(zhuhai)co
C8C2FA	Huawei
C8C432	SG Armaturen
C8C465	Huawei
C8C50E	Shenzhen Primestone Network
C8C64A	Flextronics Tech.(Ind) Pvt
C8C6FE	eero
C8C750	Motorola
C8C791	Zero1.tv
C8C83F	Texas Instruments
C8C873	Chipsen
C8C919	Broadcom
C8C992	Beijing Roborock
C8C9A3	Espressif
C8C9B2	Amazon
C8CA63	Huawei
C8CA79	Ciena
C8CB9E	Intel
C8CBB8	HP
C8CC21	eero
C8CCB5	Hunter Douglas
C8CD55	Ruijie Networks
C8CD72	Sagemcom
C8D019	Shanghai Tigercel Communication
C8D083	Apple
C8D10B	Nokia
C8D12A	Comtrend
C8D15E	Huawei
C8D1A9	Huawei
C8D1D1	AGAiT
C8D2C1	Jetlun (Shenzhen)
C8D3A3	D-Link
C8D3FF	HP
C8D429	Muehlbauer
C8D590	Flight Data
C8D5FE	Shenzhen Zowee
C8D69D	Arab International Optronics
C8D6B7	Solidigm
C8D719	Linksys
C8D778	BSH Hausgeräte
C8D779	Qing DAO Haier Telecom
C8D7B0	Samsung
C8D884	Universal
C8D959	Motorola
C8D995	Juniper
C8D9D2	HP
C8DA29	Espressif
C8DB26	Logitech
C8DD6A	Ohsung
C8DDC9	Lenovo
C8DE41	SKY UK
C8DE51	IntegraOptics
C8DEC9	Coriant
C8DF7C	Nokia
C8DF84	Texas Instruments
C8E07A	Fiberhome Telecommunication
C8E0EB	Apple
C8E130	Milkyway
C8E193	Itel Mobile
C8E1A7	Vertu
C8E265	Intel
C8E306	eero
C8E31D	Huawei
C8E42F	Technical Research Design and Development
C8E5E0	Huawei
C8E600	Huawei
C8E713	Bouffalo Lab (Nanjing)
C8E776	PTCOM
C8E7D8	Mercury Communication
C8E7F0	Juniper
C8E8AF	eero
C8EA71	Espressif
C8EAF8	ZTE
C8EBEC	Shenzhen YOUHUA
C8ED8B	Espressif
C8EDFC	Shenzhen Ideaform Industrial Product Design
C8EE08	Tangtop
C8EE75	Pishion
C8EEA6	Shenzhen SHX
C8EED7	Lightspeed
C8EF2E	Beijing Gefei
C8EFBC	Inspur Communication
C8F09E	Espressif
C8F225	EM Microelectronic
C8F230	OPPO
C8F2B4	Guizhou Huaxin Information
C8F319	LG
C8F36B	Yamato Scale
C8F386	Shenzhen Xiaoniao
C8F406	Avaya
C8F650	Apple
C8F68D	S.E
C8F6C8	Fiberhome Telecommunication
C8F704	Building Block Video
C8F733	Intel
C8F742	HangZhou Gubei
C8F750	Dell
C8F86D	Alcatel-Lucent Shanghai Bell
C8F946	Locosys
C8F981	Seneca
C8F9C8	NewSharp Technology(SuZhou)Co
C8F9F9	Cisco
C8FA84	Trusonus
C8FAE1	ARQ Digital
C8FB26	Cisco
C8FB54	iMin Technology Pte
C8FD19	Texas Instruments
C8FE0F	Shenzhen Bilian Electronic Co.，ltd
C8FE30	Bejing DAYO Mobile Communication
C8FE6A	Juniper
C8FF28	Liteon
C8FF77	Dyson
CC0080	Bettini
CC00F1	Sagemcom
CC033D	Xiaomi
CC037B	Texas Instruments
CC0388	MangoBoost
CC03D9	Cisco Meraki
CC03FA	Vantiva USA
CC047C	G-WAY Microwave
CC04B4	Select Comfort
CC051B	Samsung
CC0577	Huawei
CC0677	Fiberhome Telecommunication
CC07AB	Samsung
CC07E4	Lenovo
CC087B	Huawei
CC088D	Apple
CC08E0	Apple
CC08FA	Apple
CC08FB	TP-Link
CC09C8	Imaqliq
CC0C9C	CIG Shanghai
CC0CDA	Miljovakt
CC0DCB	Microsoft
CC0DE7	B Meters
CC0DEC	Cisco
CC0DF2	Motorola
CC10A3	Beijing Nan Bao
CC115A	Apple
CC1228	Hisense Visual
CC13F3	Hangzhou Hikvision Digital
CC14A6	Yichun MyEnergy Domain
CC14BC	Edifier
CC1531	Intel
CC167E	Cisco
CC187B	Manzanita
CC1966	EM Microelectronic
CC19A8	PT Inovação e Sistemas
CC1AA3	Arista Networks
CC1AFA	ZTE
CC1B5A	Ruckus
CC1E56	Huawei
CC1E97	Huawei
CC1EAB	LEDATEL sp. z o.o. i Wspólnicy sp.k
CC1EFF	Metrological
CC1FC4	InVue
CC208C	Huawei
CC20AC	Samsung
CC20E8	Apple
CC2119	Samsung
CC219D	Shenzhen Wangliantong Intelligent Technology Co.,Lte
CC2218	InnoDigital
CC2293	Amazon
CC22DF	EM Microelectronic
CC22FE	Apple
CC242E	Shenzhen SuperElectron
CC25EF	Apple
CC2614	Sichuan Tianyi Comheart Telecom
CC262D	Verifi
CC2746	Apple
CC28AA	ASUS
CC29BD	ZTE
CC29F5	Apple
CC2A80	Micro-Biz intelligence solutions
CC2AAC	Yunjing lntelligent Technology(Dongguan)
CC2C83	DarkMatter
CC2D1B	SFR
CC2D21	Tenda
CC2D83	OPPO
CC2D8C	LG
CC2DB7	Apple
CC2DD2	Ruckus
CC2DE0	Routerboard.com
CC2F71	Intel
CC3080	VAIO
CC3089	Mellanox
CC312A	Huizhou TCL Communication Electron
CC3296	Huawei
CC32E5	TP-Link
CC3331	Texas Instruments
CC33BB	Sagemcom
CC3429	TP-Link
CC34D7	Gewiss
CC3540	Vantiva USA
CC355A	SecuGen
CC35D9	Ubiquiti
CC36BB	Silicon Laboratories
CC36CF	Cisco
CC37A9	Askey Computer
CC37AB	Edgecore Networks
CC38D0	Palo Alto Networks
CC38E1	Huawei
CC398C	Shiningtek
CC3A61	Samsung
CC3ADF	Neptune
CC3B27	Tecno Mobile
CC3B3E	Lester Electrical
CC3B58	Curiouser Products
CC3BFB	Ring
CC3C3F	SA.S.S. Datentechnik
CC3D82	Intel
CC3DD1	Huawei
CC3E5F	HP
CC3E79	CommScope
CC3F1D	HMS Industrial Networks SLU
CC3F36	Apple
CC3F8A	Komatsu
CC3FEA	BAE
CC4085	WiZ
CC40B2	ECI Telecom
CC40D0	Netgear
CC40F3	Mellanox
CC418E	MSA Innovation
CC4210	Xiaomi
CC43E3	Trump
CC4460	Huawei
CC4463	Apple
CC45A5	Texas Instruments
CC4639	WAAV
CC464E	Samsung
CC46D6	Cisco
CC4703	Intercon
CC4740	AzureWave
CC4792	ASIX
CC47BD	Rhombus
CC483A	Dell
CC4AE1	fourtec -Fourier
CC4B04	Apple
CC4B73	AMPAK
CC4BFB	Hellberg Safety
CC4D38	Carnegie
CC4D74	Fujian Newland Payment
CC4D75	Xiaomi
CC4E24	Brocade Communications
CC4EEC	HUMAX
CC500A	Fiberhome Telecommunication
CC501C	KVH Industries
CC5076	Ocom Communications
CC50E3	Espressif
CC51B4	Integrated Device Technology (Malaysia) Sdn. Bhd
CC5289	Shenzhen Optfocus
CC52AF	Universal Global Scientific Industrial
CC53B5	Huawei
CC5459	OnTime Networks
CC54FE	Mimosa Networks
CC55AD	RIM
CC5763	Panasonic Automotive
CC5830	Sagemcom
CC58C7	Nokia
CC593E	Sensium Healthcare
CC5A53	Cisco
CC5B31	Nintendo
CC5C61	Huawei
CC5C75	Weightech Com. Imp. Exp. Equip. Pesagem Ltda
CC5CDE	China Mobile Group Device
CC5D4E	Zyxel
CC5D57	Information System Research Institute
CC5D78	JTD Consulting
CC5EA5	Palo Alto Networks
CC5EF8	Cloud Network Technology Singapore PTE
CC5FBF	Topwise 3G Communication
CC6023	Apple
CC60BB	Empower RF
CC60C8	Microsoft
CC6146	GSD Viet NAM
CC61E5	Motorola
CC6200	Honor
CC62FE	Union MAN
CC641A	Shenzhen Bilian Electronic Co.，ltd
CC64A6	Huawei
CC65AD	CommScope
CC660A	Apple
CC6618	Adtran
CC66B2	Nokia
CC67D8	Telin Semiconductor (Wuhan)
CC68B6	TP-Link
CC68C7	Espressif
CC68E0	Apple
CC69B0	Global Traffic
CC69FA	Apple
CC6A10	The Chamberlain
CC6A33	Cisco
CC6B1E	Cloud Network Technology Singapore PTE
CC6B98	Minetec Wireless
CC6BF1	Sound Masking
CC6C52	Zhone
CC6D55	Sichuan Tianyi Comheart Telecom
CC6DA0	Roku
CC6DEF	TJK Tietolaite
CC6E2A	Cisco Meraki
CC6EA4	Samsung
CC70ED	Cisco
CC7190	Vietnam Post AND Telecommunication Industry Technology Joint Stock
CC720F	Viscount
CC722A	Apple
CC7286	Xi'an Fengyu Information
CC7314	Hong Kong Wheatek
CC7498	Filmetrics
CC75E2	CommScope
CC763A	ZTE
CC7645	Microsoft
CC7669	Seetech
CC77C9	Fiberhome Telecommunication
CC785F	Apple
CC78AB	Texas Instruments
CC794A	BLU Products
CC79B8	Lunar Energy
CC79CF	Shenzhen Rf-link
CC79D7	Cisco
CC7A30	CMAX Wireless
CC7A8B	Shenzhen Tecno
CC7B35	ZTE
CC7B5C	Espressif
CC7B61	Nikkiso
CC7D37	CommScope
CC7D5B	Telink Semiconductor (Shanghai)
CC7E0F	Theben
CC7E1F	Espressif
CC7EE7	Panasonic Corporation AVC Networks
CC7F75	Cisco
CC7F76	Cisco
CC808F	Apple
CC812A	vivo
CC8130	Intelbras
CC817D	Apple
CC81DA	Phicomm (Shanghai)
CC827F	Advantech Technology (CHINA)
CC82EB	Kyocera
CC856C	Shenzhen MDK Digital
CC86EC	Silicon Laboratories
CC874A	Nokia
CC8826	LG
CC88C7	HPE
CC895E	Huawei
CC896C	GN Hearing
CC89FD	Nokia
CC8A84	Huawei
CC8C17	Itel Mobile
CC8CBF	Tuya Smart
CC8CDA	Shenzhen Wei Da Intelligent Technology Go
CC8CE3	Texas Instruments
CC8DA2	Espressif
CC8DB5	Shenzhen SuperElectron
CC8E71	Cisco
CC9070	Cisco
CC9093	Hansong Tehnologies
CC9096	Huawei
CC90E8	Shenzhen YOUHUA
CC912B	TE Connectivity Touch Solutions
CC915B	Huawei
CC934A	Sierra Wireless, ULC
CC944A	Pfeiffer Vacuum
CC9470	Kinestral
CC95D7	Vizio
CC9635	LVS
CC96A0	Huawei
CC96A2	China Mobile Group Device
CC96E5	Dell
CC988B	Sony
CC9891	Cisco
CC98EF	OPPO
CC9916	Integrated Device Technology (Malaysia) Sdn. Bhd
CC9C3E	Cisco Meraki
CC9DA2	Eltex Enterprise
CC9E00	Nintendo
CC9EA2	Amazon
CC9ECA	HMD Global
CC9F35	Transbit Sp. z o.o
CC9F7A	Chiun Mai Communication System
CCA08F	ZTE
CCA0E5	DZG Metering
CCA12B	TCL King Electrical Appliances (Huizhou)
CCA150	SystemX
CCA174	Meta Platforms
CCA219	Shenzhen Along Investment
CCA223	Huawei
CCA260	Sichuan Tianyi Comheart Telecom
CCA30C	Silicon Laboratories
CCA374	Guangdong Guanglian Electronic
CCA3BD	Itel Mobile
CCA462	CommScope
CCA4AF	Shenzhen Sowell
CCA614	AIFA
CCA7C1	Google
CCA823	Silicon Laboratories
CCAA00	Microsoft
CCAB2C	HUMAX
CCACFE	Telink Semiconductor (Shanghai)
CCAF78	Foxconn
CCAFE3	Amazon
CCB071	Fiberhome Telecommunication
CCB0A8	Huawei
CCB0B3	Microsoft
CCB0DA	Liteon
CCB11A	Samsung
CCB148	Arcadyan
CCB182	Huawei
CCB255	D-Link
CCB3AB	shenzhen Biocare Bio-Medical Equipment
CCB3F8	Fujitsu Isotec
CCB54C	Texas Instruments
CCB55A	Fraunhofer ITWM
CCB5D1	Xiaomi
CCB691	NECMagnusCommunications
CCB6C8	Cisco
CCB775	Huawei
CCB777	ZTE
CCB7C4	Huawei
CCB85E	Shenzhen Phaten
CCB888	AnB Securite
CCB8A8	AMPAK
CCB8F1	Eagle Kingdom
CCBA6F	Huawei
CCBA97	Espressif
CCBABD	TP-Link
CCBBFE	Huawei
CCBC2B	Huawei
CCBCE3	Huawei
CCBD35	Steinel
CCBDD3	Ultimaker
CCBE59	Calix
CCBE61	Apple
CCBE71	OptiLogix
CCBF0C	Shenzhen Fenda
CCC079	Murata
CCC104	Applied Technical
CCC253	ZTE
CCC2E0	Raisecom
CCC3EA	Motorola
CCC4B2	Shenzhen Trolink
CCC50A	Shenzhen Dajiahao
CCC530	AzureWave
CCC5E5	Dell
CCC5EF	Co-Comm Servicios Telecomunicaciones S.L
CCC62B	Tri-Systems
CCC760	Apple
CCC837	Quectel Wireless Solutions
CCC8D7	CIAS Elettronica
CCC92C	Schindler - PORT
CCC95D	Apple
CCCC4E	Sun Fountainhead USA
CCCC77	Zaram
CCCC81	Huawei
CCCCCC	Silicon Laboratories
CCCCEA	Phoenix Contact
CCCD64	SM-Electronic
CCCE1E	AVM (FRITZ!Box)
CCCE40	Janteq
CCCF83	CIG Shanghai
CCCFFE	Henan Lingyunda Information
CCD083	HPE
CCD281	Apple
CCD29B	Shenzhen Bopengfa Elec&Technology
CCD342	Cisco
CCD3C1	Vestel Elektronik San ve Tic. A.S
CCD3E2	Jiangsu Yinhe
CCD42E	Arcadyan
CCD4A1	MitraStar
CCD539	Cisco
CCD73C	Huawei
CCD811	Aiconn
CCD81F	Maipu Communication
CCD843	Xiaomi
CCD8C1	Cisco
CCD920	Huizhou Desay SV Automotive
CCD9AC	Intel
CCD9E9	SCR Engineers
CCDA20	Xiaomi
CCDAB5	Texas Instruments
CCDB04	DataRemote
CCDB93	Cisco
CCDBA7	Espressif
CCDC55	Dragonchip
CCDD28	Accton
CCDD58	Robert Bosch
CCDEDE	Nokia
CCE0C3	EXTEN
CCE0DA	Baidu Online Network Technology (Beijing)
CCE17F	Juniper
CCE194	Juniper
CCE1D5	Buffalo
CCE236	Hangzhou Yaguan
CCE4D1	Arista Networks
CCE536	ittim
CCE686	Samsung
CCE798	My Social Stuff
CCE7DF	American Magnetics
CCE8AC	SOYEA
CCE9FA	Samsung
CCEA1C	Dconworks
CCEA27	GE Appliances
CCEB18	OOO "tss"
CCEB5E	Xiaomi
CCECB7	ShenZhen Linked-Z Intelligent Display
CCED21	Nokia
CCED4D	Cisco
CCEDDC	MitraStar
CCEED9	VAHLE Automation
CCEF03	Hunan Keyshare Communication
CCEF48	Cisco
CCF0FD	China Mobile (Hangzhou) Information
CCF305	Shenzhen Tian Xing Chuang Zhan Electronic
CCF3A5	Chi Mei Communication
CCF3C8	Vantiva USA
CCF407	Eukrea Electromatique Sarl
CCF411	Google
CCF538	3isysnetworks
CCF55F	E Focus Instruments India Private
CCF67A	Ayecka Communication
CCF735	Amazon
CCF826	Samsung
CCF841	Lumewave
CCF8F0	Xi'an HISU Multimedia
CCF954	Avaya
CCF957	u-blox
CCF9E4	Intel
CCF9E8	Samsung
CCF9F0	Samsung
CCFA00	LG
CCFA66	Huawei
CCFA95	Honor
CCFAF1	Sagemcom
CCFB65	Nintendo
CCFC6D	RIZ Transmitters
CCFCB1	Wireless
CCFD17	TCT mobile
CCFE3C	Samsung
CCFF90	Huawei
D0034B	Apple
D003DF	Samsung
D003EB	Texas Instruments
D00401	Motorola
D00477	Huawei
D00492	Fiberhome Telecommunication
D004B0	Samsung
D0052A	Arcadyan
D005E4	Huawei
D0066A	Cornelis Networks
D00674	Siemens Industrial Automation Products Ltd., Chengdu
D00790	Texas Instruments
D007CA	Juniper
D009C8	Cisco
D009F5	Hosiden
D00AAB	DTS Insight
D00B27	Murata
D00C5E	Nanjing Qinheng Microelectronics
D00DF7	Huawei
D00EA4	Porsche Cars North America
D00ED9	Taicang T&W
D00F6D	T&W
D011E5	Apple
D01242	BIOS
D01255	Hui Zhou Gaoshengda
D012CB	AVM (FRITZ!Box)
D0131E	Sunrex
D013C1	Shenzhen Skyworth Digital
D013FD	LG
D0154A	ZTE
D015A6	HPE
D0167C	eero
D016B4	Huawei
D01769	Murata
D0176A	Samsung
D017B7	Atios
D017C2	ASUS
D0196A	Ciena
D019D3	Itel Mobile
D01AA7	UniPrint
D01B1F	Ohsung
D01B49	Samsung
D01BBE	Onward Brands
D01BF4	Sagemcom
D01C3C	Tecno Mobile
D01CBB	Beijing Ctimes Digital
D01E1D	SaiNXT Technologies LLP
D020DD	OPPO
D021AC	Yohana
D021F9	Ubiquiti
D022BE	Samsung
D023DB	Apple
D02516	Mercury Communication
D02544	Samsung
D02598	Apple
D02788	Foxconn
D02791	TP-Link
D028BA	Realme Chongqing MobileTelecommunications
D02AAA	Infinix mobility
D02B20	Apple
D02C39	Cisco
D02C45	littleBits
D02DB3	Huawei
D02EAB	Texas Instruments
D03110	Ingenic Semiconductor
D03169	Samsung
D032C3	D-Link
D032E7	Tuya Smart
D03311	Apple
D035E5	EM Microelectronic
D03742	Yulong Computer Telecommunication Scientific (Shenzhen)
D03745	TP-Link
D03761	Texas Instruments
D03957	Liteon
D03972	Texas Instruments
D039B3	CommScope
D039EA	NetApp
D039FA	Samsung
D03BF4	Shenzhen Kean Digital
D03C1F	Intel
D03D52	Ava Security
D03DC3	AQ
D03E07	Apple
D03E5C	Huawei
D03E7D	Chipsea Technologies (shenzhen)
D03F27	Wyze Labs
D03FAA	Apple
D040BE	NPO RPS
D040EF	Murata
D041C9	Fiberhome Telecommunication
D0431E	Dell
D04433	Clourney Semiconductor
D0458D	Shenzhen Skyworth Digital
D0460C	Dell
D046DC	Southwest Research Institute
D047C1	Elma Electronic
D0484F	Nokia
D048A1	Juniper
D048F3	Dattus
D0497C	OnePlus
D0498B	Zoom Server
D04CC1	Sintrones
D04D2C	Roku
D04D86	Apple
D04DC6	HPE
D04E50	Mobiwire Mobiles (NingBo)
D04E99	Huawei
D04F58	Ruckus
D04F7E	Apple
D04FAB	Yoqu Technology (Shenzhen)
D05099	ASRock Incorporation
D05157	LEAX Arkivator Telecom
D05162	Sony
D052A8	Physical Graph
D05349	Liteon
D0542D	Cambridge Industries(Group)
D05475	SAVI Controls
D05509	Nintendo
D05533	Palo Alto Networks
D055B2	Integrated Device Technology (Malaysia) Sdn. Bhd
D056BF	Amosense
D056F2	Buffalo
D056FB	Samsung
D0574C	Cisco
D0577B	Intel
D0577E	Intel
D05785	Pantech
D05794	Sagemcom
D057A1	Werma Signaltechnik
D05875	Active Control
D058A5	Apple
D058A8	ZTE
D058AB	Mara
D058C0	Qingdao Haier Multimedia
D058FC	SKY UK
D05919	ZTE
D05995	Fiberhome Telecommunication
D059C3	CeraMicro
D059E4	Samsung
D05A00	Vantiva USA
D05A0F	I-bt Digital
D05AF1	Shenzhen Pulier
D05AFD	Realme Chongqing Mobile Telecommunications
D05BA8	ZTE
D05BCB	Tianyi Telecom Terminals
D05C7A	Sartura d.o.o
D05D01	TP-Link
D05FAF	Shenzhen C-Data
D05FB8	Texas Instruments
D05FCE	Hitachi Data
D0608C	ZTE
D06158	Huawei
D0622C	Xi'an Yipu Telecom
D062A0	China Essence Technology (Zhumadian)
D0634D	Meiko Maschinenbau GmbH &amp;
D063B4	SolidRun
D06544	Apple
D06578	Intel
D065B3	TCL King Electrical Appliances(Huizhou)Co
D065CA	Huawei
D0666D	Shenzhen Bus-Lan
D0667B	Samsung
D06726	HPE
D067E5	Dell
D06827	eero
D0699E	LUMINEX Lighting Control Equipment
D069C1	Huawei
D069D0	Verto Medical Solutions
D069FF	Fiberhome Telecommunication
D06A1F	BSE
D06B78	Apple
D06C37	ikeja wireless (pty)
D06DC8	Huawei
D06DC9	Sagemcom
D06EDE	Sagemcom
D06F4A	Topwell
D06F82	Huawei
D071C4	ZTE
D072DC	Cisco
D0737F	Mini-Circuits
D07380	Huawei
D0738E	Dong OH Precision
D073D5	Lifi Labs Management
D075BE	Reno A&E
D07602	Hui Zhou Gaoshengda
D0760C	Qisda
D0768F	Calix
D076E7	TP-Link
D07714	Motorola
D077CE	Edgecore Networks
D07880	Fiberhome Telecommunication
D0789A	Vantiva - Connected Home
D0792F	New H3C Intelligence Terminal
D07AB5	Huawei
D07B6F	Zhuhai Yunmai
D07C2D	Leie IOT
D07CB2	Sigmastar
D07D33	Huawei
D07DE5	Forward Pay
D07E01	Huawei
D07E28	HP
D07E35	Intel
D07FA0	Samsung
D07FC4	Ou Wei Technology Co.，Ltd. of Shenzhen City
D0817A	Apple
D081C5	Juniper
D082E8	Tuya Smart
D082EB	Tuya Smart
D083D4	Xtel Wireless ApS
D0845D	B&C Transit
D084B0	Sagemcom
D08543	Cisco
D087B5	Safemo PTE
D087E2	Samsung
D0880C	Apple
D08999	APCON
D08A55	Skullcandy
D08A91	Vantiva USA
D08B7E	Passif Semiconductor
D08CB5	Texas Instruments
D08CFF	UPWIS
D08E17	Accton
D08E79	Dell
D09168	Shenzhen Chuangwei-rgb
D09200	FiRa Consortium
D09282	Apple
D09288	Powertek
D0929E	Microsoft
D092FA	Fiberhome Telecommunication
D09380	Ducere Technologies Pvt
D093F8	Stonestreet One
D09466	Dell
D094CF	Huawei
D095C7	Pantech
D096EA	vivo
D096FB	Zhone
D097FE	Realme Chongqing Mobile Telecommunications
D0989C	ConMet
D098B1	GScoolink Microelectronics (Beijing)
D099D5	Alcatel-Lucent
D09AAF	Espressif
D09B05	Emtronix
D09C30	Foster Electric
D09C7A	Xiaomi
D09CAE	vivo
D09D0A	Linkcom
D09DAB	TCT mobile
D0A0BB	Shenzhen iComm Semiconductor
D0A0D6	ChengDu TD
D0A311	Neuberger Gebäudeautomation
D0A46F	China Dragon
D0A4B1	Sonifex
D0A5A6	Cisco
D0A637	Apple
D0A651	AltoBeam
D0A9D3	EM Microelectronic
D0AB4A	Telink Micro
D0ABD5	Intel
D0AD08	HP
D0AE05	Xiaomi
D0AEEC	Alpha Networks
D0AFB6	Linktop
D0B0CD	Moen
D0B0DF	Mimosa Networks
D0B128	Samsung
D0B1CA	Shenzhen Skyworth Digital
D0B214	PoeWit
D0B270	Visteon Portuguesa
D0B2C4	Vantiva USA
D0B324	Apple
D0B33F	Shenzhen TINNO Mobile
D0B3C2	Meta Platforms
D0B45D	Huawei
D0B498	Robert Bosch LLC Automotive
D0B523	Bestcare Cloucal
D0B53D	Sepro Robotique
D0B5C2	Texas Instruments
D0B60A	Xingluo
D0B646	NXP Semiconductors Taiwan
D0B66F	Sernet (suzhou)
D0BAE4	Shanghai MXCHIP Information
D0BB61	ZTE
D0BB80	SHL Telemedicine
D0BCC1	Weifang Goertek
D0BD01	DS
D0BE2C	CNSLink
D0BF9C	HP
D0C050	Apple
D0C0BF	Actions Microelectronics
D0C193	Skybell
D0C1B1	Samsung
D0C1B5	Dell
D0C1BF	Xiaomi
D0C24E	Samsung
D0C282	Cisco
D0C31E	Jungjin
D0C35A	Jabil Circuit de Chihuahua
D0C42F	Tamagawa Seiki
D0C5D3	AzureWave
D0C5D8	Latecoere
D0C5F3	Apple
D0C637	Intel
D0C65B	Huawei
D0C67F	Huawei
D0C6BE	HPRO-Video
D0C730	ZTE
D0C789	Cisco
D0C7C0	TP-Link
D0C901	GLA Electronics PVT
D0C907	Private
D0CBDD	eero
D0CDBF	LG
D0CDE1	Scientech
D0CEC0	Xiaomi
D0CEC9	HAN Chang
D0CF0E	Sagemcom
D0CF13	Espressif
D0CF5E	Energy Micro
D0CFD8	Huizhou Boshijie
D0D003	Samsung
D0D04B	Huawei
D0D0FD	Cisco
D0D212	K2NET
D0D23C	Apple
D0D286	Beckman Coulter K.K
D0D2B0	Apple
D0D3E0	HPE
D0D3FC	Mios
D0D412	ADB Broadband Italia
D0D471	Mvtech
D0D49F	Apple
D0D4FB	Home Control Singapore Pte
D0D6CC	Wintop
D0D783	Huawei
D0D7BE	Huawei
D0DAD7	Apple
D0DB32	Nokia
D0DBB7	Casa
D0DC2C	Cisco
D0DD49	Juniper
D0DD7C	ZTE
D0DF9A	Liteon
D0DFB2	Genie Networks
D0DFC7	Samsung
D0E042	Cisco
D0E140	Apple
D0E347	Yoga
D0E40B	Wearable
D0E44A	Murata
D0E48C	WITS
D0E54D	CommScope
D0E581	Apple
D0E782	AzureWave
D0E828	Radiant Industries
D0EA11	Routerboard.com
D0EA30	NXP Semiconductors Taiwan
D0EB03	Zhehua
D0EB1A	Siemens
D0EB9E	Seowoo
D0EC35	Cisco
D0EDFF	ZF Cvcs
D0EE47	Hitron
D0EF76	Espressif
D0EFC1	Huawei
D0F0DB	Ericsson
D0F121	Xi'an LINKSCI
D0F27F	BrewLogix
D0F3F5	Huawei
D0F405	Foxconn
D0F4F7	Huawei
D0F520	Kyocera
D0F73B	Helmut Mauell GmbH Werk Weida
D0F76E	Shenzhen YOUHUA
D0F815	Huawei
D0F865	Itel Mobile
D0F88C	Motorola
D0F8E7	Shenzhen Shutong Space
D0F928	ZTE
D0F99B	ZTE
D0FA1D	Qihoo 360
D0FCCC	Samsung
D0FCD0	HUMAX
D0FF50	Texas Instruments
D0FF98	Huawei
D4000D	Phoenix Broadband
D40057	MC
D40068	Fiberhome Telecommunication
D400CA	AUMOVIO Systems Romania
D40129	Broadcom
D40145	ATW
D4016D	TP-Link
D401C3	Routerboard.com
D4024A	Delphian
D404CD	CommScope
D404E6	Broadcom
D404FF	Juniper
D40592	Espressif
D40598	CommScope
D405DE	eero
D4060F	Texas Instruments
D40868	Beijing Lanxum Computer
D40A9E	GO development
D40AA9	CommScope
D40ADC	Qingdao Intelligent&Precise
D40B1A	HTC
D40BB9	Solid Semecs
D40C9D	SiFly Aviation
D40DAB	Shenzhen Cudy
D40E60	Nanjing phx-gctech Information
D40F9E	Apple
D40FB2	Applied Micro Electronics AME
D41090	iNFORM
D410CF	Huanshun Network Science and
D411A3	Samsung
D411D6	ShotSpotter
D41243	AMPAK
D4126E	Apple
D41296	Anobit
D412BB	Quadrant Components
D41368	Shenzhen Intellirocks
D4136F	Asia Pacific Brands
D413B3	Wu Qi
D413F8	Peplink
D41761	Xiaomi
D41972	HPE
D419F6	NXP Semiconductor (Tianjin)
D41A3F	OPPO
D41AC8	Nippon Printer Engineering
D41AD1	Zyxel
D41B81	Chongqing Fugui
D41C1C	RCF
D41D71	Palo Alto Networks
D41E35	TOHO
D41F0C	JAI Manufacturing
D4206D	HTC
D420B0	Juniper Mist
D42122	Sercomm
D4223F	Lenovo
D4224E	Alcatel Lucent
D422CD	Movella
D42493	GW
D424DD	AVM (FRITZ!Box)
D4258B	Intel
D425DE	New H3C
D42751	Infopia
D42787	Shanghai High-Flying
D427FF	Sagemcom
D428B2	ioBridge
D428D5	TCT mobile
D429A7	Infinix mobility
D429EA	Zimory
D42B6F	Cisco
D42BF0	Tiinlab
D42C0F	CommScope
D42C3D	Sky Light Digital
D42C44	Cisco
D42C46	Buffalo
D42CA6	Samsung
D42DC5	i-PRO
D42DCC	Apple
D42F23	Akenori PTE
D42F4B	Foxconn
D42FCA	Apple
D43127	Ruijie Networks
D4319D	Sinwatec
D43260	GoPro
D43266	Fike
D4351D	Vantiva Technologies Belgium
D43538	Xiaomi
D4354A	ALAXALA Networks
D43639	Texas Instruments
D436DB	Jiangsu Toppower Automotive
D437D7	ZTE
D43844	Union MAN
D4389C	Sony
D439B8	Ciena
D43A2C	Google
D43A2E	Shenzhen MTC
D43A2F	Shenzhen MTC
D43A65	IGRS Engineering Lab
D43AE9	DONGGUAN ipt INDUSTRIAL
D43B04	Intel
D43B8A	Shenzhen Zhide
D43D39	Dialog Semiconductor
D43D67	Carma Industries
D43D7E	Micro-Star Int'l
D43DF3	Zyxel
D43F32	eero
D43FCB	CommScope
D440D0	Ocosmos
D440F0	Huawei
D4413F	Gen IV
D44165	Sichuan Tianyi Comheart Telecom
D4430E	Zhejiang Dahua
D4438A	Xiaomi
D443A8	Changzhou Haojie Electric
D445E8	Jiangxi Hongpai
D44649	Huawei
D446E1	Apple
D4475A	ScreenBeam
D4482D	Shenzhen Deejoy Lighting
D44867	Silicon Laboratories
D44A85	Silicon Laboratories
D44B5E	Taiyo Yuden
D44BB6	Zhejiang Tmall
D44C24	Vuppalamritha Magnetic Components
D44C9C	Shenzhen YOOBAO
D44CA7	Informtekhnika & Communication
D44D77	Nokia
D44D9F	Shenzhen Skyworth Digital
D44DA4	Murata
D44F14	Tesla
D44F67	Huawei
D44F68	Eidetic Communications
D44F80	Kemper Digital
D45039	Sagemcom
D4503F	OPPO
D4507A	CEIVA Logic
D450EE	GD Midea Air-Conditioning Equipment
D4522A	TangoWiFi.com
D45251	IBT Ingenieurbureau Broennimann Thun
D45297	nSTREAMS
D452C7	Beijing L&S Lancom Platform
D452EE	SKY UK
D4532A	Xiaomi
D45347	Merytronic 2012, S.L
D45383	Murata
D453AF	VIGO System
D4548B	Intel
D45556	Fiber Mountain
D455AD	go-e
D455BE	Shenzhen Fast
D45763	Apple
D45800	Fiberhome Telecommunication
D45944	tonies
D45A3F	Juniper
D45AB2	Galleon
D45B51	Motorola
D45C70	Wi-Fi Alliance
D45D42	Nokia
D45D64	ASUS
D45DDF	Pegatron
D45E89	Motorola
D45EEC	Xiaomi
D45F25	Shenzhen YOUHUA
D45F2C	ZTE
D45F7A	Huawei
D46075	Baidu Online Network Technology (Beijing)
D460E3	Sercomm
D4612E	Huawei
D46132	Pro Concept Manufacturer
D46195	ZTE
D4619D	Apple
D461DA	Apple
D461FE	Hangzhou H3C
D462EA	Huawei
D46352	Vutility
D463C0	Apple
D463C6	Motorola
D463DE	vivo
D463FE	Arcadyan
D464F7	Chengdu Usee Digital
D46624	Cisco
D46663	Shenzhen Detran
D466A8	Riedo Networks
D46761	XonTel
D467D3	OPPO
D467E7	Fiberhome Telecommunication
D4684D	Ruckus
D46867	Neoventus Design
D468AA	Apple
D468BA	Shenzhen Sundray
D469A5	Miura
D46A35	Cisco
D46A6A	Foxconn
D46A91	SnapAV
D46AA8	Huawei
D46BA6	Huawei
D46C62	MultiTracks.com
D46C6D	CommScope
D46CBF	Goodrich ISR
D46CDA	CSM
D46D50	Cisco
D46D6D	Intel
D46E0E	TP-Link
D46E5C	Huawei
D46F42	Waxess USA
D47208	Bragi
D47226	ZTE
D47327	Huawei
D47350	DBG Commnunications
D47415	Huawei
D4741B	Beijing HuaDa ZhiBao Electronic System
D476A0	Fortinet
D476EA	ZTE
D4772B	Nanjing Ztlink Network
D47798	Cisco
D477B2	Netix Global
D47856	Avaya
D4789B	Cisco
D47954	Huawei
D479C3	Cameronet
D47A97	Realme Chongqing Mobile Telecommunications
D47AE2	Samsung
D47AEC	Funshion Online
D47B35	NEO Monitors
D47B6B	Shanghai Cygnus Semiconductor
D47B75	Harting
D47BB0	Askey Computer
D47DFC	Tecno Mobile
D47EE4	China Mobile IOT
D47F35	Cisco
D47F78	Dopple
D4808B	Epson
D481CA	iDevices
D481D7	Dell
D4823E	Argosy
D48304	Shenzhen Fast
D48409	Shenzhen Mercury Communication
D48457	GD Midea Air-Conditioning Equipment
D484D0	Shanghai Xiaodu
D48564	HP
D48660	Arcadyan
D487CC	Sivantos
D487D8	Samsung
D4883F	HDPRO
D48866	Huawei
D48890	Samsung
D489C1	Ubiquiti
D48A39	Samsung
D48A3B	Hunan Fn-link
D48AFC	Espressif
D48C49	Espressif
D48CB5	Cisco
D48D26	LG
D48DD9	Meld
D48F33	Microsoft
D48FA2	Huawei
D48FAA	Sogecam Industrial
D4909C	Apple
D490E0	Wachendorff Automation
D4910F	Amazon
D491AF	Electroacustica General Iberica
D49234	NEC
D4925E	Vantiva Technologies Belgium
D492B9	Orion Nova, S.L
D49390	CLEVO
D49398	Nokia
D493A0	Fidelix
D49400	Huawei
D4945A	COSMO
D49477	FONEX Data
D494A1	Texas Instruments
D494A9	Intel
D494E8	Huawei
D494FB	Aumovio
D49524	Clover Network
D4955D	ZTE
D4958E	Universal
D496DF	Sungjin C&T
D4970B	Xiaomi
D498B9	vivo
D4996C	Juniper
D49A20	Apple
D49AA0	VNPT
D49AF6	AzureWave
D49B5C	Chongqing Miedu
D49B74	Kinetic
D49C28	JayBird
D49C53	Netcraze
D49C8E	University of FUKUI
D49CDD	AMPAK
D49CF4	Palo Alto Networks
D49D9D	Shenzhen Goodocom lnformation
D49DC0	Samsung
D49E05	ZTE
D49E3B	Guangzhou Shiyuan Electronic
D49E6D	Wuhan Zhongyuan Huadian Science
D49EEC	Topsun (vietnam)
D49F29	Fiberhome Telecommunication
D49FDD	Huawei
D49FF9	Earda
D4A02A	Cisco
D4A148	Huawei
D4A23D	New H3C
D4A254	Huawei
D4A2CD	Dell
D4A33D	Apple
D4A365	Xiaomi
D4A38B	Ele(group)co
D4A3EB	Shenzhen iComm Semiconductor
D4A425	SMAX
D4A499	InView
D4A5B4	Hengji Jiaye (Hangzhou)
D4A651	Tuya Smart
D4A7EA	Solar76
D4A923	Huawei
D4A928	GreenWave Reality
D4AAFF	Micro World
D4AB61	Intel
D4AB82	CommScope
D4AB9F	Vizio
D4ABCD	Hui Zhou Gaoshengda
D4AC4E	BODi rS
D4AD20	Jinan USR IOT
D4AD2D	Fiberhome Telecommunication
D4AD71	Cisco
D4ADBD	Cisco
D4ADFC	Shenzhen Intellirocks
D4AE05	Samsung
D4AE52	Dell
D4AFF7	Arista Networks
D4B110	Huawei
D4B169	Le Shi Zhi Xin Electronic Technology (Tianjin)
D4B27A	CommScope
D4B43E	Messcomp Datentechnik
D4B4C0	Fortinet
D4B5CD	Sagemcom
D4B680	Shanghai Linkyum Microeletronics
D4B6C9	Nokia
D4B709	ZTE
D4B761	Sichuan AI-Link
D4B7D0	Ciena
D4B8FF	Home Control Singapore Pte
D4B92F	Vantiva USA
D4BAFA	OPPO
D4BBC8	vivo
D4BBE6	Huawei
D4BD1E	5VT Technologies,Taiwan
D4BD4F	Ruckus
D4BED7	Dell
D4BED9	Dell
D4BEDC	Roku
D4BF2D	SE Controls Asia Pacific
D4BF7F	UPVEL
D4C19E	Ruckus
D4C1A8	Kykxcom
D4C1C8	ZTE
D4C1FC	Nokia
D4C3B0	Gearlinx
D4C766	Acentic
D4C8B0	Prime Electronics & Satellitics
D4C93C	Cisco
D4C94B	Motorola
D4C9B2	Quanergy Solutions
D4C9EF	HP
D4CA6D	Routerboard.com
D4CA6E	u-blox
D4CBAF	Nokia
D4CBCC	vivo
D4CE40	Apple
D4CEB8	Enatel
D4CF37	Symbolic IO
D4CFF9	Shenzhen SEI Robotics
D4D184	ADB Broadband Italia
D4D249	Power Ethernet
D4D252	Intel
D4D2D6	Fn-link
D4D2E5	BKAV
D4D4DA	Espressif
D4D50D	Southwest Microwave
D4D51B	Huawei
D4D659	Meta Platforms
D4D6DF	TP-Link
D4D748	Cisco
D4D7A9	Shanghai Kaixiang Info
D4D7CF	Realme Chongqing Mobile Telecommunications
D4D853	Intel
D4D892	Huawei
D4D898	Korea CNO
D4D919	GoPro
D4DA21	Xiaomi
D4DACD	SKY UK
D4DC09	Juniper Mist
D4DC85	Edgecore Americas Networking
D4DCCD	Apple
D4DD0B	Wavetel
D4DF57	Alpinion Medical
D4E053	HPE
D4E08E	ValueHD
D4E13C	Mellanox
D4E22F	Roku
D4E2CB	Vantiva USA
D4E32C	S. Siedle & Sohne
D4E33F	Nokia
D4E3C5	ZTE
D4E4C3	Ciena
D4E5C9	Senao Networks
D4E6B7	Samsung
D4E853	Hangzhou Hikvision Digital
D4E880	Cisco
D4E8B2	Samsung
D4E90B	CVT
D4E95E	Texas Instruments
D4E98A	Intel
D4E9F4	Espressif
D4EA0E	Avaya
D4EB68	Cisco
D4EC0C	Harley-Davidson Motor
D4EC86	LinkedHope Intelligent
D4ECAB	vivo
D4EE07	Hiwifi
D4EEDE	Sichuan Tianyi Comheart Telecom
D4F027	Trust Power
D4F04A	SKY UK
D4F057	Nintendo
D4F0B4	Napco Security
D4F0C9	KYOCERA Document Solutions
D4F0EA	Xiaomi
D4F143	Iproad
D4F207	DIAODIAO(Beijing)Technology
D4F242	Huawei
D4F32D	Intel
D4F337	Xunison
D4F46F	Apple
D4F4BE	Palo Alto Networks
D4F513	Texas Instruments
D4F527	Siemens
D4F547	Google
D4F5EF	HPE
D4F63F	IEA
D4F756	ZTE
D4F786	Fiberhome Telecommunication
D4F7D5	Sony
D4F829	Sagemcom
D4F921	Qingdao Intelligent&Precise
D4F98D	Espressif
D4F9A1	Huawei
D4FB8E	Apple
D4FC13	Fiberhome Telecommunication
D4FE28	Silicon Laboratories
D4FF1A	Apple
D4FF26	Ohsung
D8004D	Apple
D80093	Aurender
D801D0	Huawei
D801EB	Infinity
D8025F	Guangzhou Shiyuan Electronic
D8028A	Shenzhen YOUHUA
D802C0	Extreme Networks
D8031A	Ezurio
D8032A	Commtact
D8052E	Skyviia
D806D1	Honeywell Fire System (Shanghai)
D806F3	Arista Networks
D807B6	TP-Link
D80831	Samsung
D808F5	Arcadia Networks
D8094E	Active Brains
D8097F	ZTE
D809C3	Cercacor Labs
D809D6	Zexelon
D80A42	Shanghai Lixun Information
D80A60	Huawei
D80AE6	ZTE
D80B9A	Samsung
D80BCB	Telink Semiconductor (Shanghai)
D80CCF	C.g.v. S.a.s
D80D17	TP-Link
D80DE3	FXI
D80E29	vivo
D80F99	Foxconn
D80FB5	Shenzhen Ultraeasy
D81068	Murata
D8109F	Huawei
D810CB	Andrea Informatique
D81265	Chongqing Fugui
D8132A	Espressif
D81399	Hui Zhou Gaoshengda
D814D6	Sure System
D814DF	TCL King Electrical Appliances (Huizhou)
D8150D	TP-Link
D8160A	Nippon Electro-Sensory Devices
D816C1	Dewav (hk)
D8182B	Conti Temic Microelectronic
D818D3	Juniper
D81909	Wiwynn Technology Service Malaysia
D8197A	Nuheara
D819CE	Telesquare
D81BB5	Huawei
D81BF4	Texas Instruments
D81BFE	Twinlinx
D81C14	Compacta
D81C79	Apple
D81D13	Texas Instruments
D81D72	Apple
D81EDD	OPPO
D81EDE	B&W
D81F12	Tuya Smart
D81F65	Private
D81F99	Hitron
D81FCC	Brocade Communications
D8209F	Cubro Acronet GesmbH
D820A2	Huawei
D821DA	Sernet (suzhou)
D822F4	Avnet Silica
D823E0	Speedtech
D82477	Universal Electric
D824BD	Cisco
D824EC	Plenom
D82522	CommScope
D825B0	Rockeetech
D825DF	Came UK
D826B9	Guangdong Coagent Electronics S&amp;T
D826D3	eero
D826FA	Jiangxi Zhentian
D8270C	MaxTronic
D828C9	General Electric Consumer and Industrial
D82916	Ascent Communication
D82918	Huawei
D82986	Best Wish
D829F8	Huawei
D82A15	Leitner
D82A7E	Nokia
D82D40	Janz - Contagem e Gestão de Fluídos
D82D9B	Shenzhen G.Credit Communication
D82DE1	Tricascade
D82FE6	Zhejiang Tmall
D83062	Apple
D8312C	ZTE
D83134	Roku
D83139	ZTE
D831CF	Samsung
D83214	Tenda
D8325A	Shenzhen YOUHUA
D832E3	Xiaomi
D8332A	Ruijie Networks
D8337F	Office FA.com
D833B7	Sagemcom
D8341C	GD Midea Air-Conditioning Equipment
D834D1	Shenzhen Orange Digital
D834EE	SHURE
D8365F	Intelbras
D8373B	Shenzhen Jingxun Software Telecommunication
D837BE	Shenzhen Gongjin Electronics Co.,lt
D8380D	SHENZHEN IP-COM Network
D838FC	Ruckus
D83A36	AltoBeam
D83ADD	Raspberry Pi
D83AF5	Wideband Labs
D83BBF	Intel
D83BDA	Espressif
D83C69	Shenzhen TINNO Mobile
D83D3F	Joyned
D83DCC	shenzhen UDD
D83EEB	AltoBeam
D83EEF	Coosea Group (hk)
D84008	Huawei
D842AC	Shanghai Feixun Communication
D842E2	Canary Connect
D842F7	Tozed Kangwei
D843AE	Micro-Star INTL
D843EA	SY
D843ED	Suzuken
D8445C	DEV Tecnologia Ind Com Man Eq LTDA
D84489	TP-Link
D8452B	Integrated Device Technology (Malaysia) Sdn. Bhd
D84567	Tecno Mobile
D84606	Silicon Valley Global Marketing
D846CE	Apple
D84710	Sichuan Changhong Electric
D84732	TP-Link
D8478F	Microchip
D847BB	Huawei
D848EE	Hangzhou Xueji
D8490B	Huawei
D8492F	CANON
D849BF	Celestica
D84A2B	ZTE
D84A83	vivo
D84A87	OI Electric
D84B2A	Cognitas
D84C90	Apple
D84DB9	Wu Qi
D84F37	Proxis, spol. s r.o
D84FB8	LG
D850A1	Hunan Danuo
D850E6	ASUS
D852FA	Texas Instruments
D8539A	Juniper
D853AD	Cisco Meraki
D853BC	Lenovo
D85437	Huawei
D8543A	Texas Instruments
D85482	Oxit
D854A2	Extreme Networks
D854F2	Huawei
D85575	Samsung
D855A3	ZTE
D857EF	Samsung
D858C6	Katch Asset Tracking
D858D7	CZ.NIC, z.s.p.o
D85982	Huawei
D85A49	Ingchips
D85B22	Shenzhen Hohunet
D85B27	WNC
D85B2A	Samsung
D85C11	Optiview USA
D85D4C	TP-Link
D85D84	CAx soft
D85DE2	Foxconn
D85DEF	Busch-Jaeger Elektro
D85DFB	Private
D85ED3	Giga-byte
D85F77	Telink Semiconductor (Shanghai)
D860B0	bioMérieux Italia
D860B3	Guangdong Global Electronic Technology CO.，LTD
D860C5	OPPO
D86162	WNC
D86194	Objetivos y Sevicios de Valor Añadido
D862CA	Cisco
D862DB	Eno
D8630D	Motorola
D86375	Xiaomi
D8638C	Shenzhen Dttek
D86595	Toy's Myth
D866C6	Shenzhen Daystar
D866EE	Boxin Communication
D867D3	Huawei
D867D9	Cisco
D86852	Huawei
D868A0	Samsung
D868C3	Samsung
D86960	Steinsvik
D86B83	Nintendo
D86BF7	Nintendo
D86BFC	ZTE
D86C02	Huaqin Telecom
D86C5A	HUMAX
D86C63	Google
D86CE9	Sagemcom
D86D17	Huawei
D86DD0	InnoCare Optoelectronics
D8714D	Texas Instruments
D87154	Samsung
D87157	Lenovo
D87475	Apple
D87495	ZTE
D874DF	Huawei
D874EF	Guangzhou Shiyuan Electronic
D87533	Nokia
D87602	NXJ
D8760A	Escort
D876AE	Huawei
D87766	Nurivoice
D8778B	Intelbras
D8787F	Ubee Interactive
D878C9	Servercom (india) Private
D878E5	KUHN
D878F0	Silicon Laboratories
D87988	Foxconn
D87A3B	Silicon Laboratories
D87CDD	SANIX
D87D45	Nicent
D87D7F	Sagemcom
D87E6F	Cascination
D87E76	Itel Mobile
D87EB1	x.o.ware
D88039	Microchip
D8803C	Anhui Huami Information
D88083	Cloud Network Technology Singapore PTE
D880DC	Huawei
D881CE	AHN
D88332	TaiXin Semiconductor
D88466	Extreme Networks
D8855E	ZTE
D885AC	Espressif
D887D5	Leadcore
D88863	Huawei
D888CE	RF
D88A3B	Unit-em
D88ADC	Huawei
D88B4C	KingTing
D88C73	ZTE
D88C79	Google
D88D5C	Elentec
D88DC8	Atil
D88ED4	eero
D88F76	Apple
D890E8	Samsung
D8911D	Jiangsu Yuwell POCTech Biotechnology
D8912A	Zyxel
D89136	Dover Fueling Solutions
D89333	Huawei
D89341	General Electric Global Research
D893D4	Xiaomi
D89403	HPE
D89424	Mellanox
D8952F	Texas Instruments
D89563	Taiwan Digital Streaming
D89685	GoPro
D89695	Apple
D896E0	Alibaba Cloud Computing
D8973B	Artesyn Embedded
D89760	C2 Development
D8977C	Grey Innovation
D89790	Commonwealth Scientific and Industrial Research Organisation
D897BA	Pegatron
D89999	Tecno Mobile
D89A0D	ZTE
D89A34	Beijing SHENQI
D89AC1	Nokia
D89B3B	Huawei
D89C67	Foxconn
D89C8E	Comcast Cable
D89D13	Samsung
D89D67	HP
D89DB9	eMegatech
D89E3F	Apple
D89E61	Huawei
D89ED4	Fiberhome Telecommunication
D89EF3	Dell
D8A011	WiZ
D8A01D	Espressif
D8A0E6	Chongqing Yipingfang
D8A0E8	ZTE
D8A105	Syslane
D8A25E	Apple
D8A312	Taicang T&W
D8A315	vivo
D8A35C	Samsung
D8A469	Sonova
D8A491	Huawei
D8A534	Spectronix
D8A6F0	Wu Qi
D8A6FD	Ghost Autonomy
D8A756	Sagemcom
D8A8C8	ZTE
D8A98B	Texas Instruments
D8AA59	Tonly
D8AD49	Honor
D8ADDD	Sonavation
D8AE90	Itibia
D8AED0	Shanghai Engineering Science & Technology Co.,LTD CGNPC
D8AF3B	Hangzhou Bigbright Integrated communications system
D8AF81	AO
D8AFF1	Panasonic Appliances
D8B020	Taicang T&W
D8B02E	Guangzhou Zonerich Business Machine
D8B04C	Jinan USR IOT
D8B053	Xiaomi
D8B061	Shenzhen Wenxun
D8B122	Juniper
D8B12A	Panasonic Mobile Communications
D8B190	Cisco
D8B1DE	HPE
D8B249	Huawei
D8B293	Topssd
D8B2AA	ZTE
D8B32F	Cloud Network Technology Singapore PTE
D8B370	Ubiquiti
D8B377	HTC
D8B673	Texas Instruments
D8B6B7	Comtrend
D8B6C1	NetworkAccountant
D8B6D6	Blu Tether
D8B8F6	Nantworks
D8B90E	Triple Domain Vision
D8BB2C	Apple
D8BBC1	Micro-Star INTL
D8BC38	Espressif
D8BC59	Shenzhen DAPU Microelectronics
D8BE1F	Apple
D8BE65	Amazon
D8BF42	Intel
D8BF4C	Victory Concept
D8BFC0	Espressif
D8C068	Netgenetech
D8C06A	Hunantv.com Interactive Entertainment Media
D8C0A6	AzureWave
D8C262	Ubiquiti
D8C3FB	Detracom
D8C46A	Murata
D8C497	Quanta Computer
D8C4E9	Samsung
D8C561	CommFront Communications Pte
D8C678	MitraStar
D8C691	Hichan
D8C6F9	Tracklab
D8C771	Huawei
D8C7C8	HPE
D8C80C	Tuya Smart
D8C8E9	Phicomm (Shanghai)
D8C960	Huawei
D8C99D	EA Display
D8CA06	Titan DataCenters France
D8CB8A	Micro-Star INTL
D8CC98	Huawei
D8CD2C	Wuxi Neihua Network
D8CE3A	Xiaomi
D8CF61	Sagemcom
D8CF89	Beijing DoSee Science and
D8CF9C	Apple
D8CFB1	Bright Technologies India Private
D8CFBF	Motorola
D8D090	Dell
D8D1CB	Apple
D8D261	GD Midea Air-Conditioning Equipment
D8D27C	Jema Energy
D8D385	HP
D8D43C	Sony
D8D45D	Orbic North America
D8D4E6	Hytec Inter
D8D5B9	Rainforest Automation
D8D668	Tuya Smart
D8D67E	GSK CNC Equipment
D8D6F3	Integrated Device Technology (Malaysia) Sdn. Bhd
D8D723	IDS
D8D775	Sagemcom
D8D7F3	New H3C
D8D866	Shenzhen Tozed
D8D8E5	Vantiva Connected Home - Technologies Telco
D8DA52	Apator
D8DAF1	Huawei
D8DC40	Apple
D8DCE9	Kunshan Erlab ductless filtration system
D8DD5F	Balmuda
D8DDFD	Texas Instruments
D8DE3A	Apple
D8DECE	ISUNG
D8DF0D	beroNet
D8DF7A	Quest Software
D8E004	Vodia Networks
D8E016	Extreme Networks
D8E0B8	BULAT
D8E0E1	Samsung
D8E23F	Qingdao Haier
D8E2DF	Microsoft
D8E35E	LG
D8E374	Xiaomi
D8E3AE	Cirtec Medical
D8E56D	TCT mobile
D8E593	Apple
D8E72B	Netscout
D8E72F	Chipsea Technologies (Shenzhen)
D8E743	Wush
D8E844	ZTE
D8E952	Keopsys
D8EB46	Google
D8EB97	TRENDnet
D8EC5E	Belkin
D8ECE5	Zyxel
D8ED1C	Magna Technology SL
D8EDA8	Xiaomi
D8EE42	Sichuan Tianyi Comheart Telecom
D8EE78	Moog Protokraft
D8EF42	Huawei
D8EFCD	Nokia
D8F02F	Texas Instruments
D8F0F2	Zeebo
D8F12E	TP-Link
D8F15B	Espressif
D8F1D8	OI Electric
D8F1F0	Pepxim
D8F2CA	Intel
D8F3BC	Liteon
D8F3DB	Post CH
D8F507	Fiberhome Telecommunication
D8F710	Libre Wireless
D8F760	EM Microelectronic
D8F883	Intel
D8F8AF	Daontec
D8FB11	Axacore
D8FB58	Mellanox
D8FB5E	Askey Computer
D8FB68	Cloud Corner
D8FBD6	Amazon
D8FC38	Giantec Semiconductor
D8FC92	Tuya Smart
D8FC93	Intel
D8FE8F	IDFone
D8FEE3	D-Link
D8FFC3	Shenzhen 3SNIC information
DC0077	TP-Link
DC00B0	Freebox
DC0179	SKY UK
DC0265	Meditech Kft
DC028E	ZTE
DC0398	LG
DC045A	Nanjing Qinheng Microelectronics
DC052F	National Products
DC0539	Cisco
DC0575	Siemens Energy Automation
DC05ED	Nabtesco
DC0675	Espressif
DC0682	Accessia
DC07C1	HangZhou QiYang
DC07F8	Hangzhou Hikvision Digital
DC080F	Apple
DC0856	Alcatel-Lucent Enterprise
DC08DA	Askey Computer
DC0914	Talk-A-Phone
DC094C	Huawei
DC0A69	Espressif
DC0B09	Cisco
DC0B1A	ADB Broadband Italia
DC0B34	LG
DC0C2D	Weifang Goertek
DC0C5C	Apple
DC0D30	Shenzhen Feasycom
DC0E96	Palo Alto Networks
DC0EA1	Compal Information (kunshan)
DC1057	Apple
DC121D	Huawei
DC152D	China Mobile Group Device
DC155C	Anntec （Beijing）
DC15C8	AVM (FRITZ!Box)
DC15DB	Ge Ruili Intelligent Technology ( Beijing )
DC16A2	Medtronic Diabetes
DC16B2	Huawei
DC175A	Hitachi High-Technologies
DC1792	Captivate Network
DC1A01	Ecoliv Technology ( Shenzhen )
DC1AC5	vivo
DC1B48	Texas Instruments
DC1BA1	Intel
DC1D9F	U & B
DC1DD4	Microstep-MIS spol. s r.o
DC1EA3	Accensus
DC1ED5	Espressif
DC2008	ASD
DC2148	Intel
DC215C	Intel
DC21B9	Sentec
DC21E2	Huawei
DC226F	HangZhou Nano IC
DC233B	Extreme Networks
DC2727	Huawei
DC2834	HAKKO
DC2919	AltoBeam(Xiamen)Technology
DC293A	Shenzhen Nuoshi
DC2A14	Shanghai Longjing
DC2AA1	MedHab
DC2B2A	Apple
DC2B61	Apple
DC2B66	InfoBLOCK S.A. de C.V
DC2BCA	Zera
DC2C26	Iton
DC2C6E	Routerboard.com
DC2D04	vivo
DC2D3C	Huawei
DC2DCB	Beijing Unis HengYue
DC2DDE	Illucere
DC2E6A	HCT
DC2E97	Quectel Wireless Solutions
DC2F03	Step forward
DC2FFA	GE Lighting
DC3052	ZTE
DC309C	Heyrex
DC3130	3onedata
DC31D1	vivo
DC3262	Nanjing Qinheng Microelectronics
DC330D	Qing DAO Haier Telecom
DC330E	Qingdao Haier
DC333D	Huawei
DC3350	TechSAT
DC35F1	Positivo Tecnologia
DC360C	Hitron
DC3642	ZTE
DC3714	Apple
DC3752	GE
DC3757	Integrated Device Technology (Malaysia) Sdn. Bhd
DC37D2	Hunan HKT Electronic
DC38E1	Juniper
DC396F	AVM (FRITZ!Box)
DC3979	Cisco
DC39FD	Extreme Networks
DC3A5E	Roku
DC3C2E	Manufacturing System Insights
DC3C84	Ticom Geomatics
DC3CF6	Atomic Rules
DC3E51	Solberg & Andersen
DC3EF8	Nokia
DC415F	Apple
DC41A9	Intel
DC41E5	Shenzhen Zhixin Data Service
DC42C8	Huawei
DC446D	Allwinner
DC44B1	Hilti
DC44B6	Samsung
DC4517	CommScope
DC4546	Intel
DC45B8	Apple
DC4628	Intel
DC48B2	Baraja
DC4965	DASAN Newtork Solutions
DC49C9	Casco Signal
DC4A3E	HP
DC4BA1	WNC
DC4BDD	Shenzhen SuperElectron
DC4BFE	Shenzhen Belon
DC4D23	MRV Comunications
DC4EDE	Shinyei
DC4EF4	Shenzhen MTN
DC4F22	Espressif
DC503A	Nanjing Ticom
DC5193	ZTE
DC5285	Apple
DC5360	Intel
DC537C	Compal Broadband Networks
DC5392	Apple
DC543D	Itel Mobile
DC5475	Espressif
DC54AD	Hangzhou RunZhou Fiber
DC54D7	Amazon
DC5583	OPPO
DC55B1	Espressif
DC567B	Cloud Network Technology Singapore PTE
DC56E6	Shenzhen Bococom
DC56E7	Apple
DC5726	Power-One
DC575C	PR
DC58BC	Thomas-Krenn
DC5D31	Itel Mobile
DC5D89	Cisco
DC5E36	Paterson
DC60A1	Teledyne DALSA Professional Imaging
DC6180	Huawei
DC621F	Huawei
DC6279	TP-Link
DC6294	Guangzhou Lango
DC6373	Obara Korea
DC647C	C.R.S. iiMotion
DC64B8	Shenzhen JingHanDa
DC6555	New H3C Intelligence Terminal
DC663A	Apacer
DC6672	Samsung
DC6723	barox Kommunikation
DC680C	HPE
DC6880	ZTE
DC68EB	Nintendo
DC69B5	eero
DC69CC	LG
DC69E2	Samsung
DC6AE7	Xiaomi
DC6AEA	Infinix mobility
DC6B12	worldcns
DC6B1B	Huawei
DC6DBC	Apple
DC6DCD	OPPO
DC6F00	Livescribe
DC6F08	Bay Storage
DC7014	Private
DC7035	Shengzhen Gongjin
DC7137	ZTE
DC7144	Samsung
DC7196	Intel
DC71D0	Apple
DC71DD	AX
DC7223	Hui Zhou Gaoshengda
DC729B	Huawei
DC7306	Vantiva Connected Home - Home Networks
DC7385	Huawei
DC73FC	Mellanox
DC74A8	Samsung
DC74CE	ITOCHU Techno-Solutions
DC774C	Cisco
DC7794	Huawei
DC7834	Logicom
DC7B94	Cisco
DC7CF7	China Mobile Group Device
DC7E1D	Huawei
DC7EF5	Huawei
DC7FA4	2Wire
DC8084	Apple
DC813D	Shanghai Xiangcheng Communication
DC825B	JANUS, spol. s r.o
DC82F6	iPort
DC83BF	Epson
DC8403	shenzhen trolink
DC84E9	Shenzhen Qihoo Intelligent
DC85DE	AzureWave
DC868D	Huawei
DC86D8	Apple
DC87CB	Beijing Perfectek
DC87F8	Samsung
DC88A1	Itel Mobile
DC8983	Samsung
DC8B28	Intel
DC8C1B	vivo
DC8C37	Cisco
DC8D8A	Nokia
DC8D91	Infinix mobility
DC8DB7	ATW
DC8E6D	Huawei
DC8E8D	Netis
DC8E95	Silicon Laboratories
DC9009	Intel
DC9020	Ruru TEK Private
DC9088	Huawei
DC9166	Huawei
DC91BF	Amazon
DC9272	Sagemcom
DC9396	Apple
DC9566	Apple
DC962C	NST Audio
DC973A	Verana Networks
DC9758	Sichuan AI-Link
DC97BA	Intel
DC97E6	Sagemcom
DC9840	Microsoft
DC9914	Huawei
DC99FE	Armatura
DC9A7D	Hisense Visual
DC9A8E	Nanjing Cocomm
DC9B1E	Intercom
DC9B95	Phyplus Technology (Shanghai)
DC9B9C	Apple
DC9BD6	TCT mobile
DC9C52	Sapphire
DC9C99	Huawei
DC9C9F	Shenzhen YOUHUA
DC9DED	Samsung
DC9E8F	Apple
DC9EAB	Chongqing Yipingfang
DC9F1F	Aseko, spol. s r.o
DC9FA4	Nokia
DC9FDB	Ubiquiti
DCA0D0	Amazon
DCA120	Nokia
DCA266	Foxconn
DCA281	Honor
DCA313	Shenzhen Changjin Communication
DCA333	Shenzhen YOUHUA
DCA3A2	Feng mi(Beijing)technology
DCA3AC	RBcloudtech
DCA4CA	Apple
DCA5F4	Cisco
DCA632	Raspberry Pi
DCA633	CommScope
DCA6BD	Beijing Lanbo
DCA706	Chengdu KT Electronic Hi-tech
DCA782	Huawei
DCA7D9	Compressor Controls
DCA8CF	New Spin Golf
DCA904	Apple
DCA956	OPPO
DCA971	Intel
DCA989	Macandc
DCAA43	Shenzhen Terca Information
DCAC6F	Everytale
DCAD9E	GreenPriz
DCAE04	Celoxica
DCAEEB	Ruckus
DCAF68	Weifang Goertek
DCB058	Bürkert Werke
DCB082	Nokia
DCB131	Shenzhen Huaruian
DCB347	Shenzhen Fast
DCB3B4	Honeywell Environmental & Combustion Controls (Tianjin)
DCB43F	eero
DCB4AC	Flextronics Manufacturing(zhuhai)co
DCB4C4	Microsoft
DCB4CA	OPPO
DCB4D9	Espressif
DCB4E8	Byos
DCB54F	Apple
DCB72E	Xiaomi
DCB7AC	HPE
DCB7FC	Alps Electric (Ireland)
DCB808	Extreme Networks
DCB87D	HPE
DCBB3D	Extreme Networks
DCBB96	Full Solution Telecom
DCBBFA	Cisco Meraki
DCBD7A	Guangzhou Shiyuan Electronic
DCBDCC	Quectel Wireless Solutions
DCBE04	Texas Instruments
DCBE49	Itel Mobile
DCBE7A	Zhejiang Nurotron Biotechnology
DCBF90	Huizhou Qiaoxing Telecommunication Industry
DCBFE9	Motorola
DCC0DB	Shenzhen Kaiboer
DCC0EB	Assa Abloy Côte Picarde
DCC101	SOLiD
DCC2C9	CANON
DCC422	Systembase
DCC49C	Samsung
DCC622	Buheung System
DCC64B	Huawei
DCC793	Nokia
DCC8F5	Shanghai UMEinfo
DCCB35	EM Microelectronic
DCCBA8	Explora
DCCC8D	Integrated Device Technology (Malaysia) Sdn. Bhd
DCCCE6	Samsung
DCCD18	Nintendo
DCCD2F	Epson
DCCD66	NXP Semiconductor (Tianjin)
DCCD74	Japan E.M.Solutions
DCCE41	FE Global Hong Kong
DCCEBC	Shenzhen JSR
DCCEC1	Cisco
DCCF94	Beijing Rongcheng Hutong
DCCF96	Samsung
DCD0F7	Bentek
DCD160	Tianjin Changdatong
DCD255	Kinpo
DCD26A	Hangzhou Hikvision Digital
DCD2FC	Huawei
DCD2FD	Huawei
DCD321	HUMAX
DCD3A2	Apple
DCD444	Huawei
DCD52A	Sunny Heart
DCD7A0	Huawei
DCD83B	Cisco
DCD87C	Beijing Jingdong Century Trading
DCD87F	Shenzhen JoinCyber Telecom Equipment
DCD916	Huawei
DCD9A8	Guang zhou Xradio
DCD9AE	Nokia
DCDA0C	Espressif
DCDA4D	Celestica
DCDA4F	GETCK
DCDA80	New H3C
DCDB27	Huawei
DCDB70	Tonfunk Systementwicklung und Service
DCDC07	TRP
DCDCC3	Extreme Networks
DCDCE2	Samsung
DCDD24	Energica Motor
DCDE4B	Shenzhen Transchan
DCDE4F	Gionee Communication Equipment
DCDECA	Akyllor
DCDEE3	Texas Instruments
DCDFD6	ZTE
DCE026	Patrol Tag
DCE0EB	Nanjing Aozheng Information
DCE1AD	Shenzhen Wintop Photoelectric
DCE2AC	Lumens Digital Optics
DCE305	AO
DCE541	Apple
DCE55B	Google
DCE578	Experimental Factory of Scientific Engineering and Special Design Department
DCE5D8	ZTE
DCE650	Extreme Networks
DCE71C	AUG Elektronik
DCE838	CK Telecom (Shenzhen)
DCE994	Cloud Network Technology Singapore PTE
DCEAE7	D-Link
DCEB4D	Motorola
DCEB53	Wuhan QianXiao Elecronic
DCEB5D	Shandong Sinochip Semiconductors
DCEB69	Vantiva USA
DCEB94	Cisco
DCEC06	Heimi Network
DCEC4F	Guangzhou Shiyuan Electronic
DCECE3	HORYS
DCED83	Xiaomi
DCED84	Haverford
DCEE06	Huawei
DCEE14	ADT
DCEF09	Netgear
DCEF80	Huawei
DCEFCA	Murata
DCF05D	Letta Teknoloji
DCF090	Nubia
DCF110	Nokia
DCF144	Ocean Solution
DCF31C	Texas Instruments
DCF34C	PT HAN Sung Electoronics Indonesia
DCF401	Dell
DCF4CA	Apple
DCF505	AzureWave
DCF51B	Arcadyan
DCF56E	Wellysis
DCF719	Cisco
DCF755	Sitronik
DCF756	Samsung
DCF858	Lorent Networks
DCF8B9	ZTE
DCFAD5	STRONG Ges.m.b.H
DCFB02	Buffalo
DCFB48	Intel
DCFBB8	Meizhou Guo Wei
DCFE07	Pegatron
DCFE18	TP-Link
DCFE23	Murata
E00084	Huawei
E001A6	Edgecore Networks
E001C7	Hui Zhou Gaoshengda
E002A5	ABB Robotics
E0036B	Samsung
E00370	ShenZhen Continental Wireless
E0051C	GigaDevice Semiconductor
E005C5	TP-Link
E00630	Huawei
E006E6	Foxconn
E0071B	HPE
E007C2	Fujian Star-net Communication
E00855	AVM (FRITZ!Box)
E00871	Dongguan Liesheng Electronic
E009BF	Shenzhen Tong BO WEI
E00AF6	Liteon
E00B28	Inovonics
E00C7F	Nintendo
E00CE5	Huawei
E00DB9	Cree
E00DEE	Huawei
E00ECE	Fiberhome Telecommunication
E00EDA	Cisco
E00EE1	We
E00EE4	DWnet Technologies(Suzhou)
E0107F	Ruckus
E01283	Shenzhen Fanzhuo Communication Technology Co., Lt
E01333	General Motors
E013B5	vivo
E0143E	Modoosis
E0150B	Huawei
E016B1	Advanced Design
E01877	Fujitsu
E0189F	EM Microelectronic
E0191D	Huawei
E01954	ZTE
E01995	Nutanix
E019D8	BH
E01ADF	Google
E01AEA	Allied Telesis
E01C41	Extreme Networks
E01CA7	Arista Networks
E01CEE	Bravo
E01CFC	D-Link
E01D38	Beijing HuaqinWorld
E01D3B	Cambridge Industries(Group)
E01E07	Anite Telecoms US
E01F0A	Xslent Energy
E01F2B	Nokia
E01F34	HMD Global
E01F6A	Huawei
E01F88	Xiaomi
E01FED	Nokia
E01FFC	Motorola
E021FE	Richer Link
E02202	CommScope
E022A1	AltoBeam
E023D7	Sleep Number
E023FF	Fortinet
E0247F	Huawei
E02481	Huawei
E02538	Titan Pet Products
E02611	Apple
E02630	Intrigue
E02636	Nortel Networks
E0271A	TTC Next-generation Home Network System WG
E0276C	Guangzhou Shiyuan Electronic
E0280A	TP-Link
E02861	Huawei
E0286D	AVM (FRITZ!Box)
E028B1	Shenzhen Skyworth Digital
E02967	HMD Global
E02A25	Shenzhen Intellirocks
E02A66	Cisco
E02A82	Universal Global Scientific Industrial
E02AE6	Fiberhome Telecommunication
E02B96	Apple
E02BE9	Intel
E02CB2	Lenovo
E02CF3	MRS Electronic
E02DF0	Alpsalpine
E02E0B	Intel
E02E3F	Huawei
E02EFE	Zhejiang Dahua
E02F6D	Cisco
E03005	Alcatel-Lucent Shanghai Bell
E030F9	Juniper
E0315D	EM Microelectronic
E0319E	Valve
E031D0	SZ Telstar
E0338E	Apple
E034E4	Feit Electric
E03560	Challenger Supply
E03676	Huawei
E036E3	Stage One
E03717	Vantiva USA
E037BF	WNC
E0383F	ZTE
E039D7	Plexxi
E03AAA	Intel
E03C5B	Shenzhen Jiaxinjie Electron
E03DA6	Taicang T&W
E03E44	Broadcom
E03E4A	Cavanagh
E03E7D	data-complex
E03ECB	Qingdao Intelligent&Precise
E03F49	ASUS
E04007	Huawei
E04027	Huawei
E04102	ZTE
E04123	Huawei
E04136	MitraStar
E0426D	OPPO
E043DB	Shenzhen ViewAt
E0456D	China Mobile Group Device
E0469A	Netgear
E046E5	Gosuncn
E046EE	Netgear
E04735	Ericsson
E04824	Garmin
E048AF	Premietech
E048D3	Mobiwire Mobiles (ningbo)
E048D8	Guangzhi Wulian Technology(Guangzhou)
E04934	Calix
E049ED	Audeze
E04B41	Hangzhou Beilian Low Carbon
E04B45	Hi-P Electronics Pte
E04BA6	Huawei
E04C05	EverCharge
E04C12	Realme Chongqing Mobile Telecommunications
E04E5D	Huawei
E04E7A	Nanjing Qinheng Microelectronics
E04F43	Universal Global Scientific Industrial
E04F95	Sagemcom
E04FBD	Sichuan Tianyi Comheart Telecom
E0508B	Zhejiang Dahua
E05124	NXP Semiconductors
E05163	Arcadyan
E051D8	China Dragon
E0553D	Cisco Meraki
E05597	Emergent Vision
E05689	Lootom Telcovideo Network (Wuxi)
E05694	Yunhight Microelectronics
E056F4	AxesNetwork Solutions
E0589E	Laerdal Medical
E05A1B	Espressif
E05B70	Innovid
E05D54	Ruijie Networks
E05D5C	Oy Everon
E05DA6	Detlef Fink Elektronik & Softwareentwicklung
E05F45	Apple
E05FB9	Cisco
E0604A	Fiberhome Telecommunication
E06066	Sercomm
E06089	Cloudleaf
E061B2	Hangzhou Zenointel
E06234	Texas Instruments
E06267	Xiaomi
E06290	Jinan Jovision Science
E063DA	Ubiquiti
E063E5	Sony
E064BB	DigiView
E06678	Apple
E06781	Dongguan Liesheng Electronic
E067B3	Shenzhen C-Data
E0686D	Raybased
E068EE	Phyplus Microelectronics
E0693A	Innophase
E06995	Pegatron
E069BA	Cisco
E06A05	Shenzhen YOUHUA
E06A1B	Shenzhen Zidoo
E06C4E	Shenzhen TINNO Mobile
E06CA6	Creotech Quantum
E06CC5	Huawei
E06CF6	Essencore
E06D17	Apple
E06D18	Pioneercorporation
E070EA	HP
E0720A	Shenzhen SuperElectron
E07256	Intel
E07291	Silicon Laboratories
E072A1	Espressif
E0735F	NUCOM
E073E7	HP
E0750A	Alpsalpine
E07526	China Dragon
E0757D	Motorola
E075AA	Beijing Jingling Information System
E076D0	AMPAK
E07726	Huawei
E078A3	Shanghai Winner Information
E0795E	Wuxi Xiaohu
E0798D	Silicon Laboratories
E079C4	iRay
E07C13	ZTE
E07C62	Whistle Labs
E07DEA	Texas Instruments
E07E5F	Renesas Electronics (Penang) Sdn. Bhd
E07F53	Techboard
E07F88	EVIDENCE Network SIA
E0806B	Xiaomi
E08177	GreenBytes
E0830D	Notta PTE
E084F3	High Grade Controls
E0854D	LG
E0859A	Shenzhen Rf-link
E08614	Inseego Wireless
E087B1	Nata-Info
E0885D	Vantiva USA
E0897E	Apple
E0899D	Cisco
E08A7E	Exponent
E08C3C	Cisco
E08CFE	Espressif
E08E3C	Aztech Electronics Pte
E08F4C	Intel
E08FEC	Repotec
E0913C	Kyeungin CNS
E09153	XAVi
E091F5	Netgear
E0925C	Apple
E0928F	Texas Instruments
E092A7	Feitian
E09467	Intel
E09559	Arcadyan
E09579	ORTHOsoft inc, d/b/a Zimmer CAS
E095B3	Texas Instruments
E095FF	Infinix mobility
E096E8	Fiberhome Telecommunication
E09796	Huawei
E097F2	Atomax
E09806	Espressif
E09861	Motorola
E09971	Samsung
E09B27	Ciena
E09C8D	Seakeeper
E09CE5	Shanghai Tricheer
E09D13	Samsung
E09D1E	ZTE
E09D31	Intel
E09D73	Mellanox
E09DB8	Planex Communications
E09DFA	Wanan Hongsheng Electronic
E09E2D	Nokia
E09EC1	Silicon Innovation Microelectronics
E09F2A	Iton
E0A129	Extreme Networks
E0A198	NOJA Power Switchgear
E0A1CE	ZTE
E0A1D7	SFR
E0A258	Wanbang Digital Energy
E0A25A	Shanghai Mo xiang Network
E0A30F	Pevco
E0A366	Motorola
E0A3AC	Huawei
E0A447	ZTE
E0A498	Shenzhen Orfa
E0A509	Bitmain
E0A670	Nokia
E0A700	Verkada
E0A8B8	Le Shi Zhi Xin Electronic Technology (Tianjin)
E0AA96	Samsung
E0AAB0	Suntaili Enterprise
E0AADB	Nanjing PANENG Technology Development
E0ABC3	Mellanox
E0ABFE	Orb Networks
E0ACCB	Apple
E0ACF1	Cisco
E0AD9B	Huawei
E0AE5E	Alpsalpine
E0AEA2	Huawei
E0AEB2	Bender GmbH &amp;
E0AEED	LOENK
E0AF4B	Pluribus Networks
E0AF4F	Deutsche Telekom
E0B260	Teno Network
E0B2F1	Fn-link
E0B52D	Apple
E0B55F	Apple
E0B613	Arista Networks
E0B655	Xiaomi
E0B668	ZTE
E0B70A	CommScope
E0B72E	ShenZhen Qualmesh
E0B763	Bosch Automotive Products (Suzhou) Co., Ltd. Changzhou Branch
E0B7B1	CommScope
E0B94D	Shenzhen Bilian Electronic Co.，ltd
E0B98A	Shenzhen Taike industrial automation
E0B9A5	AzureWave
E0B9BA	Apple
E0B9E5	Vantiva Technologies Belgium
E0BA78	Apple
E0BAAD	Hangzhou Hikvision Digital
E0BAB4	Arrcus
E0BB0C	Synertau
E0BB9E	Epson
E0BC43	C2 Microsystems
E0BDA0	Apple
E0BE03	Lite-On Network Communication (Dongguan)
E0BF0B	Silicon Laboratories
E0BFB2	Apple
E0C0B4	Huawei
E0C0D1	CK Telecom (Shenzhen)
E0C250	Netgear
E0C264	Intel
E0C286	Aisai Communication
E0C29E	ZTE
E0C2B7	Masimo
E0C377	Samsung
E0C3EA	Apple
E0C3F3	ZTE
E0C401	EM Microelectronic
E0C58F	China Mobile IOT
E0C63C	Sichuan Tianyi Comheart Telecom
E0C6B3	MilDef
E0C767	Apple
E0C79D	Texas Instruments
E0C86A	Shenzhen Tw-scie
E0C922	Jireh Energy
E0C932	Intel
E0C97A	Apple
E0CA3C	Hangzhou Hikvision Digital
E0CA4D	Shenzhen Unistar Communication
E0CA94	Askey Computer
E0CB19	Nokia
E0CB1D	Amazon
E0CB4E	ASUS
E0CB56	Shenzhen iComm Semiconductor
E0CBBC	Cisco Meraki
E0CBEE	Samsung
E0CC7A	Huawei
E0CCF8	Xiaomi
E0CDB8	Huawei
E0CDFD	Beijing E3Control
E0CEC3	Askey Computer
E0CF2D	Gemintek
E0D045	Intel
E0D083	Samsung
E0D10A	Katoudenkikougyousyo
E0D173	Cisco
E0D1E6	Aliph dba Jawbone
E0D239	Technolid
E0D31A	EQUES
E0D362	TP-Link
E0D38E	Chipsea Technologies (Shenzhen) Crop
E0D3B4	Cisco Meraki
E0D3F0	AltoBeam
E0D462	Huawei
E0D464	Intel
E0D491	Cisco
E0D4E8	Intel
E0D55D	Intel
E0D55E	Giga-byte
E0D738	WireStar Networks
E0D7BA	Texas Instruments
E0D848	Dell
E0D8C4	Qingdao Intelligent&Precise
E0D9A2	Hippih aps
E0D9E3	Eltex Enterprise
E0DA90	Huawei
E0DAD7	ZTE
E0DADC	JVC Kenwood
E0DB10	Samsung
E0DB55	Dell
E0DB88	Open Standard Digital-IF Interface for SATCOM
E0DBD1	Vantiva USA
E0DCA0	Siemens Industrial Automation Products Ltd., Chengdu
E0DCFF	Xiaomi
E0DDC0	vivo
E0DEF2	Texas Instruments
E0DF13	Hangzhou Hikvision Digital
E0DFB7	Zeica Labs Pte
E0E0C2	China Mobile Group Device
E0E0FC	Huawei
E0E1A9	Shenzhen Four Seas Global Link Network
E0E258	Intel
E0E2D1	Beijing Netswift
E0E2E6	Espressif
E0E37C	Huawei
E0E5CF	Texas Instruments
E0E62E	TCT mobile
E0E631	SNB
E0E656	Nethesis
E0E6E3	TeamF1 Networks Pvt
E0E751	Nintendo
E0E7BB	Nureva
E0E805	Sernet (suzhou)
E0E8BB	Unicom Vsens Telecommunications
E0E8E6	Shenzhen C-Data
E0E8E8	Olive Telecommunication Pvt
E0EB40	Apple
E0EB62	Shanghai Hulu Devices
E0ED1A	vastriver
E0EDC7	Shenzhen Friendcom Technology Development
E0EE1B	Panasonic Automotive Systems Company of America
E0EF02	Chengdu Quanjing Intelligent
E0EF25	Lintes
E0EFBF	Nintendo
E0F211	Digitalwatt
E0F318	Sichuan Tianyi Comheart Telecom
E0F325	Elkor
E0F330	Huawei
E0F379	Vaddio
E0F442	Huawei
E0F5C6	Apple
E0F5CA	Cheng UEI Precision Industry
E0F62D	Juniper
E0F678	Fiberhome Telecommunication
E0F6B5	Nintendo
E0F728	Amazon
E0F847	Apple
E0F9BE	Cloudena
E0FA5B	Arista Networks
E0FAEC	Platan sp. z o.o. sp. k
E0FFF1	Texas Instruments
E0FFF7	Softiron
E4013B	Apple
E40177	SafeOwl
E40274	FW Murphy Production Controls
E4029B	Intel
E40439	TomTom Software
E405F8	Bytedance
E406BF	Silicon Laboratories
E406E0	Huawei
E4072B	Huawei
E407B4	Huawei
E408E7	Quectel Wireless Solutions
E40A16	Huawei
E40A75	Silicon Laboratories
E40CFD	OPPO
E40D36	Intel
E40D3B	Ericsson
E40EEE	Huawei
E41088	Samsung
E4115B	HP
E41218	ShenZhen Rapoo
E4121D	Samsung
E41226	AUMOVIO Technologies Romania
E41289	topsystem
E4135C	Cisco
E415A0	Schraml
E415F6	Texas Instruments
E41613	Extreme Networks
E417D8	8bitdo Technology HK
E4186B	Zyxel
E4197F	eero
E419C1	Huawei
E41A1D	Novea Energies
E41A2C	ZPE
E41B43	Xiaomi
E41C4B	V2
E41D2D	Mellanox
E41E33	AUMOVIO Germany
E41F13	IBM
E41F7B	Cisco
E41FD5	Intel
E41FE9	Dunkermotoren
E42150	Shanghai Chint low voltage electrical
E422A5	Plantronics
E4233C	Juniper
E42354	Shenzhen Fuzhi Software
E4246C	Zhejiang Dahua
E425E7	Apple
E425E9	Color-Chip
E42686	DWnet Technologies(Suzhou)
E4268B	Huawei
E426D5	Motorola
E42761	Honor
E42771	Smartlabs
E42805	Pivotal Optics
E428A4	Prama India Private
E4293D	Shenzhen Sy-Fiber Optical Communication
E42AAC	Microsoft
E42AD3	Magneti Marelli S.p.A. Powertrain
E42B34	Apple
E42B79	Nokia
E42C56	Lilee
E42D02	TCT mobile
E42D7B	China Mobile IOT
E42F26	Fiberhome Telecommunication
E42F37	Apple
E42F56	OptoMET
E42FF6	Unicore communication
E43022	Hanwha Vision VietNam
E432CB	Samsung
E433AE	OPPO
E43493	Huawei
E43593	Hangzhou GoTo
E435C8	Huawei
E435FB	Sabre Technology (Hull)
E4379F	Cisco
E437D7	Henri Depaepe S.a.s
E43819	Shenzhen Hi-Link Electronic
E4387E	Cisco
E43883	Ubiquiti
E4388C	Digital Products
E438F2	Advantage Controls
E43A65	MofiNetwork
E43A6E	Shenzhen Zeroone
E43A85	Cisco
E43BC9	Hisense Visual
E43C80	University of Oklahoma
E43D1A	Broadcom
E43EC6	Huawei
E43ED7	Arcadyan
E43FA2	Wuxi DSP
E44097	OPPO
E440E2	Samsung
E44122	OnePlus
E44164	Nokia
E441D4	vivo
E441E6	Ottec
E442A6	Intel
E4434B	Dell
E44389	Apple
E443CF	TP-Link
E444E5	Extreme Networks
E44519	Xiaomi
E446B0	Fujitsu Client Computing
E446BD	C&C Technic Taiwan
E446DA	Xiaomi
E44790	OPPO
E44791	Iris ID
E447B3	ZTE
E448C7	Cisco
E44AE0	Intel
E44C6C	Shenzhen Guo Wei Electronic
E44E12	ZTE
E44E18	Gardasoft VisionLimited
E44E2D	Cisco
E44E76	Championtech Enterprise (shenzhen)
E44F29	MA Lighting
E44F5F	EDS Elektronik Destek San.Tic.Ltd.Sti
E4509A	HW Communications
E450EB	Apple
E451A9	Nanjing Xinlian
E4521E	Texas Instruments
E45341	Apple
E454E5	Huawei
E454E8	Dell
E455A8	Cisco Meraki
E455EA	Dedicated Computing
E45614	Suttle Apparatus
E456AC	Silicon Laboratories
E456CA	Fractal BMS
E45740	CommScope
E45768	vivo
E457A8	Stuart Manufacturing
E458B8	Samsung
E458BC	Bose
E458E7	Samsung
E45AA2	vivo
E45AD4	Eltex Enterprise
E45BB3	ZTE
E45D37	Juniper
E45D39	Texas Instruments
E45D51	SFR
E45D52	Avaya
E45D75	Samsung
E45E1B	Google
E45E37	Intel
E45ECC	Juniper
E45F01	Raspberry Pi
E46017	Intel
E4604D	ZTE
E46059	Pingtek
E461F4	shenzhen worldelite
E46251	HAO Cheng
E462C4	Cisco
E463FE	Fujian Star-net Communication
E46447	EM Microelectronic
E46449	CommScope
E46564	Shenzhen KTC
E46566	Maple IoT Solutions
E465B8	Espressif
E466AB	ZTE
E466E5	Nanjing Qinheng Microelectronics
E4671E	Shen Zhen NUO XIN Cheng
E467A6	BSH Hausgeräte
E467BA	Danish Interpretation
E467DD	ELA Innovation
E468A3	Huawei
E4695A	Dictum Health
E46A35	Realme Chongqing Mobile Telecommunications
E46C21	messMa
E46CD1	Calix
E46D7F	Ciena
E46DAB	Mellanox
E46E8A	BYD Lithium Battery
E46F13	D-Link
E47010	Apple
E470B8	Intel
E47185	Securifi
E4729D	Nokia
E472E2	Huawei
E47305	Shenzhen INVT Electric
E47319	Huawei
E47450	Shenzhen Grandsun Electronic
E4751E	Getinge Sterilization
E475DC	Arcadyan
E47684	Apple
E47723	ZTE
E47727	Huawei
E4776B	Aartesys
E477D4	Minrray Industry
E47876	Arista Networks
E4793F	Juniper
E47A2C	SZ DJI
E47B3F	Beijing Co-cloud
E47C1A	mercury corperation
E47C65	Sunstar Communication
E47CF9	Samsung
E47D5A	Beijing Hanbang
E47DBD	Samsung
E47DEB	Shanghai Notion Information
E47E66	Huawei
E47E9A	ZTE
E47F3C	ZTE
E47FB2	Fujitsu
E48184	Nokia
E481B3	Shenzhen ACT Industrial
E48210	Huawei
E482CC	Jumptronic
E482FF	Ecliptic Enterprises
E48326	Huawei
E48399	CommScope
E48429	New H3C
E4842B	Hangzhou Softel Optic
E484D3	Xiaomi
E48501	Geberit
E485FB	Quectel Wireless Solutions
E489CA	Cisco
E48A93	Hisense Visual
E48AD5	RF Window
E48B7F	Apple
E48C0F	Discovery Insure
E48C73	Realme Chongqing Mobile Telecommunications
E48D8C	Routerboard.com
E48E10	CIG Shanghai
E48EBB	Rockwell Automation
E48EC5	Huawei
E48F09	ithinx
E48F1D	Huawei
E48F34	Vodafone Italia
E48F65	Yelatma Instrument Making Enterprise, JSC
E48FB7	Arista Networks
E4902A	Huawei
E49069	Rockwell Automation
E4907E	Motorola
E490FD	Apple
E4922A	DBG
E49282	Samsung
E492E7	Gridlink
E492FB	Samsung
E4936A	OPPO
E49652	vivo
E496AE	Altographics
E497F0	Shanghai VLC
E498BB	Phyplus Microelectronics
E498D1	Microsoft
E498D6	Apple
E498E0	Tonly
E4995F	Huawei
E49A79	Apple
E49ADC	Apple
E49C67	Apple
E49D73	Edgecore Networks
E49E12	Freebox
E49F1E	CommScope
E49F7D	Samsung
E4A1E6	Alcatel-Lucent Shanghai Bell
E4A32F	Shanghai Artimen
E4A387	Control Solutions
E4A41C	Cisco
E4A430	Samsung
E4A471	Intel
E4A5EF	Tron Link
E4A634	Universal
E4A749	Palo Alto Networks
E4A7A0	Intel
E4A7C5	Huawei
E4A7D0	Huawei
E4A7FD	Cellco Partnership
E4A8B6	Huawei
E4A8DF	Compal Information (kunshan)
E4AA5D	Cisco
E4AAE4	Xiaomi
E4AAEA	Liteon
E4AAEC	Tianjin Hualai
E4AB46	UAB Selteka
E4AB89	MitraStar
E4AD7D	SCL Elements
E4ADCA	Murata
E4AEE4	Tuya Smart
E4AFA1	Hes-so
E4B005	Beijing IQIYI Science
E4B021	Samsung
E4B063	Espressif
E4B107	Huawei
E4B16C	Apple
E4B224	Huawei
E4B2FB	Apple
E4B318	Intel
E4B323	Espressif
E4B503	Realme Chongqing Mobile Telecommunications
E4B555	Huawei
E4B633	Wuxi Stars Microsystem
E4B731	Hangzhou Advance IOT Connectivity System
E4B97A	Dell
E4BAD9	360 Fly
E4BC96	Versuni
E4BCAA	Xiaomi
E4BD4B	ZTE
E4BD96	Chengdu Hurray Data
E4BEED	Netis
E4BEFB	Huawei
E4BFFA	Vantiva USA
E4C0CC	China Mobile Group Device
E4C0E2	Sagemcom
E4C0FE	Apple
E4C146	Objetivos y Servicios de Valor A
E4C1F1	Shenzhen Spotmau Information Technoligy
E4C2D1	Huawei
E4C32A	TP-Link
E4C483	OPPO
E4C62B	Airware
E4C63D	Apple
E4C6E6	Mophie
E4C722	Cisco
E4C767	Intel
E4C770	Raisecom
E4C801	BLU Products
E4C806	Ceiec Electric
E4C90B	Radwin
E4CA12	ZTE
E4CA5F	Murata
E4CB59	Beijing Loveair Science and
E4CC9D	Integrated Device Technology (Malaysia) Sdn. Bhd
E4CDA7	ZTE
E4CE02	WyreStorm
E4CE58	Anhui Realloong Automotive
E4CE70	Health & Life
E4CE8F	Apple
E4D124	Mojo Networks
E4D332	TP-Link
E4D373	Huawei
E4D398	Xiaomi
E4D3AA	FCNT
E4D3F1	Cisco
E4D436	Nokia
E4D53D	Foxconn
E4D58B	Hangzhou Hikvision Digital
E4D71D	Oraya Therapeutics
E4DADF	Taicang T&W
E4DB6D	Xiaomi
E4DBAE	Extreme Networks
E4DC43	Huawei
E4DC5F	Cofractal
E4DCCC	Huawei
E4DD79	En-Vision America
E4DE40	HPE
E4E0A6	Apple
E4E0C5	Samsung
E4E112	Texas Instruments
E4E130	TCT mobile
E4E26C	OPPO
E4E33D	Qingdao Intelligent&Precise
E4E409	Leifheit
E4E4AB	Apple
E4E608	Kiwibit
E4E66C	Tiandy
E4E749	HP
E4EA83	Shenzhen Gongjin Electronics Co.,lt
E4EC10	Nokia
E4ECE8	Samsung
E4EEFD	MR&D Manufacturing
E4F004	Dell
E4F042	Google
E4F14C	Private
E4F1D4	vivo
E4F27C	Juniper
E4F327	ATOL
E4F365	Time-O-Matic
E4F3C4	Samsung
E4F3E3	Shanghai iComhome
E4F3E8	Shenzhen SuperElectron
E4F3F5	Shenzhen Mercury Communication
E4F4C6	Netgear
E4F58E	Schneider Electric USA
E4F75B	CommScope
E4F7A1	Datafox
E4F89C	Intel
E4F8BE	Tecno Mobile
E4F8EF	Samsung
E4F939	Minxon Hotel
E4FA1D	PAD Peripheral Advanced Design
E4FA5B	Texas Instruments
E4FAC4	TP-Link
E4FADE	Microsoft
E4FAE4	Shenzhen SDMC Technology CP
E4FAED	Samsung
E4FAFD	Intel
E4FB1E	Microsoft
E4FB5D	Huawei
E4FB8F	Mobiwire Mobiles (ningbo)
E4FC82	Juniper
E4FD45	Intel
E4FD8C	Extreme Networks
E4FDA1	Huawei
E4FE43	Xiaomi
E4FED4	Microsoft
E4FED9	EDMI Europe
E4FEE4	Ciena
E4FF69	Holiday Robotics
E4FFDD	Electron India
E80036	Befs
E80115	COOCAA Network Technology CO.,TD
E8018D	Fiberhome Telecommunication
E8039A	Samsung
E8040B	Apple
E80410	Private
E80462	Cisco
E804F3	Throughtek
E8056D	Nortel Networks
E805DC	Verifone
E80688	Apple
E80690	Espressif
E806EB	ShieldSOS
E80734	Champion Optical Network Engineering
E807BF	Shenzhen Boomtech Industry
E8088B	Huawei
E808AF	ZTE
E80945	Integrated Device Technology (Malaysia) Sdn. Bhd
E80959	Guoguang Electric
E80AB9	Cisco
E80AEC	Jiangsu Hengtong Optic-Electric
E80B13	Akib Systems Taiwan
E80C38	Daeyoung Information System
E80C75	Syncbak
E80FC8	Universal
E8102E	Really Simple Software
E81098	HPE
E81132	Samsung
E811CA	Shandong Kaer Electric
E8122D	Unionman
E81324	GuangZhou Bonsoninfo System
E81363	Comstock RD
E81367	Airsound
E8136E	Huawei
E81499	Yoqu Technology(Shenzhen)Co
E8150E	Nokia
E815FE	New H3C
E8162B	IDEO Security
E81656	Hangzhou BroadLink
E81711	Shenzhen Vipstech
E817FC	Fujitsu
E81A58	Technologic
E81AAC	Orfeo Soundworks
E81B4B	amnimo
E81B69	Sercomm
E81CA5	HPE
E81CBA	Fortinet
E81CD8	Apple
E81DA8	Ruckus
E81DEE	i-TEK RFID
E81E92	Huawei
E820E2	HUMAX
E82281	GD Midea Air-Conditioning Equipment
E822B8	Shenzhen Skyworth Digital
E823FB	Redder
E82404	Quectel Wireless Solutions
E824A6	Juniper
E82587	Shenzhen Chilink IoT
E82689	HPE
E8268D	Shenzhen SuperElectron
E826B6	Companies House to GlucoRx
E826CF	Shenzhen Jingxun
E82725	Axis Communications
E82877	TMY
E8288D	Huawei
E828C1	Eltex Enterprise
E828D5	Cots
E82A44	Liteon
E82AEA	Intel
E82BC5	Huawei
E82C6D	SmartRG
E82D79	AltoBeam
E82E0C	Netint
E82E24	Out of the Fog Research
E831CD	Espressif
E8330D	Xaptec
E83381	CommScope
E8343E	Beijing Infosec
E83617	Apple
E8361D	Sense Labs
E8377A	Zyxel
E838A0	Vizio
E83935	HP
E839DF	Askey Computer
E83A12	Samsung
E83A4B	China Mobile Group Device
E83A97	Toshiba
E83DC1	Espressif
E83EB6	RIM
E83EFB	Geodesic
E83EFC	CommScope
E83F67	Huawei
E84040	Cisco
E84074	Barrot
E840F2	Pegatron
E84368	ZTE
E843B6	QNAP
E8447E	Bitdefender
E8458B	MitraStar
E845EB	Kohler Ventures
E84727	Quectel Wireless Solutions
E8473A	Foxconn
E847F3	upscale ai
E8481F	Advanced Automotive Antennas
E848B8	TP-Link
E84943	YUGE Information
E84A54	Xiaomi
E84A78	Apple
E84C4A	Amazon
E84C56	Intercept Services
E84D74	Huawei
E84DD0	Huawei
E84DEC	Xerox
E84E06	Edup International (hk)
E84E84	Samsung
E84EBA	Google
E84ECE	Nintendo
E84F25	Murata
E84F4B	Shenzhen Delos Electronic
E84FA7	Huawei
E8508B	Samsung
E8516E	Tsmart
E85177	Qingdao Intelligent&Precise
E8519D	Yeonhab Precision
E8519E	Guangzhou Shiyuan Electronic
E85484	NEO Information
E85497	Samsung
E85540	Wuxi Funide Digital
E855B4	SAI
E85659	Advanced-Connectek
E8567A	ZTE
E856D6	NCTech
E85A8B	Xiaomi
E85AA7	LLC Emzior
E85AD1	Fiberhome Telecommunication
E85B5B	LG
E85BB7	Ample
E85BF0	Imaging Diagnostics
E85C0A	Cisco
E85C5F	Fn-link
E85CC1	Qingdao Intelligent&Precise
E85D6B	Luminate Wireless
E85D86	Chang YOW
E85E53	Infratec Datentechnik
E85F02	Apple
E85FB4	Xiaomi
E8611F	Dawning Information Industry
E8617E	Liteon
E86183	Black Diamond Advanced
E861BE	Melec
E862BE	Intel
E86538	Cloud Network Technology Singapore PTE
E86549	Cisco
E8655F	Dell
E865D4	Tenda
E866C4	Diamanti
E86819	Huawei
E868B1	OPPO
E868E7	Espressif
E86A64	LCFC(Hefei)
E86BEA	Espressif
E86CDA	Supercomputers and Neurocomputers Research Center
E86D16	Elmec Elettronica
E86D52	CommScope
E86D54	Digit Mobile
E86D65	AUDIO MOBIL Elektronik
E86D6E	voestalpine Signaling UK
E86DCB	Samsung
E86DE9	Huawei
E86E3A	Sony
E86E3E	Sichuan Tianyi Comheart Telecom
E86E44	ZTE
E86EAD	Guangzhou Gizwits loT
E86F38	Chongqing Fugui
E86FF2	Actiontec
E87072	Hangzhou BroadLink
E8718D	Elsys Equipamentos Eletronicos Ltda
E874C7	Sentinhealth
E874E6	ADB Broadband Italia
E8757F	FIRS Technologies(Shenzhen)
E87640	SKY UK
E87865	Apple
E878A1	Beoview Intercom DOO
E878EE	New H3C
E879A3	Cisco
E87AF3	S5
E87E1C	Huawei
E87EEF	Xiaomi
E87F6B	Samsung
E87F95	Apple
E8802E	Apple
E88088	LCFC(Hefei)
E880D8	GNTEK
E880E7	Huawei
E88152	Apple
E88175	ZTE
E881AB	Beijing Sankuai Online
E8825B	CommScope
E884A5	Intel
E884C6	Huawei
E8854B	Apple
E886CF	Nokia
E887A3	Loxley Public
E88843	Xiaomi
E8886C	Shenzhen SC
E8892C	CommScope
E88D28	Apple
E88DA6	Quectel Wireless Solutions
E88DF5	ZNYX Networks
E88E60	NSD
E88F16	Skullcandy
E88F6F	TCT mobile
E88F8E	Hoags Technologies India Private
E88FC4	Mobiwire Mobiles(ningbo)
E8910F	Fiberhome Telecommunication
E89120	Motorola
E89218	Arcontia
E892A4	LG
E89309	Samsung
E89363	Nokia
E893F3	Graphiant
E8944C	Cogent Healthcare
E894F6	TP-Link
E89505	Shenzhen MiaoMing Intelligent
E89526	Luxshare Precision Industry
E89606	testo Instruments (Shenzhen)
E89744	LCFC(Hefei)
E8979A	Quectel Wireless Solutions
E897B8	Chiun Mai Communication System
E89847	Xiaomi
E8986D	Palo Alto Networks
E898C2	Zetlab
E898EE	Apple
E8995A	PiiGAB, Processinformation i Goteborg
E899C4	HTC
E89A8F	Quanta Computer
E89AFF	Fujian LANDI Commercial Equipment
E89C25	ASUS
E89D87	Toshiba
E89E0C	Max8usa Distributors
E89E13	Cresyn
E89E49	Mellanox
E89EB4	Foxconn
E89F39	Nokia
E89F6D	Espressif
E89F80	Belkin
E89FEC	Chengdu KT Electronic Hi-tech
E8A0CD	Nintendo
E8A0ED	Hangzhou Hikvision Digital
E8A1F8	ZTE
E8A245	Juniper
E8A34E	Huawei
E8A364	Signal Path International / Peachtree Audio
E8A4C1	Deep Sea
E8A55A	Juniper
E8A660	Huawei
E8A6CA	Huawei
E8A72F	Microsoft
E8A730	Apple
E8A788	Xiamen Leelen
E8A7B6	Bouffalo Lab (Nanjing)
E8A7F2	sTraffic
E8A848	Wacom
E8A927	LEAR
E8AACB	Samsung
E8ABF3	Huawei
E8ABFA	Shenzhen Reecam
E8AC23	Huawei
E8AC7E	Terahop PTE
E8ACAD	ZTE
E8ADA6	Sagemcom
E8AEC5	Arista Networks
E8B0C5	Intel
E8B1FC	Intel
E8B265	Dell
E8B2AC	Apple
E8B2FE	HUMAX
E8B3EE	Pixelent
E8B3EF	Fiberhome Telecommunication
E8B4AE	Shenzhen C&D
E8B4C8	Samsung
E8B527	Phyplus Technology (Shanghai)
E8B541	ZTE
E8B5D0	Dell
E8B6C2	Juniper
E8B722	GreenTrol Automation
E8B723	Shenzhen Vatilon
E8B748	Cisco
E8B7F0	NocTel
E8B853	GSD Viet NAM
E8BA17	Xiaomi
E8BA70	Cisco
E8BAE2	Xplora
E8BB3D	Sino Prime-Tech
E8BBA8	OPPO
E8BCE4	Cisco
E8BDD1	Huawei
E8BE81	Sagemcom
E8BFB8	Intel
E8BFDB	Inodesign
E8BFE1	Intel
E8C1B8	Nanjing Bangzhong Electronic Commerce
E8C1D7	Philips
E8C1E8	Shenzhen Xiao Bi En Culture Education
E8C229	H-Displays (MSC) Bhd
E8C2DD	Infinix mobility
E8C320	Austco Marketing & Service (USA)
E8C386	Apple
E8C3C5	Huawei
E8C417	Fiberhome Telecommunication
E8C57A	Ufispace
E8C6E6	Changhong (hongkong) Trading
E8C74F	Liteon
E8C7CF	WNC
E8C829	Intel
E8C913	Samsung
E8CA50	Bouffalo Lab (Nanjing)
E8CAC8	Hui Zhou Gaoshengda
E8CBA1	Nokia
E8CBED	Chipsea Technologies(Shenzhen)
E8CBF5	Ezurio
E8CC18	D-Link
E8CC32	Micronet
E8CC8C	Chengdu Jiarui Hualian Communication
E8CD15	Vantiva USA
E8CD2D	Huawei
E8CE06	SkyHawke
E8CF83	Dell
E8D03C	Shenzhen Jingxun Software Telecommunication
E8D099	Fiberhome Telecommunication
E8D0B9	Taicang T&W
E8D0FA	MKS Instruments Deutschland
E8D0FC	Liteon
E8D11B	Askey Computer
E8D2FF	Sagemcom
E8D322	Cisco
E8D3EB	eero
E8D483	ULTIMATE Europe Transportation Equipment
E8D4E0	Beijing BenyWave
E8D52B	Google
E8D5A1	Earda
E8D765	Huawei
E8D775	Huawei
E8D819	AzureWave
E8D81C	Quectel Wireless Solutions
E8D87E	Amazon
E8D8D1	HP
E8DA00	Kivo
E8DA20	Nintendo
E8DA3E	Huawei
E8DA96	Zhuhai Tianrui Electrical Power
E8DAAA	VideoHome
E8DB84	Espressif
E8DC6C	Cisco
E8DE00	ChongQing GuanFang
E8DE27	TP-Link
E8DE8E	Integrated Device Technology (Malaysia) Sdn. Bhd
E8DED6	Intrising Networks
E8DEFB	Mesotic
E8DF24	Ohsung
E8DF70	AVM (FRITZ!Box)
E8DFF2	PRF
E8E07E	Silicon Laboratories
E8E08F	Gravotech Marking
E8E0B7	Toshiba
E8E1E1	Gemtek
E8E1E2	Energotest
E8E49D	Nexthop
E8E5D6	Samsung
E8E609	Chongqing Zhouhai intelligent
E8E732	Alcatel-Lucent Enterprise
E8E770	Warp9 Tech Design
E8E776	Shenzhen Kootion
E8E7C3	ZTE
E8E875	iS5 Communications
E8E8B7	Murata
E8E98E	SOLAR controls s.r.o
E8EA34	Huawei
E8EA4D	Huawei
E8EA6A	StarTech.com
E8EA7C	Shenzhen Amazwear
E8EADA	Denkovi Assembly
E8EAFA	Qingdao Haier
E8EB11	Texas Instruments
E8EB1B	Microchip
E8EB34	Cisco
E8EBD3	Mellanox
E8EBDD	Guangzhou Qingying Acoustics
E8ECA3	Dongguan Liesheng Electronic
E8ED05	CommScope
E8EDD6	Fortinet
E8EDF3	Cisco
E8EECC	Fantasia Trading
E8EF05	MIND
E8EF22	Siemens Numerical Control Ltd., Nanjing
E8EF89	OPMEX
E8F085	Huawei
E8F094	GD Midea Air-Conditioning Equipment
E8F0A4	Antonios A. Chariton
E8F1B0	Sagemcom
E8F226	Millson Custom Solutions
E8F2E2	LG
E8F2E3	Starcor Beijing
E8F375	Nokia
E8F408	Intel
E8F494	AltoBeam
E8F60A	Espressif
E8F654	Huawei
E8F673	Microsoft
E8F674	Jiang Su Fulian Communication
E8F724	HPE
E8F72F	Huawei
E8F791	Xiaomi
E8F8D0	Nokia
E8F928	Enginko
E8F9D4	Huawei
E8FA23	Huawei
E8FAF7	Guangdong Uniteddata Holding
E8FB1C	AzureWave
E8FBE9	Apple
E8FC5F	Ruckus
E8FC60	ELCOM Innovations Private
E8FCAF	Netgear
E8FD35	Huawei
E8FD72	Shanghai Linguo
E8FD90	Turbostor
E8FDE8	CeLa Link
E8FDF8	Shanghai High-Flying
E8FEBE	Apple
E8FF98	Huawei
E8FFF4	Apple
EC0133	Trinus
EC01D5	Cisco
EC01E2	Foxconn
EC01EE	OPPO
EC0273	HPE
EC0441	ShenZhen TIGO Semiconductor
EC0482	STL
EC086B	TP-Link
EC08E5	Motorola
EC09C9	Texas Instruments
EC0BAE	Hangzhou BroadLink
EC0C96	Nokia
EC0D51	Apple
EC0D9A	Mellanox
EC0DE4	Amazon
EC0EC4	Foxconn
EC0ED6	Itech Instruments
EC1055	Xiaomi
EC107B	Samsung
EC1120	FloDesign Wind Turbine
EC1127	Texas Instruments
EC13B2	Netonix
EC13DB	Juniper
EC14F6	BioControl
EC153D	Beijing Yaxunhongda
EC15FE	Hangzhou Hikstorage
EC172F	TP-Link
EC1766	Research Centre Module
EC192E	Cisco
EC1A02	Huawei
EC1A59	Belkin
EC1AC3	Ugreen
EC1B5F	HPE
EC1BBD	Silicon Laboratories
EC1BCF	Brain
EC1BFA	EM Microelectronic
EC1C5D	Siemens
EC1D53	Huawei
EC1D7F	ZTE
EC1D8B	Cisco
EC1D9E	Quectel Wireless Solutions
EC1DA9	Yealink(xiamen) Network
EC1F72	Samsung
EC2125	Toshiba
EC2150	vivo
EC219F	VidaBox
EC21E5	Toshiba
EC2257	JiangSu NanJing University Electronic Information
EC2280	D-Link
EC233D	Huawei
EC2368	IntelliVoice
EC237B	ZTE
EC24B8	Texas Instruments
EC2651	Apple
EC26CA	TP-Link
EC26FB	TECC
EC28D3	Apple
EC2A72	Dell
EC2AF0	Ypsomed
EC2BEB	Amazon
EC2C0D	Apple
EC2C11	CWD Innovation
EC2C49	NakaoLab, The University of Tokyo
EC2C73	Apple
EC2CE2	Apple
EC2E4E	Hitachi-lg Data Storage
EC2E98	AzureWave
EC2F20	Hyundai WIA
EC2F90	OPPO
EC308E	Lierda Science
EC3091	Cisco
EC30B3	Xiaomi
EC30DD	eero
EC3111	Sichuan AI-Link
EC314A	Chengdu Quanjing Intelligent
EC315F	Amazon
EC316D	Hansgrohe
EC33CC	HPE
EC34E2	Yasmina Labs Trading FZE
EC3532	Tactrix
EC354D	Wingtech Mobile Communications
EC3586	Apple
EC363F	Markov
EC3873	Juniper
EC388F	Huawei
EC3A52	Huawei
EC3A56	AzureWave
EC3BAF	EM Microelectronic
EC3BF0	NovelSat
EC3C5A	Shen Zhen Heng Sheng HUI Digital
EC3C88	MCNEX
EC3CBB	Huawei
EC3DFD	Shenzhen Bilian Electronic Co.，ltd
EC3E09	Performance Designed Products
EC3EB3	Zyxel
EC3EF7	Juniper
EC3F05	Institute 706, The Second Academy China Aerospace Science & Industry
EC4118	Xiaomi
EC41CA	Shenzhen TecAnswer
EC41F9	Shenzhen iComm Semiconductor
EC4269	HMD Global
EC42B4	ADC
EC42CC	Apple
EC42F0	ADL Embedded Solutions
EC438B	YAPTV
EC43E6	AWCER
EC43F6	Zyxel
EC4476	Cisco
EC462C	Infinix mobility
EC4644	TTK
EC4654	Apple
EC4670	Meinberg Funkuhren
EC4684	Microsoft
EC470C	Universal
EC473C	Redwire
EC4993	Qihan
EC4C4D	ZAO NPK RoTeK
EC4C8C	Intel
EC4D3E	Xiaomi
EC4D47	Huawei
EC4F82	Calix
EC50A6	Sagemcom
EC50AA	HPE
EC51BC	OPPO
EC52DC	World Media AND
EC536F	Huawei
EC5382	Honor
EC542E	Shanghai XiMei Electronic
EC551C	Huawei
EC554D	Private
EC55F9	Foxconn
EC5623	Huawei
EC570D	AFE
EC5865	Shenzhen Xinguodu
EC58EA	Ruckus
EC59E7	Microsoft
EC5A31	Buffalo
EC5A86	Yulong Computer Telecommunication Scientific (Shenzhen)
EC5AA3	Huawei
EC5B71	Inventec(Chongqing)
EC5B73	Advanced & Wise
EC5C68	Chongqing Fugui
EC5C69	Mitsubishi Heavy Industries Mechatronics
EC5C84	Murata
EC5F23	Qinghai Kimascend
EC6073	TP-Link
EC60E0	Avi-on Labs
EC6260	Espressif
EC6264	Global411 Internet Services
EC63D7	Intel
EC63E5	ePBoard Design
EC63ED	Hyundai Autoever
EC6488	Honor
EC64C9	Espressif
EC64E7	Mocacare
EC656E	The Things Industries
EC65CC	Panasonic Automotive Systems Company of America
EC6652	Info Fiber Solutions Pvt
EC66D1	B&W
EC6794	HPE
EC6881	Palo Alto Networks
EC6C9A	Arcadyan
EC6C9F	Chengdu Volans
EC6CB5	ZTE
EC6E79	InHand Networks
EC6F0B	FADU
EC6FF9	Pioseed Technology(Chengdu)Co
EC7097	CommScope
EC715E	Freefly
EC71DB	Reolink Innovation
EC725B	ZTE
EC72F7	DJI Baiwang
EC7359	Shenzhen Cloudsky
EC7379	Apple
EC73F6	Sichuan AI-Link
EC7427	eero
EC748C	Sony
EC74BA	Hirschmann Automation and Control
EC74D7	Grandstream Networks
EC750C	TP-Link
EC753E	Huawei
EC75ED	Citrix
EC7949	Fujitsu
EC79C0	ZTE
EC79F2	Startel
EC7C2C	Huawei
EC7C5C	Juniper
EC7C74	Justone
EC7CB6	Samsung
EC7CBA	HPE
EC7D11	vivo
EC7D9D	CPI
EC7E91	Itel Mobile
EC7FC6	ECCEL
EC8009	NovaSparks
EC8150	Apple
EC8152	Huawei
EC8193	Logitech
EC819C	Huawei
EC8263	ZTE
EC8306	GooWi Wireless
EC8350	Microsoft
EC836C	RM
EC83B7	Puwell Cloud
EC83D5	GIRD
EC8439	Bitmain Development PTE
EC84B4	CIG Shanghai
EC852F	Apple
EC86C4	Mellanox
EC888F	TP-Link
EC8892	Motorola
EC8914	Huawei
EC89F5	Lenovo
EC8A48	Arista Networks
EC8A4C	ZTE
EC8AC4	Amazon
EC8AC7	Fiberhome Telecommunication
EC8C9A	Huawei
EC8CA2	Ruckus
EC8E12	Nokia
EC8E77	Intel
EC8EAD	DLX
EC8EAE	Nagravision
EC8EB5	HP
EC8F72	Barrot
EC90C1	Samsung
EC9161	Cloud Network Technology Singapore PTE
EC9233	Eddyfi NDT
EC9327	MEMMERT GmbH +
EC9365	Mapper.ai
EC937D	Vantiva USA
EC93ED	DDoS-Guard
EC9468	Meta System
EC94CB	Espressif
EC94D5	Juniper
EC9681	2276427 Ontario
EC96BF	Kontron eSystems
EC97A2	Apple
EC97B2	SUMEC Machinery & Electric
EC97E0	Hangzhou Ezviz Software
EC986C	Lufft Mess- und Regeltechnik
EC98C1	Beijing Risbo Network
EC9A34	Texas Instruments
EC9A74	HP
EC9B2D	China Mobile Group Device
EC9B5B	Nokia
EC9B75	Roku
EC9B8B	HPE
EC9BF3	Samsung
EC9C32	Sichuan AI-Link
EC9E68	Anhui Taoyun
EC9ECD	Artesyn Embedded
EC9EEA	Xtra
ECA138	Amazon
ECA1CC	Cisco
ECA1D1	Huawei
ECA29B	Kemppi
ECA2A0	Taicang T&W
ECA5DE	Onyx Wifi
ECA62F	Huawei
ECA78D	Cisco
ECA7AD	Barrot
ECA81F	Vantiva USA
ECA854	EFOCE
ECA86B	Elitegroup Computer
ECA907	Apple
ECA940	CommScope
ECA971	Hangzhou Hikvision Digital
ECA9FA	Guangdong Genius
ECAA25	Samsung
ECAA8F	Huawei
ECAAA0	Pegatron
ECAB3E	ESSYS
ECADB8	Apple
ECADE0	D-Link
ECAF97	GIT
ECAFF9	Hailo
ECB0D2	EM Microelectronic
ECB0E1	Ciena
ECB106	Acuro Networks
ECB157	Sagemcom
ECB1D7	HP
ECB1E0	Eltex Enterprise
ECB293	HPE
ECB313	Shenzhen Gongjin Electronics Co.,lt
ECB4E8	Wistron Mexico SA de CV
ECB50A	Quectel Wireless Solutions
ECB541	SHINANO E and E
ECB550	Samsung
ECB5AF	RayService a.s
ECB5FA	Philips Lighting
ECB870	Beijing Heweinet
ECB878	Huawei
ECB907	CloudGenix
ECB931	TP-Link
ECB970	Ruijie Networks
ECB9A5	Huawei
ECBAFE	Giroptic
ECBB78	Cisco
ECBBAE	Digivoice Tecnologia em Eletronica Ltda
ECBD09	Fusion
ECBD1D	Cisco
ECBE5F	Vestel Elektronik San ve Tic. A.S
ECBEDD	Sagemcom
ECBFD0	Texas Instruments
ECC018	Cisco
ECC01B	Huawei
ECC06A	PowerChord
ECC07A	Ezurio
ECC1AB	Guangzhou Shiyuan Electronic
ECC302	HUMAX
ECC342	ZTE
ECC38A	Accuenergy (CANADA)
ECC3B0	ZTE
ECC40D	Nintendo
ECC57F	Suzhou Pairlink Network
ECC5D2	Huawei
ECC882	Cisco
ECC89C	Hangzhou Hikvision Digital
ECC9FF	Espressif
ECCB30	Huawei
ECCD4C	New H3C
ECCD6D	Allied Telesis
ECCE13	Cisco
ECCED7	Apple
ECCF70	Fujian Star-net Communication
ECD00E	MiraeRecognition
ECD040	GEA Farm
ECD09F	Xiaomi
ECD19A	Zhuhai Liming Industries
ECD508	Apple
ECD61B	Espressif
ECD68A	Shenzhen JMicron Intelligent Technology Developmen
ECD909	Alpsalpine
ECD925	RAMI
ECD950	IRT
ECD9D1	Shenzhen TG-NET Botone
ECDA3B	Espressif
ECDA59	New H3C
ECDB86	API-K
ECDCAA	Apple
ECDD24	Cisco
ECDE3D	Lamprey Networks
ECDF3A	vivo
ECDFC9	Hangzhou Microimage Software
ECE09B	Samsung
ECE154	Beijing Unisound Information
ECE1A9	Cisco
ECE2FD	SKG Electric Group(Thailand)
ECE334	Espressif
ECE512	tado
ECE555	Hirschmann Automation
ECE61D	Huawei
ECE660	Qingdao Hisense Communications
ECE6A2	Fiberhome Telecommunication
ECE744	Omntec mfg
ECE78E	AsiaTelco
ECE7A7	Intel
ECE7C2	China Mobile Group Device
ECE90B	Sistema Solucoes Eletronicas Ltda - Easytech
ECE915	STI
ECE9D2	Apple
ECE9F5	Huawei
ECE9F8	Guang Zhou TRI-SUN
ECEA03	Darfon Lighting
ECEBB8	HPE
ECED04	Intel
ECED73	Motorola
ECEED8	ZTLX Network
ECEF17	Sunplus
ECF00E	AboCom
ECF0FE	ZTE
ECF22B	Tecno Mobile
ECF236	Neomontana
ECF33C	Intel
ECF342	OPPO
ECF35B	Nokia
ECF37A	Forecr OU
ECF40C	Cisco
ECF451	Arcadyan
ECF4BB	Dell
ECF64C	Silicon Laboratories
ECF6BD	Sncf Mobilités
ECF72B	HD Digital
ECF8D0	Huawei
ECF8EB	Sichuan Tianyi Comheart Telecom
ECFA03	FCA
ECFA5C	Xiaomi
ECFAAA	The IMS
ECFABC	Espressif
ECFAF4	SenRa Tech Pvt
ECFC2F	Sagemcom
ECFC55	A. Eberle
ECFCC6	HPE
ECFE7E	BlueRadios
ECFF3A	Apple
F0007F	Janz - Contadores de Energia
F0016E	Tianyi Telecom Terminals
F0022B	Chrontel
F00248	SmarteBuilding
F0038C	AzureWave
F003BC	Cisco
F004E1	Apple
F0051B	Samsung
F00727	Interel Building Automation
F00786	Shandong Bittel
F008D1	Espressif
F008F1	Samsung
F0090D	TP-Link
F00C51	ZTE
F00D5C	JinQianMao
F00DF5	ACOMA Medical Industry
F00E1D	Megafone
F00EBF	ZettaHash
F00FEC	Huawei
F01090	New H3C
F010A5	Texas Instruments
F010AB	China Mobile (Hangzhou) Information
F013C1	Hannto
F013C3	Shenzhen Fenda
F015A0	KyungDong One
F015B9	PlayFusion
F0161D	Espressif
F01628	Technicolor
F01653	Yealink(xiamen) Network
F0182B	LG Chem
F01898	Apple
F01AA0	HPE
F01B24	ZTE
F01B6C	vivo
F01C13	LG
F01C2D	Juniper
F01D2D	Cisco
F01DBC	Microsoft
F01E34	ORICO
F01EAC	Rentokil Initial
F01FAF	Dell
F01FC7	Apple
F020FF	Intel
F0210E	Huawei
F02178	Unionman
F0219D	Cal-Comp Electronics & Communications
F021E0	eero
F0224E	Esan electronic
F02329	Showa Denki
F023AE	AMPAK
F02405	OPUS High
F02408	Talaris (Sweden)
F02475	Apple
F024F9	Espressif
F02572	Cisco
F0258E	Huawei
F025B7	Samsung
F02624	WAFA
F0264C	Sigrist-Photometer
F026F8	Worldcns
F0272D	Amazon
F02745	F-Secure
F02765	Murata
F027A0	Apple
F02929	Cisco
F02A23	Creative Next Design
F02A61	Waldo Networks
F02B18	Nanjing Jiahao
F02B7C	Extreme Networks
F02C59	Chipsea Technologies (Shenzhen) Crop
F02E51	Casa
F02F4B	Apple
F02F50	Shenzhen SEI Robotics
F02F74	ASUS
F02F9E	Amazon
F02FA7	Huawei
F02FBA	Apple
F02FD8	Bi2-Vision
F03012	AUMOVIO Autonomous Mobility Germany
F0321A	Mita-Teknik
F033E5	Huawei
F03404	TCT mobile
F03575	Hui Zhou Gaoshengda
F037A1	Huike Electronics (SHENZHEN)
F037CF	Huawei
F03965	Samsung
F03A4B	Bloombase
F03A55	Omega Elektronik
F03D03	Tecno Mobile
F03D29	Actility
F03E05	Murata
F03E90	Ruckus
F03EBF	Gogoro Taiwan
F03F03	Private
F03F95	Huawei
F03FF8	R L Drake
F0407B	Fiberhome Telecommunication
F040D9	Apple
F040EC	Loopdesignlab PTE
F041C6	Heat
F0421C	Intel
F042F5	Huawei
F04335	DVN(Shanghai)Ltd
F04347	Huawei
F044D3	Silicon Laboratories
F045DA	Texas Instruments
F0463B	Comcast Cable
F04A02	Cisco
F04A2B	PYRAMID Computer
F04A3D	Bosch Thermotechnik
F04B3A	Juniper
F04B6A	Scientific Production Association Siberian Arsenal
F04B8A	Vantiva USA
F04BF2	JTECH Communications
F04CD5	Maxlinear
F04DA2	Dell
F04DD4	Sagemcom
F04E35	Pica8 Software
F04EA4	HP
F04F7C	Amazon
F04FE0	Vizio
F05136	TCT mobile
F051EA	Fitbit
F05494	Honeywell Connected Building
F05501	Huawei
F05582	Arashi Vision
F0578D	JetHome
F057A6	Intel
F05849	CareView Communications
F05A09	Samsung
F05B7B	Samsung
F05C0E	Huawei
F05C19	HPE
F05C77	Google
F05CD5	Apple
F05D88	Huawei
F05D89	Dycon
F05DC8	Duracell Powermat
F05ECD	Texas Instruments
F05F5A	Getriebebau NORD GmbH and
F06130	Advantage Pharmacy Services
F061C0	HPE
F061F3	Comcast Cable
F0620D	Shenzhen Egreat
F0625A	Realme Chongqing Mobile Telecommunications
F06281	ProCurve Networking by HP
F063F9	Huawei
F06426	Extreme Networks
F065AE	Samsung
F065C2	Yanfeng Visteon Electronics Technology (Shanghai)
F065DD	Primax
F06728	OPPO
F067B1	Samsung
F06853	Integrated
F06865	Taicang T&W
F068E3	AzureWave
F06BCA	Samsung
F06C5D	Xiaomi
F06C73	Nokia
F06D78	OPPO
F06D93	EM Microelectronic
F06E0B	Microsoft
F06E32	Microtel Innovation
F06F46	Ubiik
F06FCE	Ruckus
F0704F	Samsung
F07084	Actiontec
F0728C	Samsung
F072EA	Google
F073AE	PEAK-System Technik
F07485	NGD
F0748D	Ruijie Networks
F074BF	Silicon Laboratories
F074C1	Blink by Amazon
F074E4	Thundercomm
F0761C	Compal Information (kunshan)
F0766F	Apple
F07765	Sourcefire
F077C3	Intel
F077D0	Xcellen
F07807	Apple
F07816	Cisco
F07959	ASUS
F07960	Apple
F079E8	OPPO
F07A55	ZTE
F07B65	Sagemcom
F07BCB	Foxconn
F07CC7	Juniper
F07D68	D-Link
F07F06	Cisco
F07F0C	Leopold Kostal GmbH &Co
F08173	Amazon
F08175	Sagemcom
F081AF	IRZ Automation
F08261	Sagemcom
F082C0	Silicon Laboratories
F0842F	ADB Broadband Italia
F084C9	ZTE
F085C1	Shenzhen Rf-link
F08620	Arcadyan
F0866F	EM Microelectronic
F08756	Zyxel
F0877F	Magnetar Technology Shenzhen
F08A28	JIANGSU HENGSION ELECTRONIC S and T
F08A76	Samsung
F08BFE	Costel
F08CFB	Fiberhome Telecommunication
F08EDB	VeloCloud Networks
F09008	Shenzhen Skyworth Digital
F0921C	HP
F09258	China Electronics Cloud Computing
F092B4	Sichuan Tianyi Comheart Telecom
F0933A	NxtConect
F093C5	Garland
F095F1	Carl Zeiss
F09602	Earda
F097E5	TAMIO
F09838	Huawei
F0989D	Apple
F09919	Garmin
F099B6	Apple
F099BF	Apple
F09A51	Shanghai Viroyal Electronic
F09BB8	Huawei
F09CBB	RaonThink
F09CD7	Guangzhou Blue Cheetah Intelligent
F09CE9	Extreme Networks
F09E4A	Intel
F09E63	Cisco
F09E9E	Espressif
F09FC2	Ubiquiti
F09FFC	SHARP
F0A0B1	Huawei
F0A225	Amazon
F0A35A	Apple
F0A3B2	Hui Zhou Gaoshengda
F0A4EA	Huawei
F0A654	Cloud Network Technology Singapore PTE
F0A731	TP-Link
F0A764	GST
F0A7B2	Futaba
F0A882	shenzhen trolink
F0A951	Huawei
F0A968	Antailiye
F0AA0B	Arra Networks/ Spectramesh
F0AB1F	ZTE
F0AB54	Mitsumi Electric
F0ABF3	Fiberhome Telecommunication
F0ABFA	Shenzhen Rayin
F0ACA4	HBC-radiomatic
F0AD4E	Globalscale
F0AE51	Xi3
F0AE66	Cosonic Intelligent
F0AF50	Phantom Intelligence
F0AF85	CommScope
F0B014	AVM (FRITZ!Box)
F0B022	TOHO
F0B040	Hunan Fn-link
F0B052	Ruckus
F0B0E7	Apple
F0B107	Ericsson
F0B11D	Nokia
F0B13F	Huawei
F0B163	Texas Instruments
F0B2B9	Intel
F0B2E5	Cisco
F0B31E	Universal
F0B3EC	Apple
F0B429	Xiaomi
F0B479	Apple
F0B4D2	D-Link
F0B5B7	Disruptive Technologies Research
F0B5D1	Texas Instruments
F0B61E	Intel
F0B661	eero
F0B6EB	Poslab
F0B715	Huawei
F0B968	Itel Mobile
F0BC50	Mellanox
F0BCC8	MaxID (Pty)
F0BCC9	PFU
F0BD2E	H+S Polatis
F0BDEE	Huawei
F0BDF1	Sipod
F0BE25	Dongguan Cannice Precision Manufacturing
F0BF97	Sony
F0C1CE	GoodWe
F0C1F1	Apple
F0C24C	Zhejiang FeiYue Digital
F0C27C	Mianyang Netop Telecom Equipment
F0C371	Apple
F0C42F	Huawei
F0C478	Huawei
F0C558	U.D.Electronic
F0C71F	Arista Networks
F0C725	Apple
F0C745	Tecno Mobile
F0C77F	Texas Instruments
F0C814	Shenzhen Bilian Electronic Co.，ltd
F0C850	Huawei
F0C88B	Wyze Labs
F0C88C	LeddarTech
F0C8B5	Huawei
F0C9D1	GD Midea Air-Conditioning Equipment
F0CBA1	Apple
F0CCE0	Shenzhen All-Smartlink
F0CD31	Samsung
F0CF4D	BitRecords
F0D018	HPE
F0D08C	TCT mobile
F0D14F	Linear
F0D1A9	Apple
F0D1B8	Ledvance
F0D2F1	Amazon
F0D31F	Apple
F0D32B	Juniper
F0D3A7	CobaltRay
F0D3E7	Sensometrix
F0D415	Intel
F0D4E2	Dell
F0D4F6	Lars Thrane
F0D4F7	varram system
F0D506	Ubee Interactive
F0D5BF	Intel
F0D635	Apple
F0D657	Echosens
F0D767	Axema Passagekontroll
F0D793	Apple
F0D7AA	Motorola
F0D7DC	Wesine (Wuhan)
F0D7EE	Huawei
F0D805	Cisco
F0D9B2	EXO
F0DA7C	RLH Industries
F0DB2A	Lanner
F0DB30	Verge.io
F0DBE2	Apple
F0DBF8	Apple
F0DCE2	Apple
F0DE71	Shanghai EDO
F0DEB9	ShangHai Y&Y
F0DEF1	Wistron Infocomm (Zhongshan)
F0E3DC	Tecon MT
F0E426	Samsung
F0E4A2	Huawei
F0E5C3	Drägerwerk AG & Co. KG aA
F0E752	Shenzhen Huajuxin Semiconductor
F0E77E	Samsung
F0EAE1	Nanjing RISC-V Institute
F0EBD0	Shanghai Feixun Communication
F0EC39	Essec
F0EC80	Zero Boundary Singularity Technology(Shenzhen)
F0ED19	ZTE
F0ED1E	Bilkon Bilgisayar Kontrollu Cih. Im
F0ED51	Qingdao Intelligent&Precise
F0EDB8	Servercom (india) Private
F0EE10	Samsung
F0EE58	PACE Telematics
F0EE7A	Apple
F0EEBB	VIPAR
F0EF86	Google
F0EFD2	TF Payment Service
F0F002	Foxconn
F0F069	Private
F0F08F	Nextek Solutions Pte
F0F0A4	Amazon
F0F249	Hitron
F0F260	Mobitec
F0F336	TP-Link
F0F564	Samsung
F0F56D	Kubota
F0F5AE	Adaptrum
F0F5BD	Espressif
F0F61C	Apple
F0F644	Whitesky Science
F0F669	Motion Analysis
F0F69C	NIO
F0F6C1	Sonos
F0F755	Cisco
F0F7B3	Phorm
F0F7E7	Huawei
F0F7FC	Huawei
F0F832	Google
F0F842	Keebox
F0F84A	Buffalo
F0F8F2	Texas Instruments
F0F95D	Aditya Infotech
F0F9F7	IES
F0FABA	Nvidia
F0FAC7	Huawei
F0FB7F	Mellanox
F0FC65	SynaXG Technologies Pte
F0FCC8	CommScope
F0FD45	Silicon Laboratories
F0FDA0	Acurix Networks
F0FDDD	Foxtron Vehicle
F0FE6B	Shanghai High-Flying
F0FEE7	Huawei
F40046	ON Semiconductor
F400A2	Samsung
F401CC	Silicon Laboratories
F40223	PAX Computer Technology(Shenzhen)
F40228	Samsung
F40270	Dell
F40304	Google
F40321	BeNeXt
F4032A	Amazon
F4032F	Reduxio
F40343	HPE
F40393	Nanjing Qinheng Microelectronics
F4044C	ValenceTech
F40595	Sagemcom
F40616	Apple
F4063C	Texas Instruments
F40669	Intel
F4068D	devolo
F406A3	Huawei
F406A5	Hangzhou Bianfeng Networking
F40855	Qingdao Haier
F409D8	Samsung
F40A2E	Shenzhen Skyworth Digital
F40A4A	INDUSNET Communication
F40B93	BlackBerry RTS
F40B9F	CIG Shanghai
F40E01	Apple
F40E22	Samsung
F40E83	CommScope
F40F1B	Cisco
F40F24	Apple
F40F9B	Wavelink
F412DA	ZTE
F412FA	Espressif
F41399	Aerospace new generation communications
F414BF	LG
F41532	PETAiO (NanJing)
F41535	SPON Communication
F41563	F5
F415FD	Shanghai Pateo Electronic Equipment Manufacturing
F416E7	Skyverse
F417B8	AirTies Wireless Networks
F419E2	Volterra
F41A9C	Xiaomi
F41AB0	Shenzhen Xingguodu
F41AF7	ZTE
F41BA1	Apple
F41C26	AltoBeam
F41C71	Shenzhen Sanmu Communication
F41C95	Beijing Yunyi Times
F41D6B	Huawei
F41E26	Simon-Kaloi Engineering
F41E57	Routerboard.com
F41E5E	RtBrick
F41F0B	Yamabishi
F41F88	ZTE
F41FC2	Cisco
F42012	Cuciniale
F42015	Guangzhou Shiyuan Electronic
F4204D	Mellanox
F421AE	Shanghai Xiaodu
F421CA	Apple
F4227A	Guangdong Seneasy Intelligent
F4239C	Sernet (suzhou)
F42462	Selcom Electronics (Shanghai)
F4248B	Huawei
F4253C	eero
F425FE	Huawei
F42679	Intel
F42756	DASAN Newtork Solutions
F42833	MMPC
F42853	Zioncom Electronics (Shenzhen)
F42896	Specto Paineis Eletronicos Ltda
F4289D	Cloud Network Technology Singapore PTE
F42981	vivo
F42A7D	TP-Link
F42B48	Ubiqam
F42B7D	Chipsguide
F42B8C	Samsung
F42C56	SENOR
F42D06	ZTE
F42DC9	Espressif
F42E48	ZTE
F42E7F	HPE
F42F97	Embrava USA
F4308B	Xiaomi
F430B9	HP
F43149	Pixel FX
F431C3	Apple
F4323D	Sichuan tianyi kanghe communications
F4331C	Toast
F43328	CIMCON Lighting
F43392	Cisco
F433B7	Apple
F434F0	Apple
F436E1	Abilis Systems SARL
F437B7	Apple
F43814	Shanghai Howell Electronic
F438C1	Huawei
F43909	HP
F439A6	Apple
F43A7B	ZTE
F43BD8	Intel
F43C3B	Hunan Fn-link
F43C96	Ericsson
F43D80	FAG Industrial Services
F43E61	Shenzhen Gongjin Electronics Co.,lt
F43E66	Bee Computing (HK)
F43E9D	Benu Networks
F44156	Arrikto
F4419E	Huawei
F44227	S & S Research
F44250	Bouffalo Lab (Nanjing)
F4428F	Samsung
F4442C	Shenzhen SuperElectron
F44450	BND
F44588	Huawei
F445ED	Portable Innovation
F4462A	maxon zub
F44637	Intel
F44713	Leading Public Performance
F4472A	Nanjing Rousing Sci. and Tech. Industrial
F44848	Amscreen
F44955	MIMO
F449EF	Emstone
F44B2A	Cisco
F44C70	Skyworth Digital Technology(Shenzhen)
F44C7F	Huawei
F44D17	Goldcard High-tech
F44D30	Elitegroup Computer
F44D5C	Zyxel
F44DAD	Cable Matters
F44E05	Cisco
F44E35	Meta Platforms
F44E38	Olibra
F44EB4	Cloud Network Technology Singapore PTE
F44EE3	Intel
F44EFD	Actions Semiconductor Co.,Ltd.(Cayman Islands)
F44FD3	shenzhen hemuwei
F450EB	Telechips
F45214	Mellanox
F45246	Askey Computer
F4525B	Antare
F45293	Apple
F453E4	Huawei
F45420	Tellescom Industria E Comercio EM Telecomunicacao
F45424	Extreme Networks
F45433	Rockwell Automation
F45595	Hengbao
F4559C	Huawei
F455E0	Niceway CNC Technology Co.,Ltd.Hunan Province
F4573E	Fiberhome Telecommunication
F45842	Boxx TV
F45B29	Huawei
F45B73	Wanjiaan Interconnected
F45BB4	Cisco
F45C42	Huawei
F45C89	Apple
F45EAB	Texas Instruments
F45F69	Matsufu Electronics distribution
F45FD4	Cisco
F45FF7	DQ
F4600D	Panoptic
F46077	Texas Instruments
F460E2	Xiaomi
F462D0	Not for Radio
F462DC	Huawei
F4631F	Huawei
F46349	Diffon
F4635A	NXP Semiconductor (Tianjin)
F463E7	Nanjing Maxon O.E
F463FC	vivo
F46412	Sony
F4645D	Toshiba
F464B6	Sercomm
F4650B	Espressif
F465A6	Apple
F46639	GD Midea Air-Conditioning Equipment
F4672D	ShenZhen Topstar
F46802	Huawei
F46942	Askey Computer
F46A92	Shenzhen Fast
F46ABC	Adonit
F46AD7	Microsoft
F46ADD	Liteon
F46B8C	Foxconn
F46BEF	Sagemcom
F46C68	WNC
F46D04	ASUS
F46D2F	TP-Link
F46D3F	Intel
F46DE2	ZTE
F46E24	NEC Personal Computers
F46E95	Extreme Networks
F46ED6	EM Microelectronic
F46F4E	Echowell
F46FA4	Physik Instrumente
F46FED	Fiberhome Telecommunication
F47018	Hangzhou Ezviz Software
F470AB	vivo
F47190	Samsung
F47257	Jiangxi Remote lntelligence
F47335	Logitech Far East
F473CA	Conversion Sound
F47470	Cisco
F47488	New H3C
F47626	Viltechmeda UAB
F478AC	Apple
F47946	Huawei
F47960	Huawei
F47A4E	Woojeon&Handan
F47ACC	SolidFire
F47B09	Intel
F47B5E	Samsung
F47D8F	Google
F47DEF	Samsung
F47F35	Cisco
F48139	CANON
F481C4	Apple
F4832C	Ohsung
F483CD	TP-Link
F483E1	Shanghai Clouder Semiconductor
F4844C	Texas Instruments
F4848D	TP-Link
F485AE	Senbiosys
F485C6	FDT
F48771	Infoblox
F487C5	Huawei
F48918	Huawei
F48974	Cisco
F48B32	Xiaomi
F48C50	Intel
F48CEB	D-Link
F48E09	Nokia
F48E38	Dell
F48E92	Huawei
F490CA	Tensorcom
F490EA	Deciso
F4911E	Zhuhai Ewpe Information
F492BF	Ubiquiti
F4931C	Universal
F4939F	Foxconn
F49461	NexGen Storage
F49466	CountMax
F4951B	Hefei Radio Communication
F49634	Intel
F49651	Nakayo
F497C2	Nebulon
F499AC	WEBER Schraubautomaten
F49A7C	Hangzhou Supranett Network
F49AB1	HPE
F49C12	Structab
F49D8A	Fantasia Trading
F49DA7	Private
F49EA4	Epiq Solutions
F49ECE	Sena
F49EEF	Taicang T&W
F49F54	Samsung
F49FF3	Huawei
F4A157	Huawei
F4A17F	Marquardt Electronics Technology (Shanghai)
F4A1A6	Apple
F4A294	Eagle World Development
F4A310	Apple
F4A3C2	Shenzhen iComm Semiconductor
F4A475	Intel
F4A4D6	Huawei
F4A52A	Hawa
F4A59D	Huawei
F4A739	Juniper
F4A80D	Wistron InfoComm(Kunshan)Co
F4A997	CANON
F4A9A7	Honor
F4AAD0	Ohsung
F4AB5C	Quectel Wireless Solutions
F4ACC1	Cisco
F4AFE7	Apple
F4B0FF	Shanghai Baud Data Communication
F4B164	Lightning Telecommunications
F4B19C	AltoBeam
F4B1C2	Zhejiang Dahua
F4B24E	Huawei
F4B301	Intel
F4B381	WindowMaster
F4B3B1	Silicon Laboratories
F4B49E	eero
F4B520	Biostar Microtech
F4B52F	Juniper
F4B549	Xiamen Yeastar Digital
F4B599	Apple
F4B5AA	ZTE
F4B5BB	Ceragon Networks
F4B62D	Dongguan Huayin Electronic
F4B688	Plantronics
F4B6C6	Indra Heera Technology LLP
F4B6E5	TerraSem
F4B72A	Time Interconnect
F4B78D	Huawei
F4B7B3	vivo
F4B7E2	Foxconn
F4B821	Cisco
F4B85E	Texas Instruments
F4B898	Texas Instruments
F4B8A7	ZTE
F4BBC7	vivo
F4BC97	Shenzhen Crave Communication
F4BCDA	Shenzhen Jingxun Software Telecommunication
F4BD7C	Chengdu jinshi communication
F4BD9E	Cisco
F4BDAE	Shenzhen V-Link
F4BDB9	Ubiqcom India Pvt
F4BEEC	Apple
F4BF80	Huawei
F4BFA8	Juniper
F4BFBB	China Mobile Group Device
F4C02F	BlueBite
F4C114	Vantiva USA
F4C248	Samsung
F4C447	Coagent International Enterprise
F4C4D6	Shenzhen Xinfa Electronic
F4C613	Alcatel-Lucent Shanghai Bell
F4C6D7	blackned
F4C714	Huawei
F4C795	WEY
F4C7AA	Marvell Semiconductors
F4C7C8	Kelvin
F4C88A	Intel
F4CA24	FreeBit
F4CAE5	Freebox
F4CAE7	Arcadyan
F4CB52	Huawei
F4CBE7	Apple
F4CC55	Juniper
F4CD90	Vispiron Rotec
F4CE23	Intel
F4CE36	Nordic Semiconductor ASA
F4CE46	HP
F4CE48	Extreme Networks
F4CFA2	Espressif
F4CFE2	Cisco
F4D032	Yunnan Ideal Information&Technology
F4D0A7	Zhejiang Weilai Jingling Artificial Intelligence
F4D108	Intel
F4D261	Semocon
F4D454	Shenzhen Skyworth Digital
F4D488	Apple
F4D580	Yamaha
F4D58A	Palo Alto Networks
F4D620	OPPO
F4D7B2	LGS Innovations
F4D7E4	Realme Chongqing Mobile Telecommunications
F4D9C6	Union MAN
F4D9FB	Samsung
F4DBE3	Apple
F4DBE6	Cisco
F4DC41	Youngzone Culture (shanghai)
F4DC4D	Beijing CCD Digital
F4DCA5	Dawon DNS
F4DCDA	Zhuhai Jiahe Communication
F4DCF9	Huawei
F4DD06	Samsung
F4DD9E	GoPro
F4DE0C	ESPOD
F4DEAF	Huawei
F4E11E	Texas Instruments
F4E142	Delta Elektronika
F4E1FC	HPE
F4E204	Coyote System
F4E25D	AltoBeam
F4E2C6	Ubiquiti
F4E3FB	Huawei
F4E451	Huawei
F4E4AD	ZTE
F4E4D7	Fujian Star-net Communication
F4E578	LLC Proizvodstvennaya Kompania "TransService"
F4E5F2	Huawei
F4E6D7	Solar Power
F4E84F	ZTE
F4E8C7	Apple
F4E926	Tianjin Zanpu
F4E975	New H3C
F4E9D4	QLogic
F4EA67	Cisco
F4EAB5	Extreme Networks
F4EB38	Sagemcom
F4EB9F	Ellu Company 2019 SL
F4EC38	TP-Link
F4ED37	Qingdao Yuze lntelligent
F4ED5F	Shenzhen KTC
F4EE08	Dell
F4EE14	Mercury Communication
F4EE31	Cisco
F4EF9E	Sgsg Science
F4F15A	Apple
F4F197	Emtake
F4F19E	Wistron InforComm (Zhongshan)
F4F1E1	Motorola
F4F26D	TP-Link
F4F28A	Huawei
F4F309	Samsung
F4F3AA	JBL
F4F50B	TP-Link
F4F524	Motorola
F4F5A5	Nokia
F4F5D8	Google
F4F5DB	Xiaomi
F4F5E8	Google
F4F646	Dediprog
F4F647	ZTE
F4F70C	Avang - neterbit
F4F91E	Ingram Micro Services
F4F951	Apple
F4FBB8	Huawei
F4FBF5	EM Microelectronic
F4FC32	Texas Instruments
F4FC49	ZTE
F4FCB1	JJ
F4FD2B	ZOYI
F4FE3E	Apple
F4FEFB	Samsung
F8009D	Intracom Defense
F800A1	Huawei
F80113	Huawei
F801B4	LG
F80332	Khomp
F80377	Apple
F8042E	Samsung
F8051C	DRS Imaging and Targeting Solutions
F80584	EM Microelectronic
F8075D	Huawei
F8084F	Sagemcom
F809A4	Henan Thinker Rail Transportation Research
F80BBE	CommScope
F80BCB	Cisco
F80BD0	Datang Telecom communication terminal (Tianjin)
F80C58	Taicang T&W
F80C9A	OPPO
F80CF3	LG
F80D43	Foxconn
F80D4B	Nextracker
F80D60	CANON
F80DA9	Zyxel
F80DAC	HP
F80DEA	ZyCast
F80DF0	ZTE
F80DF1	Sontex
F80F41	Wistron Infocomm (Zhongshan)
F80F6F	Cisco
F80F84	Natural Security
F80FF9	Google
F81037	ENTOUCH Controls
F81093	Apple
F810A0	Xtreme Testek
F81308	Nokia
F814DD	Cisco
F814FE	Union MAN
F81547	Avaya
F815E0	Siemens Canada
F8160C	Shenzhen iComm Semiconductor
F81654	Intel
F8172D	Tuya Smart
F81897	2Wire
F81A2B	Google
F81A67	TP-Link
F81B04	Zhong Shan City Richsound Electronic Industrial
F81B2E	G
F81CE5	Telefonbau Behnke
F81D0F	Hitron
F81D90	Solidwintech
F81D93	Longdhua(Beijing) Controls
F81E49	Apple
F81E6F	EBG compleo
F81EDF	Apple
F81F32	Motorola
F82055	Green Information System
F82097	Aditya Infotech
F820A9	Huawei
F820D2	Vantiva USA
F82111	HMD Global
F82229	Nokia
F82285	Cypress
F82387	Shenzhen Horn Audio
F823B2	Huawei
F82441	Yeelink
F824DB	EntryPoint Networks
F824E4	Beyonics Technology Electronic (Changshu)
F82551	Epson
F8272E	Mercku
F82793	Apple
F82819	Liteon
F828C9	Huawei
F8293A	Huawei
F82980	Dongguan Ruilian Xiangtong
F829C0	Availink
F82A53	GD Midea Air-Conditioning Equipment
F82AE2	Apple
F82B7F	Huawei
F82BC8	Jiangsu Switter
F82C18	2Wire
F82D7C	Apple
F82DC0	CommScope
F82E0C	Texas Instruments
F82E3F	Huawei
F82E8E	Nanjing Kechen Electric
F82EDB	RTW
F82F08	Molex CMS
F82F5B	eGauge
F82F65	Huawei
F82F6A	Itel Mobile
F82FA8	Foxconn
F83002	Texas Instruments
F83094	Alcatel-Lucent Telecom
F83125	Xiamen uink
F8313E	endeavour
F832BA	VusionGroup
F832E4	ASUS
F83331	Texas Instruments
F83376	Good Mind Innovation
F83441	Intel
F83451	Comcast-SRL
F8345A	Hitron
F834E5	vivo
F83553	Magenta Research
F835DD	Gemtek
F8369B	Texas Instruments
F83869	LG
F83880	Apple
F8388D	New H3C
F83918	Cisco
F83B1D	Vantiva USA
F83B7E	Huawei
F83C44	Shenzhen Transchan
F83C80	Mitsumi Electric
F83CBF	Botato Electronics SDN BHD
F83D4E	Softlink Automation System
F83DC6	AzureWave
F83DFF	Huawei
F83E95	Huawei
F83EB0	Arcadyan
F83F51	Samsung
F84068	SZ DJI Ronin
F84288	Apple
F842FB	Yasuda Joho
F843EE	Espressif
F843EF	Xiaomi
F84477	Silicon Laboratories
F844E3	Taicang T&W
F845AD	Konka
F845C4	Shenzhen Netforward Micro-Electronic
F8461C	Sony
F8462D	SYNTEC Incorporation
F8472D	X2gen Digital
F847E3	Shenzhen Skyworth Digital
F84897	Hitachi
F848FD	China Mobile Group Device
F84A73	Eumtech
F84A7F	Innometriks
F84ABF	Huawei
F84CDA	Huawei
F84D33	Fiberhome Telecommunication
F84D89	Apple
F84D8B	ecamtek
F84DFC	Hangzhou Hikvision Digital
F84E17	Sony
F84E58	Samsung
F84E73	Apple
F84F57	Cisco
F84FAD	Hui Zhou Gaoshengda
F8501C	Tianjin Geneuo
F85063	Verathon
F85128	SimpliSafe
F8516D	Denwa
F852DF	VNL Europe
F85329	Huawei
F85333	Tashang Semiconductor(Shanghai)
F854AF	ECI Telecom
F854B8	Amazon
F854F6	AzureWave
F85548	Texas Instruments
F8554B	Eagle Wireless Engineering Centre SDN BHD
F855CD	Visteon
F856C3	ZTE
F8572E	Core Brands
F85971	Intel
F85A00	Sanford LP
F85B1B	Espressif
F85B3B	Askey Computer
F85B6E	Samsung
F85B9B	iMercury
F85B9C	SB
F85BC9	M-Cube
F85C24	Sonos
F85C45	IC Nexus
F85C4D	Nokia
F85C7D	Shenzhen Honesty
F85C7E	Shenzhen Honesty
F85E0B	Realme Chongqing Mobile Telecommunications
F85E3C	Shenzhen Zhibotong
F85E42	Vantiva USA
F85EA0	Intel
F85F2A	Nokia
F860F0	HPE
F86214	Apple
F8622A	eero
F862AA	xn
F8633F	Intel
F86347	Sichuan AI-Link
F863D9	CommScope
F86465	Anova Applied
F864B8	ZTE
F86601	Suzhou Chi-tek information
F8665A	Apple
F86691	Sichuan Tianyi Comheart Telecom
F866D1	Foxconn
F866F2	Cisco
F868FF	Cisco
F86971	Seibu Electric
F86B14	Barrot
F86BD9	Cisco
F86BFA	Infinix mobility
F86C03	Shenzhen Teleone
F86CE1	Taicang T&W
F86D73	Zengge
F86DCC	WNC
F86ECF	Arcx
F86EEE	Huawei
F86FB0	TP-Link
F86FC1	Apple
F86FDE	Shenzhen Goodix
F8710C	Xiaomi
F871A6	Apple
F871FE	The Goldman Sachs
F872EA	Cisco
F8731A	ZTE
F87394	Netgear
F873A2	Avaya
F873DF	Apple
F87588	Huawei
F875A4	LCFC(Hefei)
F8769B	Neopis
F877B8	Samsung
F87907	Huawei
F8790A	CommScope
F87928	ZTE
F87999	Guangdong Jiuzhi
F87A41	Cisco
F87AEF	Rosonix
F87B20	Cisco
F87B62	FASTWEL INTERNATIONAL CO., LTD. Taiwan Branch
F87B7A	CommScope
F87B8C	Amped Wireless
F87BE0	Funtime Pickleball
F87D3F	Huawei
F87D76	Apple
F87FA5	Greatek
F88096	Elsys Equipamentos Eletrônicos Ltda
F8811A	Overkiz
F88200	CaptionCall
F8828A	Qingdao Haier
F88306	Xiaomi
F88475	i5LED
F88479	Yaojin Technology(Shenzhen)Co
F884F2	Samsung
F885F9	Calix
F887F1	Apple
F8893C	Inventec Appliances
F889D2	Cloud Network Technology Singapore PTE
F88A5E	Texas Instruments
F88B37	CommScope
F88C1C	Kaishun Electronic Technology Co., Ltd. Beijing
F88C21	TP-Link
F88DEF	Tenebraex
F88E85	Comtrend
F88EA1	Edgecore Networks
F88F07	Samsung
F88FC8	Chipsea Technologies (Shenzhen)
F88FCA	Google
F89066	Nain
F8912A	GLP German Light Products
F8916F	Texas Instruments
F89173	AEDLE
F891F5	Dingtian
F893F3	Volans
F89497	Buffalo
F894C2	Intel
F89522	Huawei
F89550	Proton Products Chengdu
F895C7	LG
F895EA	Apple
F896FE	LG
F89725	Opple Lighting
F89753	Huawei
F897A9	Ericsson
F897B0	Goki
F897CF	Daeshin-information
F8983A	Leeman International (HongKong)
F898B9	Huawei
F898EF	Huawei
F89910	Integrated Device Technology (Malaysia) Sdn. Bhd
F89955	Fortress
F89A25	Huawei
F89A78	Huawei
F89B6E	Nokia
F89D0D	Control
F89D9D	Shenzhen MinewSemi
F89DBB	Tintri
F89E28	Cisco Meraki
F89E94	Intel
F89FB8	YAZAKI Energy System
F8A03D	Dinstar
F8A097	CommScope
F8A188	LED Roadway Lighting
F8A26D	CANON
F8A2B4	RHEWA-WAAGENFABRIK August Freudewald GmbH &amp;Co
F8A2D6	Liteon
F8A34F	ZTE
F8A45F	Xiaomi
F8A475	PT Indoreka Jaya Wutama
F8A4FB	Nanjing Decowell Automation
F8A5C5	Cisco
F8A5E6	Magicyo
F8A73A	Cisco
F8A763	Zhejiang Tmall
F8A91F	Zvision
F8A963	Compal Information (kunshan)
F8A986	Microsoft
F8A9D0	LG
F8A9DE	Puissance Plus
F8AA3F	DWnet Technologies(Suzhou)
F8AA8A	Axview Technology (Shenzhen)
F8AAB3	DESSMANN (China) Machinery & Electronic
F8AB05	Sagemcom
F8AB82	Xiaomi
F8ABE5	shenzhen worldelite
F8AC65	Intel
F8AC6D	Deltenna
F8ACC1	InnoXings
F8AD24	Realme Chongqing Mobile Telecommunications
F8ADCB	HMD Global
F8AE27	John Deere Electronic Solutions
F8AF05	Huawei
F8AFDB	Fiberhome Telecommunication
F8B132	Huawei
F8B156	Dell
F8B1DD	Apple
F8B22C	Roku
F8B2F3	Guangzhou Bosma
F8B3B7	Espressif
F8B46A	HP
F8B54D	Intel
F8B599	Guangzhou CHNAVS Digital
F8B797	NEC Platforms
F8B7E2	Cisco
F8B8B4	Shenzhen Skyworth Digital
F8B95A	LG
F8BA98	Huaqin
F8BAE6	Nokia
F8BBBF	eero
F8BC0E	eero
F8BC12	Dell
F8BC41	Rosslare Enterprises
F8BE0D	A2uict
F8BF09	Huawei
F8C001	Juniper
F8C091	Highgates
F8C116	Juniper
F8C120	Xi'an Link-Science
F8C249	Ampere Computing
F8C288	Cisco
F8C362	Silicon Laboratories
F8C372	Tsuzuki Denki
F8C397	NZXT
F8C39E	Huawei
F8C3CC	Apple
F8C3F1	Raytron Photonics
F8C4AE	OPPO
F8C4F3	Shanghai Infinity Wireless
F8C4FA	OPPO
F8C650	Cisco
F8C678	Carefusion
F8C903	TP-Link
F8C96C	Fiberhome Telecommunication
F8CA59	NetComm Wireless
F8CA85	NEC
F8CAB8	Dell
F8CB15	Apple
F8CC6E	DEPO
F8CDC8	Sichuan Tianyi Comheart Telecom
F8CE07	Zhejiang Dahua Technologyco
F8CE21	TP-Link
F8CE72	Wistron
F8CF52	Intel
F8CFC5	Motorola
F8D00E	Vantiva USA
F8D027	Epson
F8D0AC	Sony
F8D0BD	Samsung
F8D0C5	Sector Alarm Tech S.L
F8D111	TP-Link
F8D2AC	Vantiva USA
F8D3A9	AXAN Networks
F8D3F0	Apple
F8D462	Pumatronix Equipamentos Eletronicos Ltda
F8D478	Flextronics Tech.(Ind) Pvt
F8D554	GD Midea Air-Conditioning Equipment
F8D756	Simm Tronic
F8D758	Veratron
F8D7BF	REV Ritter
F8D811	Quectel Wireless Solutions
F8D9B8	Open Mesh
F8DA0C	Foxconn
F8DADF	EcoTech
F8DAE2	NDC
F8DAF4	Taishan Online
F8DB4C	PNY
F8DB7F	HTC
F8DB88	Dell
F8DC7A	Variscite
F8DE73	Huawei
F8DF15	Sunitec Enterprise
F8DFA8	ZTE
F8DFE1	MyLight
F8E000	Fuji Electric
F8E079	Motorola
F8E252	Apple
F8E35F	Sichuan Tianyi Comheart Telecom
F8E43B	ASIX
F8E44E	MCOT
F8E4A4	Fiberhome Telecommunication
F8E4E3	Intel
F8E4FB	Actiontec
F8E57E	Cisco
F8E5CE	Apple
F8E5CF	CGI IT UK
F8E61A	Samsung
F8E71E	Ruckus
F8E73C	Ufispace
F8E7A0	vivo
F8E7B5	µTech Tecnologia LTDA
F8E811	Huawei
F8E877	Harman/Becker Automotive
F8E903	D-Link
F8E94E	Apple
F8E94F	Cisco
F8E968	Egker Kft
F8EA0A	Dipl.-Math. Michael Rauch
F8ECFE	Owl Home
F8EDA5	CommScope
F8EDAE	Mobiwire Mobiles(ningbo)
F8EDFC	HP
F8EF5D	Motorola
F8EFB1	Hangzhou Zhongxinghui Intelligent
F8F005	Newport Media
F8F014	RackWare
F8F082	Nagtech
F8F09D	Hangzhou Prevail Communication
F8F0C5	Suzhou Kuhan Information
F8F1B6	Motorola
F8F1E6	Samsung
F8F21E	Intel
F8F25A	G-Lab
F8F295	Annapurna labs
F8F2F0	Chipsea Technologies (Shenzhen) Crop
F8F3D3	Shenzhen Gotron electronic
F8F464	Rawe Electonic
F8F519	Rulogic
F8F532	CommScope
F8F58C	Apple
F8F6B7	Shenzhen Bilian Electronic Co.，ltd
F8F7B9	Huawei
F8F7D2	Equal Optics
F8F7D3	International Communications
F8F7FF	Syn-tech
F8FB2F	Santur
F8FB90	Texas Instruments
F8FCE1	Amazon
F8FE5C	Reciprocal Labs
F8FE5E	Intel
F8FEA8	Technico Japan
F8FF0B	Electronic
F8FF5F	Shenzhen Communication
F8FFC2	Apple
FC0012	Samsung
FC012C	Espressif
FC017C	Foxconn
FC019E	VIEVU
FC01CD	Fundacion Tekniker
FC0296	Xiaomi
FC039F	Samsung
FC041C	OPPO
FC0647	Cortland Research
FC068C	Shenzhen Micipc
FC06ED	M2Motive
FC0736	Huawei
FC07A0	LRE Medical
FC07CD	Realme Chongqing Mobile Telecommunications
FC084A	Fujitsu
FC0877	Prentke Romich
FC09D8	Acteon
FC09F6	Guangdong Tonze Electric
FC0A81	Extreme Networks
FC0C45	Shenzhen SuperElectron
FC0F4B	Texas Instruments
FC0F76	Amazon
FC0FE6	Sony
FC0FE7	Microchip
FC101A	Palo Alto Networks
FC10BD	Control Sistematizado
FC10C6	Taicang T&W
FC1119	Silicon Laboratories
FC1165	Cambium Networks
FC1186	Logic3
FC1193	Huawei
FC122C	Huawei
FC1263	Askey Computer
FC1349	Global Apps
FC13F0	Bouffalo Lab (Nanjing)
FC1499	Aimore Acoustics Incorporation
FC15B4	HP
FC1607	Taian Technology(Wuxi)
FC1794	InterCreative
FC1803	Huawei
FC183C	Apple
FC186B	Dot Origin
FC1910	Samsung
FC1928	Actions Microelectronics
FC1999	Xiaomi
FC19D0	Cloud Vision Networks
FC1A11	vivo
FC1A46	Samsung
FC1BD1	Huawei
FC1BFF	V-ZUG
FC1CA1	Nokia
FC1CE6	PSG Germany
FC1D2A	vivo
FC1D3A	Huawei
FC1D43	Apple
FC1D59	I Smart Cities HK
FC1D84	Autobase
FC1E16	IPEVO
FC1F19	Samsung
FC1FC0	Eurecam
FC2120	Cisco
FC221C	Shenzhen Xunman
FC229C	Han Kyung I Net
FC22D3	FDSYS
FC22F4	Zyxel
FC2325	EosTek (Shenzhen)
FC23CD	Shenzhen Bilian Electronic Co.，ltd
FC2422	Hangzhou Ezviz Software
FC253F	Apple
FC2640	Huawei
FC268C	Signify
FC27A2	Trans Electric
FC29E3	Infinix mobility
FC29F3	McPay
FC2A46	Realme Chongqing Mobile Telecommunications
FC2A54	Connected Data
FC2A9C	Apple
FC2BB2	Actiontec
FC2CFD	dormakaba Canada Inc. - Keyscan
FC2D5E	ZTE
FC2E19	China Mobile Group Device
FC2E2D	Lorom Industrial
FC2F40	Calxeda
FC2F6B	Everspin
FC2FAA	Nokia
FC2FEF	UTT
FC315D	Apple
FC3288	CELOT Wireless
FC3342	Juniper
FC3357	Kaga FEI
FC335F	Polyera
FC3497	ASUS
FC34E2	Shenzhen YOUHUA
FC3598	Favite
FC35E6	Visteon
FC372B	Sichuan Tianyi Comheart Telecom
FC376D	Shenzhen Bilian Electronic Co.，ltd
FC386A	Shenzhen Skyworth Digital
FC3876	Forum Communication
FC3882	Infinix mobility
FC38C4	China Grand Communications
FC395A	SonicWall
FC3964	Itel Mobile
FC3CD7	Tuya Smart
FC3CE9	Tsingtong
FC3D73	eero
FC3D93	Longcheer Telecommunication
FC3D98	Accton
FC3DA5	Arcadyan
FC3F7C	Huawei
FC3FA6	eero
FC3FAB	Henan Lanxin
FC3FDB	HP
FC3FFC	Tozed Kangwei
FC4009	ZTE
FC4116	Google
FC4203	Samsung
FC4265	Zhejiang Tmall
FC4345	Xiaomi
FC4463	Universal Audio
FC4482	Intel
FC4499	Swarco LEA d.o.o
FC449F	ZTE
FC455F	Jiangxi Shanshui Optoelectronic
FC4596	Compal Information (kunshan)
FC45C3	Texas Instruments
FC478D	Shenzhen Topwell
FC47D8	Apple
FC48C9	Yobiiq Intelligence
FC48EF	Huawei
FC492D	Amazon
FC4A47	Nokia
FC4AE9	Castlenet
FC4B1C	Intersensor
FC4B57	Peerless Instrument Division of Curtiss-Wright
FC4BBC	Sunplus
FC4CEA	Dell
FC4CEF	Huawei
FC4D6A	Silicon Laboratories
FC4D8C	Shenzhen Pante
FC4DA6	Huawei
FC4DD4	Universal Global Scientific Industrial
FC4E6D	Huawei
FC4EA4	Apple
FC500C	Sitehop
FC5090	SIMEX Sp. z o.o
FC50D6	Huawei
FC51A4	CommScope
FC51B5	Huawei
FC528D	Vantiva USA
FC52CE	Control iD
FC539E	Shanghai Wind
FC5557	Apple
FC55DC	Baltic Latvian Universal
FC5703	Hisense broadband multimedia
FC5708	Broadcom
FC584A	xiamenshi c-chip
FC589A	Cisco
FC58DF	Interphone Service
FC58FA	Shen Zhen Shi Xin Zhong Xin
FC597A	Zebra
FC599F	Ruijie Networks
FC59C0	Arista Networks
FC5A1D	Hitron
FC5ADC	Keenetic
FC5B24	Weibel Scientific
FC5B26	MikroBits
FC5B39	Cisco
FC5B8C	Xiaomi
FC5C45	Ruckus
FC5CEE	LCFC(Hefei)
FC5F49	Zhejiang Dahua
FC6018	Zhejiang Kangtai Electric
FC609B	New H3C
FC6198	NEC Personal Products
FC61E9	Fiberhome Telecommunication
FC626E	Beijing MDC Telecom
FC626F	Fortx
FC62B9	Alpsalpine
FC643A	Samsung
FC64BA	Xiaomi
FC65B3	Huawei
FC65DE	Amazon
FC6637	Sagemcom
FC66CF	Apple
FC671F	Tuya Smart
FC683E	Directed Perception
FC6947	Texas Instruments
FC698C	Andreas Stihl
FC6A1C	Mellanox
FC6BF0	Topwell International Holdinds
FC6C31	LXinstruments
FC6D77	Intel
FC6DC0	BME
FC6DD1	Apresia
FC6E83	Samsung
FC6FB7	CommScope
FC702E	Sichuan AI-Link
FC71FA	Trane
FC7288	Cisco
FC73FB	Huawei
FC7516	D-Link
FC75E6	Handreamnet
FC7692	Semptian
FC7774	Intel
FC777B	Hitron
FC790B	Hitachi High Technologies America
FC79DD	Huawei
FC7A58	Shenzhen Skyworth Digital
FC7C02	Phicomm (Shanghai)
FC7CE7	FCI USA
FC7D6C	Hyesung Techwin
FC7F56	CoSyst Control
FC7FF1	HPE
FC8329	Trei technics
FC8399	Avaya
FC83C6	N-Radio
FC8417	Honor
FC84A7	Murata
FC8596	Axonne
FC862A	Huawei
FC8743	Huawei
FC8827	Apple
FC8A3D	ZTE
FC8AF7	ZTE
FC8B1F	GUTOR Electronic
FC8B97	Shenzhen Gongjin Electronics Co.,lt
FC8C11	Microsoft
FC8D13	Fujian Star-net Communication
FC8D3D	Leapfive
FC8E5B	China Mobile Iot
FC8E6E	StreamCCTV
FC8E7E	CommScope
FC8F7D	Shenzhen Gongjin Electronics Co.,lt
FC8F90	Samsung
FC8FA4	NXP Semiconductors Taiwan
FC8FC4	Intelligent
FC90FA	Independent
FC9114	Vantiva USA
FC915D	Google
FC9189	Sichuan Tianyi Comheart Telecom
FC923B	Nokia
FC9257	Renesas Electronics (Penang) Sdn. Bhd
FC931D	Huawei
FC934E	Realtek
FC936B	Samsung
FC942E	Cisco Meraki
FC9435	Huawei
FC946C	Ubivelox
FC94CE	ZTE
FC94E3	Vantiva USA
FC956A	Octagon
FC963E	EM Microelectronic
FC9643	Juniper
FC97A8	Cricut
FC9816	Alpsalpine
FC9947	Cisco
FC9AFA	Motus Global
FC9BC6	Sumavision
FC9BD4	EdgeQ
FC9C98	Arlo
FC9CA7	Apple
FC9D05	Micro-Star INTL
FC9DD2	Apple
FC9DD8	Beijing TongTongYiLian Science and
FC9E53	Intel
FC9F2A	Zyxel
FC9FAE	Fidus
FC9FE1	Conwin
FC9FFD	Hangzhou Hikvision Digital
FCA05A	Oray.com
FCA0F3	Huawei
FCA13E	Samsung
FCA183	Amazon
FCA22A	PT. Callysta Multi Engineering
FCA27E	Huawei
FCA386	Shenzhen Chuangwei-rgb
FCA5C8	Apple
FCA5D0	OPPO
FCA621	Samsung
FCA64C	Alibaba cloud computing
FCA667	Amazon
FCA6CD	Fiberhome Telecommunication
FCA841	Avaya
FCA84A	Sentinum
FCA89A	Sunitec Enterprise
FCA89B	Texas Instruments
FCA8E0	THE Furukawa Electric
FCA9B0	Miartech (shanghai)
FCA9DC	Renesas Electronics (Penang) Sdn. Bhd
FCA9F5	Xiaomi
FCAA14	Giga-byte
FCAA81	Apple
FCAAB6	Samsung
FCAB90	Huawei
FCABD0	vivo
FCABF5	ZTE
FCAD0F	QTS Networks
FCAE2B	Titan Products
FCAE34	CommScope
FCAF6A	Qulsar
FCAFAC	Socionext
FCAFBE	TireCheck
FCB0C4	Shanghai DareGlobal
FCB0DE	Cloud Network Technology Singapore PTE
FCB10D	Shenzhen Tian Kun
FCB214	Apple
FCB2D6	CIG Shanghai
FCB387	Leapmotor (Jinhua) New Energy Vehicle Parts
FCB3AA	Intel
FCB3BC	Intel
FCB467	Espressif
FCB4E6	Askey Computer
FCB577	Cortex Security
FCB585	Shenzhen Water World Information
FCB58A	Wapice
FCB662	IC
FCB698	Cambridge Industries(Group)
FCB69D	Zhejiang Dahua
FCB6D8	Apple
FCB7F0	Idaho National Laboratory
FCB948	McScience
FCB97E	GE Appliances
FCB9DF	Motorola
FCBBA1	Shenzhen Minicreate
FCBC0E	Zhejiang Cainiao Supply Chain Management
FCBC9C	Vimar
FCBCD1	Huawei
FCBD67	Arista Networks
FCBE7B	vivo
FCC0CC	Yunke China Information
FCC17D	Xiaomi
FCC233	ASUS
FCC23D	Atmel
FCC2DE	Murata
FCC2E5	Holowits
FCC734	Samsung
FCC737	Shaanxi Gangsion Electronic
FCC766	Huawei
FCC897	ZTE
FCCA10	Mercusys
FCCA40	Sony
FCCAC4	LifeHealth
FCCCE4	Ascon
FCCF43	Huizhou City Huiyang District Meisiqi Industry Development
FCCF62	IBM
FCCF9F	EM Microelectronic
FCD202	Realme Chongqing Mobile Telecommunications
FCD290	SKY UK
FCD436	Motorola
FCD4F2	The Coca Cola
FCD4F6	Messana Air.Ray Conditioning
FCD586	Shenzhen SuperElectron
FCD5D9	Shenzhen SDMC
FCD6BD	Robert Bosch
FCD733	TP-Link
FCD749	Amazon
FCD817	Beijing Hesun
FCD848	Apple
FCD908	Xiaomi
FCD96B	Realme Chongqing Mobile Telecommunications
FCDB21	Samsara Networks
FCDB96	Enervalley
FCDBB3	Murata
FCDC4A	G-Wearables
FCDD55	Shenzhen WeWins wireless
FCDE90	Samsung
FCDEC5	Texas Instruments
FCDF00	GD Midea Air-Conditioning Equipment
FCE14F	BRK Brands
FCE186	A3M
FCE192	Sichuan Jinwangtong Electronic Science&Technology
FCE1A6	Huawei
FCE1D9	Stable Imaging Solutions
FCE1FB	Array Networks
FCE23F	Clay Paky
FCE26C	Apple
FCE33C	Huawei
FCE33D	Cloud Network Technology Singapore PTE
FCE421	zhejiang Dusun Electron
FCE557	Nokia
FCE5F0	Samsung
FCE66A	Industrial Software
FCE6C6	China Mobile Group Device
FCE806	Edifier
FCE892	Hangzhou Lancable
FCE8C0	Espressif
FCE998	Apple
FCE9D8	Amazon
FCEA50	Integrated Device Technology (Malaysia) Sdn. Bhd
FCEB7B	Huawei
FCECDA	Ubiquiti
FCEDB9	Arrayent
FCEEE6	Formike Electronic
FCEFD7	Huawei
FCF136	Samsung
FCF152	Sony
FCF1CD	Optex-fa
FCF29F	China Mobile Iot
FCF528	Zyxel
FCF5C4	Espressif
FCF647	Fiberhome Telecommunication
FCF738	Huawei
FCF763	KunGao Micro (JiangSu)
FCF77B	Huawei
FCF861	Harman/Becker Automotive
FCF8AE	Intel
FCF8B7	TRONTEQ Electronic
FCFA21	ZTE
FCFAF7	Shanghai Baud Data Communication
FCFBFB	Cisco
FCFC48	Apple
FCFD71	AltoBeam
FCFE77	Hitachi Reftechno
FCFEC2	Invensys Controls UK
